-- MySQL dump 10.13  Distrib 8.0.12, for macos10.13 (x86_64)
--
-- Host: localhost    Database: hospital_data
-- ------------------------------------------------------
-- Server version	8.0.12

/*!40101 SET @OLD_CHARACTER_SET_CLIENT=@@CHARACTER_SET_CLIENT */;
/*!40101 SET @OLD_CHARACTER_SET_RESULTS=@@CHARACTER_SET_RESULTS */;
/*!40101 SET @OLD_COLLATION_CONNECTION=@@COLLATION_CONNECTION */;
 SET NAMES utf8mb4 ;
/*!40103 SET @OLD_TIME_ZONE=@@TIME_ZONE */;
/*!40103 SET TIME_ZONE='+00:00' */;
/*!40014 SET @OLD_UNIQUE_CHECKS=@@UNIQUE_CHECKS, UNIQUE_CHECKS=0 */;
/*!40014 SET @OLD_FOREIGN_KEY_CHECKS=@@FOREIGN_KEY_CHECKS, FOREIGN_KEY_CHECKS=0 */;
/*!40101 SET @OLD_SQL_MODE=@@SQL_MODE, SQL_MODE='NO_AUTO_VALUE_ON_ZERO' */;
/*!40111 SET @OLD_SQL_NOTES=@@SQL_NOTES, SQL_NOTES=0 */;

--
-- Current Database: `hospital_data`
--

CREATE DATABASE /*!32312 IF NOT EXISTS*/ `hospital_data` /*!40100 DEFAULT CHARACTER SET utf8mb4 COLLATE utf8mb4_0900_ai_ci */;

USE `hospital_data`;

--
-- Table structure for table `account_emailaddress`
--

DROP TABLE IF EXISTS `account_emailaddress`;
/*!40101 SET @saved_cs_client     = @@character_set_client */;
 SET character_set_client = utf8mb4 ;
CREATE TABLE `account_emailaddress` (
  `id` int(11) NOT NULL AUTO_INCREMENT,
  `email` varchar(254) NOT NULL,
  `verified` tinyint(1) NOT NULL,
  `primary` tinyint(1) NOT NULL,
  `user_id` int(11) NOT NULL,
  PRIMARY KEY (`id`),
  UNIQUE KEY `email` (`email`),
  KEY `account_emailaddress_user_id_2c513194_fk_auth_user_id` (`user_id`),
  CONSTRAINT `account_emailaddress_user_id_2c513194_fk_auth_user_id` FOREIGN KEY (`user_id`) REFERENCES `auth_user` (`id`)
) ENGINE=InnoDB DEFAULT CHARSET=utf8mb4 COLLATE=utf8mb4_0900_ai_ci;
/*!40101 SET character_set_client = @saved_cs_client */;

--
-- Dumping data for table `account_emailaddress`
--

LOCK TABLES `account_emailaddress` WRITE;
/*!40000 ALTER TABLE `account_emailaddress` DISABLE KEYS */;
/*!40000 ALTER TABLE `account_emailaddress` ENABLE KEYS */;
UNLOCK TABLES;

--
-- Table structure for table `account_emailconfirmation`
--

DROP TABLE IF EXISTS `account_emailconfirmation`;
/*!40101 SET @saved_cs_client     = @@character_set_client */;
 SET character_set_client = utf8mb4 ;
CREATE TABLE `account_emailconfirmation` (
  `id` int(11) NOT NULL AUTO_INCREMENT,
  `created` datetime(6) NOT NULL,
  `sent` datetime(6) DEFAULT NULL,
  `key` varchar(64) NOT NULL,
  `email_address_id` int(11) NOT NULL,
  PRIMARY KEY (`id`),
  UNIQUE KEY `key` (`key`),
  KEY `account_emailconfirm_email_address_id_5b7f8c58_fk_account_e` (`email_address_id`),
  CONSTRAINT `account_emailconfirm_email_address_id_5b7f8c58_fk_account_e` FOREIGN KEY (`email_address_id`) REFERENCES `account_emailaddress` (`id`)
) ENGINE=InnoDB DEFAULT CHARSET=utf8mb4 COLLATE=utf8mb4_0900_ai_ci;
/*!40101 SET character_set_client = @saved_cs_client */;

--
-- Dumping data for table `account_emailconfirmation`
--

LOCK TABLES `account_emailconfirmation` WRITE;
/*!40000 ALTER TABLE `account_emailconfirmation` DISABLE KEYS */;
/*!40000 ALTER TABLE `account_emailconfirmation` ENABLE KEYS */;
UNLOCK TABLES;

--
-- Table structure for table `auth_group`
--

DROP TABLE IF EXISTS `auth_group`;
/*!40101 SET @saved_cs_client     = @@character_set_client */;
 SET character_set_client = utf8mb4 ;
CREATE TABLE `auth_group` (
  `id` int(11) NOT NULL AUTO_INCREMENT,
  `name` varchar(80) NOT NULL,
  PRIMARY KEY (`id`),
  UNIQUE KEY `name` (`name`)
) ENGINE=InnoDB DEFAULT CHARSET=utf8mb4 COLLATE=utf8mb4_0900_ai_ci;
/*!40101 SET character_set_client = @saved_cs_client */;

--
-- Dumping data for table `auth_group`
--

LOCK TABLES `auth_group` WRITE;
/*!40000 ALTER TABLE `auth_group` DISABLE KEYS */;
/*!40000 ALTER TABLE `auth_group` ENABLE KEYS */;
UNLOCK TABLES;

--
-- Table structure for table `auth_group_permissions`
--

DROP TABLE IF EXISTS `auth_group_permissions`;
/*!40101 SET @saved_cs_client     = @@character_set_client */;
 SET character_set_client = utf8mb4 ;
CREATE TABLE `auth_group_permissions` (
  `id` int(11) NOT NULL AUTO_INCREMENT,
  `group_id` int(11) NOT NULL,
  `permission_id` int(11) NOT NULL,
  PRIMARY KEY (`id`),
  UNIQUE KEY `auth_group_permissions_group_id_permission_id_0cd325b0_uniq` (`group_id`,`permission_id`),
  KEY `auth_group_permissio_permission_id_84c5c92e_fk_auth_perm` (`permission_id`),
  CONSTRAINT `auth_group_permissio_permission_id_84c5c92e_fk_auth_perm` FOREIGN KEY (`permission_id`) REFERENCES `auth_permission` (`id`),
  CONSTRAINT `auth_group_permissions_group_id_b120cbf9_fk_auth_group_id` FOREIGN KEY (`group_id`) REFERENCES `auth_group` (`id`)
) ENGINE=InnoDB DEFAULT CHARSET=utf8mb4 COLLATE=utf8mb4_0900_ai_ci;
/*!40101 SET character_set_client = @saved_cs_client */;

--
-- Dumping data for table `auth_group_permissions`
--

LOCK TABLES `auth_group_permissions` WRITE;
/*!40000 ALTER TABLE `auth_group_permissions` DISABLE KEYS */;
/*!40000 ALTER TABLE `auth_group_permissions` ENABLE KEYS */;
UNLOCK TABLES;

--
-- Table structure for table `auth_permission`
--

DROP TABLE IF EXISTS `auth_permission`;
/*!40101 SET @saved_cs_client     = @@character_set_client */;
 SET character_set_client = utf8mb4 ;
CREATE TABLE `auth_permission` (
  `id` int(11) NOT NULL AUTO_INCREMENT,
  `name` varchar(255) NOT NULL,
  `content_type_id` int(11) NOT NULL,
  `codename` varchar(100) NOT NULL,
  PRIMARY KEY (`id`),
  UNIQUE KEY `auth_permission_content_type_id_codename_01ab375a_uniq` (`content_type_id`,`codename`),
  CONSTRAINT `auth_permission_content_type_id_2f476e4b_fk_django_co` FOREIGN KEY (`content_type_id`) REFERENCES `django_content_type` (`id`)
) ENGINE=InnoDB AUTO_INCREMENT=73 DEFAULT CHARSET=utf8mb4 COLLATE=utf8mb4_0900_ai_ci;
/*!40101 SET character_set_client = @saved_cs_client */;

--
-- Dumping data for table `auth_permission`
--

LOCK TABLES `auth_permission` WRITE;
/*!40000 ALTER TABLE `auth_permission` DISABLE KEYS */;
INSERT INTO `auth_permission` VALUES (1,'Can add log entry',1,'add_logentry'),(2,'Can change log entry',1,'change_logentry'),(3,'Can delete log entry',1,'delete_logentry'),(4,'Can view log entry',1,'view_logentry'),(5,'Can add permission',2,'add_permission'),(6,'Can change permission',2,'change_permission'),(7,'Can delete permission',2,'delete_permission'),(8,'Can view permission',2,'view_permission'),(9,'Can add group',3,'add_group'),(10,'Can change group',3,'change_group'),(11,'Can delete group',3,'delete_group'),(12,'Can view group',3,'view_group'),(13,'Can add user',4,'add_user'),(14,'Can change user',4,'change_user'),(15,'Can delete user',4,'delete_user'),(16,'Can view user',4,'view_user'),(17,'Can add content type',5,'add_contenttype'),(18,'Can change content type',5,'change_contenttype'),(19,'Can delete content type',5,'delete_contenttype'),(20,'Can view content type',5,'view_contenttype'),(21,'Can add session',6,'add_session'),(22,'Can change session',6,'change_session'),(23,'Can delete session',6,'delete_session'),(24,'Can view session',6,'view_session'),(25,'Can add site',7,'add_site'),(26,'Can change site',7,'change_site'),(27,'Can delete site',7,'delete_site'),(28,'Can view site',7,'view_site'),(29,'Can add Token',8,'add_token'),(30,'Can change Token',8,'change_token'),(31,'Can delete Token',8,'delete_token'),(32,'Can view Token',8,'view_token'),(33,'Can add email address',9,'add_emailaddress'),(34,'Can change email address',9,'change_emailaddress'),(35,'Can delete email address',9,'delete_emailaddress'),(36,'Can view email address',9,'view_emailaddress'),(37,'Can add email confirmation',10,'add_emailconfirmation'),(38,'Can change email confirmation',10,'change_emailconfirmation'),(39,'Can delete email confirmation',10,'delete_emailconfirmation'),(40,'Can view email confirmation',10,'view_emailconfirmation'),(41,'Can add social account',11,'add_socialaccount'),(42,'Can change social account',11,'change_socialaccount'),(43,'Can delete social account',11,'delete_socialaccount'),(44,'Can view social account',11,'view_socialaccount'),(45,'Can add social application',12,'add_socialapp'),(46,'Can change social application',12,'change_socialapp'),(47,'Can delete social application',12,'delete_socialapp'),(48,'Can view social application',12,'view_socialapp'),(49,'Can add social application token',13,'add_socialtoken'),(50,'Can change social application token',13,'change_socialtoken'),(51,'Can delete social application token',13,'delete_socialtoken'),(52,'Can view social application token',13,'view_socialtoken'),(53,'Can add association',14,'add_association'),(54,'Can change association',14,'change_association'),(55,'Can delete association',14,'delete_association'),(56,'Can view association',14,'view_association'),(57,'Can add code',15,'add_code'),(58,'Can change code',15,'change_code'),(59,'Can delete code',15,'delete_code'),(60,'Can view code',15,'view_code'),(61,'Can add nonce',16,'add_nonce'),(62,'Can change nonce',16,'change_nonce'),(63,'Can delete nonce',16,'delete_nonce'),(64,'Can view nonce',16,'view_nonce'),(65,'Can add user social auth',17,'add_usersocialauth'),(66,'Can change user social auth',17,'change_usersocialauth'),(67,'Can delete user social auth',17,'delete_usersocialauth'),(68,'Can view user social auth',17,'view_usersocialauth'),(69,'Can add partial',18,'add_partial'),(70,'Can change partial',18,'change_partial'),(71,'Can delete partial',18,'delete_partial'),(72,'Can view partial',18,'view_partial');
/*!40000 ALTER TABLE `auth_permission` ENABLE KEYS */;
UNLOCK TABLES;

--
-- Table structure for table `auth_user`
--

DROP TABLE IF EXISTS `auth_user`;
/*!40101 SET @saved_cs_client     = @@character_set_client */;
 SET character_set_client = utf8mb4 ;
CREATE TABLE `auth_user` (
  `id` int(11) NOT NULL AUTO_INCREMENT,
  `password` varchar(128) NOT NULL,
  `last_login` datetime(6) DEFAULT NULL,
  `is_superuser` tinyint(1) NOT NULL,
  `username` varchar(150) NOT NULL,
  `first_name` varchar(30) NOT NULL,
  `last_name` varchar(150) NOT NULL,
  `email` varchar(254) NOT NULL,
  `is_staff` tinyint(1) NOT NULL,
  `is_active` tinyint(1) NOT NULL,
  `date_joined` datetime(6) NOT NULL,
  PRIMARY KEY (`id`),
  UNIQUE KEY `username` (`username`)
) ENGINE=InnoDB AUTO_INCREMENT=3 DEFAULT CHARSET=utf8mb4 COLLATE=utf8mb4_0900_ai_ci;
/*!40101 SET character_set_client = @saved_cs_client */;

--
-- Dumping data for table `auth_user`
--

LOCK TABLES `auth_user` WRITE;
/*!40000 ALTER TABLE `auth_user` DISABLE KEYS */;
INSERT INTO `auth_user` VALUES (1,'pbkdf2_sha256$120000$ZiF0yzV9zRoL$BUUtaY3QthmY2/57wxiBQitFwOCnseQhGHKPfzpHKFc=','2018-12-19 00:17:14.016169',1,'juliaca','Julia','Castellano','juliaca@umich.edu',1,1,'2018-12-14 18:30:48.269387'),(2,'pbkdf2_sha256$120000$brLE4TWE7QgL$dJ4CcvPpFCMzLv0mJn7UUKC5wBNpQHxsI8r+ORp1OKg=',NULL,1,'arwhyte','Anthony','Whyte','arwhyte@umich.edu',1,1,'2018-12-19 00:22:09.000000');
/*!40000 ALTER TABLE `auth_user` ENABLE KEYS */;
UNLOCK TABLES;

--
-- Table structure for table `auth_user_groups`
--

DROP TABLE IF EXISTS `auth_user_groups`;
/*!40101 SET @saved_cs_client     = @@character_set_client */;
 SET character_set_client = utf8mb4 ;
CREATE TABLE `auth_user_groups` (
  `id` int(11) NOT NULL AUTO_INCREMENT,
  `user_id` int(11) NOT NULL,
  `group_id` int(11) NOT NULL,
  PRIMARY KEY (`id`),
  UNIQUE KEY `auth_user_groups_user_id_group_id_94350c0c_uniq` (`user_id`,`group_id`),
  KEY `auth_user_groups_group_id_97559544_fk_auth_group_id` (`group_id`),
  CONSTRAINT `auth_user_groups_group_id_97559544_fk_auth_group_id` FOREIGN KEY (`group_id`) REFERENCES `auth_group` (`id`),
  CONSTRAINT `auth_user_groups_user_id_6a12ed8b_fk_auth_user_id` FOREIGN KEY (`user_id`) REFERENCES `auth_user` (`id`)
) ENGINE=InnoDB DEFAULT CHARSET=utf8mb4 COLLATE=utf8mb4_0900_ai_ci;
/*!40101 SET character_set_client = @saved_cs_client */;

--
-- Dumping data for table `auth_user_groups`
--

LOCK TABLES `auth_user_groups` WRITE;
/*!40000 ALTER TABLE `auth_user_groups` DISABLE KEYS */;
/*!40000 ALTER TABLE `auth_user_groups` ENABLE KEYS */;
UNLOCK TABLES;

--
-- Table structure for table `auth_user_user_permissions`
--

DROP TABLE IF EXISTS `auth_user_user_permissions`;
/*!40101 SET @saved_cs_client     = @@character_set_client */;
 SET character_set_client = utf8mb4 ;
CREATE TABLE `auth_user_user_permissions` (
  `id` int(11) NOT NULL AUTO_INCREMENT,
  `user_id` int(11) NOT NULL,
  `permission_id` int(11) NOT NULL,
  PRIMARY KEY (`id`),
  UNIQUE KEY `auth_user_user_permissions_user_id_permission_id_14a6b632_uniq` (`user_id`,`permission_id`),
  KEY `auth_user_user_permi_permission_id_1fbb5f2c_fk_auth_perm` (`permission_id`),
  CONSTRAINT `auth_user_user_permi_permission_id_1fbb5f2c_fk_auth_perm` FOREIGN KEY (`permission_id`) REFERENCES `auth_permission` (`id`),
  CONSTRAINT `auth_user_user_permissions_user_id_a95ead1b_fk_auth_user_id` FOREIGN KEY (`user_id`) REFERENCES `auth_user` (`id`)
) ENGINE=InnoDB DEFAULT CHARSET=utf8mb4 COLLATE=utf8mb4_0900_ai_ci;
/*!40101 SET character_set_client = @saved_cs_client */;

--
-- Dumping data for table `auth_user_user_permissions`
--

LOCK TABLES `auth_user_user_permissions` WRITE;
/*!40000 ALTER TABLE `auth_user_user_permissions` DISABLE KEYS */;
/*!40000 ALTER TABLE `auth_user_user_permissions` ENABLE KEYS */;
UNLOCK TABLES;

--
-- Table structure for table `authtoken_token`
--

DROP TABLE IF EXISTS `authtoken_token`;
/*!40101 SET @saved_cs_client     = @@character_set_client */;
 SET character_set_client = utf8mb4 ;
CREATE TABLE `authtoken_token` (
  `key` varchar(40) NOT NULL,
  `created` datetime(6) NOT NULL,
  `user_id` int(11) NOT NULL,
  PRIMARY KEY (`key`),
  UNIQUE KEY `user_id` (`user_id`),
  CONSTRAINT `authtoken_token_user_id_35299eff_fk_auth_user_id` FOREIGN KEY (`user_id`) REFERENCES `auth_user` (`id`)
) ENGINE=InnoDB DEFAULT CHARSET=utf8mb4 COLLATE=utf8mb4_0900_ai_ci;
/*!40101 SET character_set_client = @saved_cs_client */;

--
-- Dumping data for table `authtoken_token`
--

LOCK TABLES `authtoken_token` WRITE;
/*!40000 ALTER TABLE `authtoken_token` DISABLE KEYS */;
INSERT INTO `authtoken_token` VALUES ('8acbba6ab7eddfb40f141fde3dcf1b168d44e1e0','2018-12-19 00:17:22.645598',1),('e29e5e07a5e4d08cfc63fa4d4ebf0f493401ee26','2018-12-19 00:35:54.436136',2);
/*!40000 ALTER TABLE `authtoken_token` ENABLE KEYS */;
UNLOCK TABLES;

--
-- Table structure for table `city`
--

DROP TABLE IF EXISTS `city`;
/*!40101 SET @saved_cs_client     = @@character_set_client */;
 SET character_set_client = utf8mb4 ;
CREATE TABLE `city` (
  `city_id` int(11) NOT NULL AUTO_INCREMENT,
  `state_id` int(11) DEFAULT NULL,
  `city` varchar(45) DEFAULT NULL,
  PRIMARY KEY (`city_id`),
  UNIQUE KEY `city_id` (`city_id`),
  KEY `state_id` (`state_id`),
  CONSTRAINT `city_ibfk_1` FOREIGN KEY (`state_id`) REFERENCES `state` (`state_id`) ON UPDATE CASCADE
) ENGINE=InnoDB AUTO_INCREMENT=512 DEFAULT CHARSET=utf8mb4 COLLATE=utf8mb4_0900_ai_ci;
/*!40101 SET character_set_client = @saved_cs_client */;

--
-- Dumping data for table `city`
--

LOCK TABLES `city` WRITE;
/*!40000 ALTER TABLE `city` DISABLE KEYS */;
INSERT INTO `city` VALUES (1,1,'BETHEL'),(2,1,'NOME'),(3,1,'DILLINGHAM'),(4,1,'KOTZEBUE'),(5,1,'VALDEZ'),(6,1,'PETERSBURG'),(7,1,'CORDOVA'),(8,2,'BOAZ'),(9,2,'FORT PAYNE'),(10,2,'WEDOWEE'),(11,2,'GREENSBORO'),(12,2,'HUNTSVILLE'),(13,2,'BUTLER'),(14,3,'LITTLE ROCK'),(15,3,'VAN BUREN'),(16,3,'CAMDEN'),(17,3,'CONWAY'),(18,3,'DE QUEEN'),(19,3,'DE WITT'),(20,3,'MORRILTON'),(21,3,'LAKE VILLAGE'),(22,4,'FORT DEFIANCE'),(23,4,'TUBA CITY'),(24,4,'SELLS'),(25,4,'PERIDOT'),(26,4,'CHINLE'),(27,4,'POLACCA'),(28,4,'SACATON'),(29,4,'GANADO'),(30,5,'HAYWARD'),(31,5,'EUREKA'),(32,5,'BANNING'),(33,5,'LOS ANGELES'),(34,5,'MONTEREY'),(35,5,'NEWPORT BEACH'),(36,5,'REDDING'),(37,5,'ROSEVILLE'),(38,5,'CASTRO VALLEY'),(39,5,'ELDRIDGE'),(40,5,'MISSION VIEJO'),(41,5,'SUN CITY'),(42,5,'DOWNEY'),(43,5,'WILLITS'),(44,5,'CLEARLAKE'),(45,6,'WOODLAND PARK'),(46,6,'MEEKER'),(47,7,'STAMFORD'),(48,7,'BRISTOL'),(49,8,'WILMINGTON'),(50,9,'NICEVILLE'),(51,9,'CAPE CORAL'),(52,9,'DAVENPORT'),(53,9,'CORAL GABLES'),(54,9,'GAINESVILLE'),(55,9,'MIAMI'),(56,10,'CARTERSVILLE'),(57,10,'THOMASVILLE'),(58,10,'DEMOREST'),(59,10,'VIDALIA'),(60,10,'EATONTON'),(61,10,'HINESVILLE'),(62,10,'ATLANTA'),(63,11,'KAMUELA'),(64,12,'OTTUMWA'),(65,12,'CENTERVILLE'),(66,13,'NAMPA'),(67,13,'KETCHUM'),(68,14,'ALTON'),(69,14,'JOLIET'),(70,14,'QUINCY'),(71,14,'CHICAGO'),(72,14,'BLUE ISLAND'),(73,14,'HARVEY'),(74,14,'HARRISBURG'),(75,14,'ELK GROVE VILLAGE'),(76,14,'DEKALB'),(77,14,'GALENA'),(78,14,'STAUNTON'),(79,14,'ROSICLARE'),(80,14,'VANDALIA'),(81,14,'SPARTA'),(82,15,'MADISON'),(83,15,'MUNCIE'),(84,15,'INDIANAPOLIS'),(85,16,'ELKHART'),(86,16,'DIGHTON'),(87,16,'COLDWATER'),(88,16,'SEDAN'),(89,16,'SYRACUSE'),(90,16,'SATANTA'),(91,16,'SABETHA'),(92,16,'NEODESHA'),(93,16,'MARION'),(94,16,'IOLA'),(95,16,'ATCHISON'),(96,17,'LEXINGTON'),(97,17,'CYNTHIANA'),(98,17,'CORBIN'),(99,18,'BASTROP'),(100,18,'MINDEN'),(101,18,'JENA'),(102,18,'BATON ROUGE'),(103,18,'FERRIDAY'),(104,19,'LAWRENCE'),(105,19,'BOSTON'),(106,19,'BURLINGTON'),(107,19,'OAK BLUFFS'),(108,20,'BALTIMORE'),(109,21,'PRESQUE ISLE'),(110,21,'BANGOR'),(111,21,'GREENVILLE'),(112,21,'BELFAST'),(113,22,'LUDINGTON'),(114,22,'FLINT'),(115,22,'GRAND BLANC'),(116,22,'TROY'),(117,22,'DETROIT'),(118,22,'COMMERCE TOWNSHIP'),(119,22,'MANISTIQUE'),(120,22,'CHARLEVOIX'),(121,22,'REED CITY'),(122,23,'REDLAKE'),(123,23,'MAHNOMEN'),(124,23,'FOSSTON'),(125,23,'OLIVIA'),(126,23,'APPLETON'),(127,23,'ROSEAU'),(128,23,'GRANITE FALLS'),(129,23,'CANNON FALLS'),(130,23,'CANBY'),(131,23,'TYLER'),(132,23,'PAYNESVILLE'),(133,23,'MOOSE LAKE'),(134,23,'SPRINGFIELD'),(135,23,'WADENA'),(136,23,'REDWOOD FALLS'),(137,23,'CROSBY'),(138,23,'ONAMIA'),(139,23,'GLENCOE'),(140,23,'MARSHALL'),(141,23,'DEER RIVER'),(142,23,'CASS LAKE'),(143,23,'CLOQUET'),(144,23,'MORRIS'),(145,23,'MORA'),(146,23,'BENSON'),(147,23,'LITCHFIELD'),(148,23,'BLUE EARTH'),(149,23,'LITTLE FALLS'),(150,23,'SAUK CENTRE'),(151,23,'PERHAM'),(152,23,'MADISON'),(153,23,'PIPESTONE'),(154,23,'BRECKENRIDGE'),(155,23,'GLENWOOD'),(156,23,'LE SUEUR'),(157,23,'ELBOW LAKE'),(158,23,'NEW ULM'),(159,23,'PARK RAPIDS'),(160,23,'THIEF RIVER FALLS'),(161,23,'SAINT PAUL'),(162,23,'MINNEAPOLIS'),(163,24,'SAINT LOUIS'),(164,24,'ROLLA'),(165,24,'KIRKSVILLE'),(166,24,'MARYVILLE'),(167,24,'WASHINGTON'),(168,24,'TOWN AND COUNTRY'),(169,24,'MARSHALL'),(170,24,'COLUMBIA'),(171,24,'CLINTON'),(172,24,'CAPE GIRARDEAU'),(173,24,'BELTON'),(174,24,'POPLAR BLUFF'),(175,24,'MILAN'),(176,24,'MEMPHIS'),(177,24,'TRENTON'),(178,24,'PERRYVILLE'),(179,24,'HERMANN'),(180,24,'SALEM'),(181,24,'EXCELSIOR SPRINGS'),(182,24,'LAMAR'),(183,24,'RICHMOND'),(184,24,'MONETT'),(185,24,'MOUNTAIN VIEW'),(186,24,'PILOT KNOB'),(187,25,'JACKSON'),(188,25,'IUKA'),(189,25,'NEW ALBANY'),(190,25,'TUPELO'),(191,25,'BILOXI'),(192,25,'HOUSTON'),(193,25,'HOLLY SPRINGS'),(194,25,'BAY SPRINGS'),(195,25,'GULFPORT'),(196,25,'LAUREL'),(197,25,'EUPORA'),(198,25,'AMORY'),(199,25,'LUCEDALE'),(200,25,'OXFORD'),(201,25,'VICKSBURG'),(202,25,'PASCAGOULA'),(203,25,'CLARKSDALE'),(204,25,'CANTON'),(205,25,'PHILADELPHIA'),(206,25,'BROOKHAVEN'),(207,25,'MAGNOLIA'),(208,25,'STARKVILLE'),(209,25,'FAYETTE'),(210,25,'WEST POINT'),(211,25,'WAYNESBORO'),(212,25,'HATTIESBURG'),(213,25,'NATCHEZ'),(214,25,'MERIDIAN'),(215,25,'GREENVILLE'),(216,25,'ROLLING FORK'),(217,25,'CLEVELAND'),(218,25,'MCCOMB'),(219,25,'BRANDON'),(220,25,'INDIANOLA'),(221,25,'GREENWOOD'),(222,25,'COLUMBUS'),(223,25,'MAGEE'),(224,25,'SENATOBIA'),(225,25,'PICAYUNE'),(226,25,'WHITFIELD'),(227,25,'BATESVILLE'),(228,25,'FLOWOOD'),(229,25,'BAY SAINT LOUIS'),(230,25,'RALEIGH'),(231,25,'GRENADA'),(232,25,'OLIVE BRANCH'),(233,25,'FOREST'),(234,25,'ABERDEEN'),(235,25,'CHARLESTON'),(236,25,'WIGGINS'),(237,25,'MONTICELLO'),(238,25,'RICHTON'),(239,25,'MACON'),(240,25,'CENTREVILLE'),(241,25,'PONTOTOC'),(242,25,'WINONA'),(243,25,'CARTHAGE'),(244,25,'MARKS'),(245,25,'QUITMAN'),(246,25,'YAZOO CITY'),(247,25,'LEXINGTON'),(248,25,'RULEVILLE'),(249,25,'MENDENHALL'),(250,25,'PORT GIBSON'),(251,25,'MORTON'),(252,25,'UNION'),(253,25,'HAZLEHURST'),(254,25,'COLLINS'),(255,25,'PRENTISS'),(256,26,'HELENA'),(257,26,'FORT BENTON'),(258,26,'TERRY'),(259,26,'HARLOWTON'),(260,26,'CROW AGENCY'),(261,27,'DURHAM'),(262,27,'WINSTON-SALEM'),(263,27,'OXFORD'),(264,27,'HENDERSON'),(265,27,'STATESVILLE'),(266,27,'CHEROKEE'),(267,27,'MATTHEWS'),(268,27,'SCOTLAND NECK'),(269,27,'SPARTA'),(270,27,'LINVILLE'),(271,28,'BELCOURT'),(272,28,'FORT YATES'),(273,28,'KENMARE'),(274,28,'NORTHWOOD'),(275,28,'CARRINGTON'),(276,28,'CAVALIER'),(277,28,'CANDO'),(278,29,'KEARNEY'),(279,29,'OMAHA'),(280,29,'ALMA'),(281,29,'GENEVA'),(282,29,'PAWNEE CITY'),(283,29,'LYNCH'),(284,29,'SYRACUSE'),(285,29,'GENOA'),(286,29,'OSCEOLA'),(287,29,'SUPERIOR'),(288,29,'RED CLOUD'),(289,29,'FAIRBURY'),(290,29,'NELIGH'),(291,29,'COZAD'),(292,29,'CREIGHTON'),(293,29,'ALBION'),(294,29,'CALLAWAY'),(295,29,'YORK'),(296,29,'ST PAUL'),(297,29,'BENKELMAN'),(298,29,'NEBRASKA CITY'),(299,29,'VALENTINE'),(300,29,'PLAINVIEW'),(301,29,'OSMOND'),(302,29,'PENDER'),(303,29,'IMPERIAL'),(304,29,'FALLS CITY'),(305,29,'CRETE'),(306,29,'ALLIANCE'),(307,29,'LEXINGTON'),(308,29,'MCCOOK'),(309,29,'BEATRICE'),(310,30,'NASHUA'),(311,31,'BELLEVILLE'),(312,31,'PLAINSBORO'),(313,31,'CAPE MAY COURT HOUSE'),(314,31,'RED BANK'),(315,31,'VINELAND'),(316,31,'CAMDEN'),(317,31,'NEW BRUNSWICK'),(318,31,'PENNINGTON'),(319,31,'DENVILLE'),(320,31,'MONTCLAIR'),(321,31,'LONG BRANCH'),(322,31,'WOODBURY'),(323,31,'SALEM'),(324,31,'HAMILTON'),(325,31,'EDISON'),(326,31,'NEWARK'),(327,31,'HOLMDEL'),(328,32,'LAS CRUCES'),(329,32,'MESCALERO'),(330,32,'SHIPROCK'),(331,32,'ZUNI'),(332,32,'CROWNPOINT'),(333,32,'SANTA ROSA'),(334,32,'SAN FIDEL'),(335,32,'ALBUQUERQUE'),(336,32,'SOCORRO'),(337,32,'TUCUMCARI'),(338,32,'RATON'),(339,32,'DEMING'),(340,33,'LAS VEGAS'),(341,33,'HENDERSON'),(342,33,'GARDNERVILLE'),(343,33,'LOVELOCK'),(344,33,'YERINGTON'),(345,34,'YONKERS'),(346,34,'NEW YORK'),(347,34,'POUGHKEEPSIE'),(348,34,'NORWICH'),(349,34,'RHINEBECK'),(350,34,'FLUSHING'),(351,34,'GENEVA'),(352,34,'NIAGARA FALLS'),(353,34,'BRONX'),(354,34,'BUFFALO'),(355,34,'CANANDAIGUA'),(356,34,'ONEONTA'),(357,34,'KENMORE'),(358,34,'OLEAN'),(359,34,'SPRINGVILLE'),(360,34,'COOPERSTOWN'),(361,34,'GLEN COVE'),(362,34,'NEW HYDE PARK'),(363,34,'OCEANSIDE'),(364,34,'WHITE PLAINS'),(365,34,'HARRIS'),(366,34,'STONY BROOK'),(367,34,'CALLICOON'),(368,35,'DAYTON'),(369,35,'FRANKLIN'),(370,35,'CONCORD'),(371,35,'TOLEDO'),(372,35,'ROCK CREEK'),(373,35,'CINCINNATI'),(374,36,'MCALESTER'),(375,36,'IDABEL'),(376,36,'STILLWATER'),(377,36,'CHICKASHA'),(378,36,'HENRYETTA'),(379,36,'LINDSAY'),(380,36,'OKLAHOMA CITY'),(381,36,'WAURIKA'),(382,36,'KINGFISHER'),(383,36,'MANGUM'),(384,36,'DRUMRIGHT'),(385,36,'SEILING'),(386,37,'PENDLETON'),(387,38,'LEWISBURG'),(388,38,'PHILADELPHIA'),(389,38,'NATRONA'),(390,38,'LEBANON'),(391,38,'SAYRE'),(392,38,'CLARION'),(393,38,'POTTSTOWN'),(394,38,'WARREN'),(395,38,'DARBY'),(396,38,'KITTANNING'),(397,38,'BUTLER'),(398,38,'UPLAND'),(399,38,'WYNNEWOOD'),(400,38,'LATROBE'),(401,38,'LANGHORNE'),(402,38,'ALLENTOWN'),(403,38,'STROUDSBURG'),(404,39,'HUMACAO'),(405,39,'PONCE'),(406,39,'SAN JUAN'),(407,39,'CAGUAS'),(408,39,'FERNANDEZ JUNCOS'),(409,39,'GUAYAMA'),(410,39,'CASTANER'),(411,39,'MAYAGUEZ'),(412,39,'CAYEY'),(413,39,'RIO PIEDRAS'),(414,39,'HATO REY'),(415,39,'AIBONITO'),(416,39,'SAN GERMAN'),(417,39,'ARROYO'),(418,39,'BAYAMON'),(419,39,'AGUADILLA'),(420,39,'ARECIBO'),(421,39,'YAUCO'),(422,39,'MOCA'),(423,39,'CAROLINA'),(424,39,'COTO LAUREL');
/*!40000 ALTER TABLE `city` ENABLE KEYS */;
UNLOCK TABLES;

--
-- Table structure for table `county`
--

DROP TABLE IF EXISTS `county`;
/*!40101 SET @saved_cs_client     = @@character_set_client */;
 SET character_set_client = utf8mb4 ;
CREATE TABLE `county` (
  `county_id` int(11) NOT NULL AUTO_INCREMENT,
  `state_id` int(11) DEFAULT NULL,
  `county` varchar(45) DEFAULT NULL,
  PRIMARY KEY (`county_id`),
  UNIQUE KEY `county_id` (`county_id`),
  KEY `state_id` (`state_id`),
  CONSTRAINT `county_ibfk_1` FOREIGN KEY (`state_id`) REFERENCES `state` (`state_id`) ON UPDATE CASCADE
) ENGINE=InnoDB AUTO_INCREMENT=512 DEFAULT CHARSET=utf8mb4 COLLATE=utf8mb4_0900_ai_ci;
/*!40101 SET character_set_client = @saved_cs_client */;

--
-- Dumping data for table `county`
--

LOCK TABLES `county` WRITE;
/*!40000 ALTER TABLE `county` DISABLE KEYS */;
INSERT INTO `county` VALUES (1,1,'BETHEL'),(2,1,'NOME'),(3,1,'DILLINGHAM'),(4,1,'NORTHWEST ARCTIC'),(5,1,NULL),(6,2,'MARSHALL'),(7,2,'DE KALB'),(8,2,'RANDOLPH'),(9,2,'HALE'),(10,2,'MADISON'),(11,2,'CHOCTAW'),(12,3,'PULASKI'),(13,3,'CRAWFORD'),(14,3,'OUACHITA'),(15,3,'FAULKNER'),(16,3,'SEVIER'),(17,3,'ARKANSAS'),(18,3,'CONWAY'),(19,3,'CHICOT'),(20,4,'APACHE'),(21,4,'COCONINO'),(22,4,'PIMA'),(23,4,'GILA'),(24,4,'NAVAJO'),(25,4,'PINAL'),(26,5,'ALAMEDA'),(27,5,'HUMBOLDT'),(28,5,'RIVERSIDE'),(29,5,'LOS ANGELES'),(30,5,'MONTEREY'),(31,5,'ORANGE'),(32,5,'SHASTA'),(33,5,'PLACER'),(34,5,'SONOMA'),(35,5,'MENDOCINO'),(36,5,'LAKE'),(37,6,'TELLER'),(38,6,'RIO BLANCO'),(39,7,'FAIRFIELD'),(40,7,'HARTFORD'),(41,8,'NEW CASTLE'),(42,9,'OKALOOSA'),(43,9,'LEE'),(44,9,'POLK'),(45,9,'MIAMI-DADE'),(46,9,'ALACHUA'),(47,10,'BARTOW'),(48,10,'THOMAS'),(49,10,'HABERSHAM'),(50,10,'TOOMBS'),(51,10,'PUTNAM'),(52,10,'LIBERTY'),(53,10,'FULTON'),(54,11,'HAWAII'),(55,12,'WAPELLO'),(56,12,'APPANOOSE'),(57,13,'CANYON'),(58,13,'BLAINE'),(59,14,'MADISON'),(60,14,'WILL'),(61,14,'ADAMS'),(62,14,'COOK'),(63,14,'SALINE'),(64,14,'DEKALB'),(65,14,'JO DAVIESS'),(66,14,'MACOUPIN'),(67,14,'HARDIN'),(68,14,'FAYETTE'),(69,14,'RANDOLPH'),(70,15,'JEFFERSON'),(71,15,'DELAWARE'),(72,15,'MARION'),(73,16,'MORTON'),(74,16,'LANE'),(75,16,'COMANCHE'),(76,16,'CHAUTAUQUA'),(77,16,'HAMILTON'),(78,16,'HASKELL'),(79,16,'NEMAHA'),(80,16,'WILSON'),(81,16,'MARION'),(82,16,'ALLEN'),(83,16,'ATCHISON'),(84,17,'FAYETTE'),(85,17,'HARRISON'),(86,17,'KNOX'),(87,18,'MOREHOUSE'),(88,18,'WEBSTER'),(89,18,'LA SALLE'),(90,18,'EAST BATON ROUGE'),(91,18,'CONCORDIA'),(92,19,'ESSEX'),(93,19,'SUFFOLK'),(94,19,'MIDDLESEX'),(95,19,'DUKES'),(96,20,'BALTIMORE CITY'),(97,21,'AROOSTOOK'),(98,21,'PENOBSCOT'),(99,21,'PISCATAQUIS'),(100,21,'WALDO'),(101,22,'MASON'),(102,22,'GENESEE'),(103,22,'OAKLAND'),(104,22,'WAYNE'),(105,22,'SCHOOLCRAFT'),(106,22,'CHARLEVOIX'),(107,22,'OSCEOLA'),(108,23,'BELTRAMI'),(109,23,'MAHNOMEN'),(110,23,'POLK'),(111,23,'RENVILLE'),(112,23,'SWIFT'),(113,23,'ROSEAU'),(114,23,'YELLOW MEDICINE'),(115,23,'GOODHUE'),(116,23,'LINCOLN'),(117,23,'STEARNS'),(118,23,'CARLTON'),(119,23,'BROWN'),(120,23,'WADENA'),(121,23,'REDWOOD'),(122,23,'CROW WING'),(123,23,'MILLE LACS'),(124,23,'MCLEOD'),(125,23,'LYON'),(126,23,'ITASCA'),(127,23,'CASS'),(128,23,'STEVENS'),(129,23,'KANABEC'),(130,23,'MEEKER'),(131,23,'FARIBAULT'),(132,23,'MORRISON'),(133,23,'OTTER TAIL'),(134,23,'LAC QUI PARLE'),(135,23,'PIPESTONE'),(136,23,'WILKIN'),(137,23,'POPE'),(138,23,'LE SUEUR'),(139,23,'GRANT'),(140,23,'HUBBARD'),(141,23,'PENNINGTON'),(142,23,'RAMSEY'),(143,23,'HENNEPIN'),(144,24,'SAINT LOUIS'),(145,24,'PHELPS'),(146,24,'ADAIR'),(147,24,'SAINT LOUIS CITY'),(148,24,'NODAWAY'),(149,24,'FRANKLIN'),(150,24,'SALINE'),(151,24,'BOONE'),(152,24,'HENRY'),(153,24,'CAPE GIRARDEAU'),(154,24,'CASS'),(155,24,'BUTLER'),(156,24,'SULLIVAN'),(157,24,'SCOTLAND'),(158,24,'GRUNDY'),(159,24,'PERRY'),(160,24,'GASCONADE'),(161,24,'DENT'),(162,24,'CLAY'),(163,24,'BARTON'),(164,24,'RAY'),(165,24,'BARRY'),(166,24,'HOWELL'),(167,24,'IRON'),(168,25,'HINDS'),(169,25,'TISHOMINGO'),(170,25,'UNION'),(171,25,'LEE'),(172,25,'HARRISON'),(173,25,'CHICKASAW'),(174,25,'MARSHALL'),(175,25,'JASPER'),(176,25,'JONES'),(177,25,'WEBSTER'),(178,25,'MONROE'),(179,25,'GEORGE'),(180,25,'LAFAYETTE'),(181,25,'WARREN'),(182,25,'JACKSON'),(183,25,'COAHOMA'),(184,25,'MADISON'),(185,25,'NESHOBA'),(186,25,'LINCOLN'),(187,25,'PIKE'),(188,25,'OKTIBBEHA'),(189,25,'JEFFERSON'),(190,25,'CLAY'),(191,25,'WAYNE'),(192,25,'FORREST'),(193,25,'ADAMS'),(194,25,'LAUDERDALE'),(195,25,'WASHINGTON'),(196,25,'SHARKEY'),(197,25,'BOLIVAR'),(198,25,'RANKIN'),(199,25,'SUNFLOWER'),(200,25,'LEFLORE'),(201,25,'LOWNDES'),(202,25,'SIMPSON'),(203,25,'TATE'),(204,25,'PEARL RIVER'),(205,25,'PANOLA'),(206,25,'HANCOCK'),(207,25,'SMITH'),(208,25,'GRENADA'),(209,25,'DESOTO'),(210,25,'SCOTT'),(211,25,'TALLAHATCHIE'),(212,25,'STONE'),(213,25,'LAWRENCE'),(214,25,'PERRY'),(215,25,'NOXUBEE'),(216,25,'WILKINSON'),(217,25,'PONTOTOC'),(218,25,'MONTGOMERY'),(219,25,'LEAKE'),(220,25,'QUITMAN'),(221,25,'CLARKE'),(222,25,'YAZOO'),(223,25,'HOLMES'),(224,25,'CLAIBORNE'),(225,25,'COPIAH'),(226,25,'COVINGTON'),(227,25,'JEFFERSON DAVIS'),(228,26,'LEWIS AND CLARK'),(229,26,'CHOUTEAU'),(230,26,'PRAIRIE'),(231,26,'WHEATLAND'),(232,26,'BIG HORN'),(233,27,'DURHAM'),(234,27,'FORSYTH'),(235,27,'GRANVILLE'),(236,27,'VANCE'),(237,27,'IREDELL'),(238,27,'SWAIN'),(239,27,'MECKLENBURG'),(240,27,'HALIFAX'),(241,27,'ALLEGHANY'),(242,27,'AVERY'),(243,28,'ROLETTE'),(244,28,'SIOUX'),(245,28,'WARD'),(246,28,'GRAND FORKS'),(247,28,'FOSTER'),(248,28,'PEMBINA'),(249,28,'TOWNER'),(250,29,'BUFFALO'),(251,29,'DOUGLAS'),(252,29,'HARLAN'),(253,29,'FILLMORE'),(254,29,'PAWNEE'),(255,29,'BOYD'),(256,29,'OTOE'),(257,29,'NANCE'),(258,29,'POLK'),(259,29,'NUCKOLLS'),(260,29,'WEBSTER'),(261,29,'JEFFERSON'),(262,29,'ANTELOPE'),(263,29,'DAWSON'),(264,29,'KNOX'),(265,29,'BOONE'),(266,29,'CUSTER'),(267,29,'YORK'),(268,29,'HOWARD'),(269,29,'DUNDY'),(270,29,'CHERRY'),(271,29,'PIERCE'),(272,29,'THURSTON'),(273,29,'CHASE'),(274,29,'RICHARDSON'),(275,29,'SALINE'),(276,29,'BOX BUTTE'),(277,29,'RED WILLOW'),(278,29,'GAGE'),(279,30,'HILLSBOROUGH'),(280,31,'ESSEX'),(281,31,'MIDDLESEX'),(282,31,'CAPE MAY'),(283,31,'MONMOUTH'),(284,31,'CUMBERLAND'),(285,31,'CAMDEN'),(286,31,'MERCER'),(287,31,'MORRIS'),(288,31,'GLOUCESTER'),(289,31,'SALEM'),(290,32,'DONA ANA'),(291,32,'OTERO'),(292,32,'SAN JUAN'),(293,32,'MCKINLEY'),(294,32,'GUADALUPE'),(295,32,'CIBOLA'),(296,32,'BERNALILLO'),(297,32,'SOCORRO'),(298,32,'QUAY'),(299,32,'COLFAX'),(300,32,'LUNA'),(301,33,'CLARK'),(302,33,'DOUGLAS'),(303,33,'PERSHING'),(304,33,'LYON'),(305,34,'WESTCHESTER'),(306,34,'NEW YORK'),(307,34,'DUTCHESS'),(308,34,'CHENANGO'),(309,34,'QUEENS'),(310,34,'ONTARIO'),(311,34,'NIAGARA'),(312,34,'BRONX'),(313,34,'ERIE'),(314,34,'OTSEGO'),(315,34,'CATTARAUGUS'),(316,34,'NASSAU'),(317,34,'SULLIVAN'),(318,34,'SUFFOLK'),(319,35,'MONTGOMERY'),(320,35,'WARREN'),(321,35,'LAKE'),(322,35,'LUCAS'),(323,35,'ASHTABULA'),(324,35,'HAMILTON'),(325,36,'PITTSBURG'),(326,36,'MCCURTAIN'),(327,36,'PAYNE'),(328,36,'GRADY'),(329,36,'OKMULGEE'),(330,36,'GARVIN'),(331,36,'OKLAHOMA'),(332,36,'JEFFERSON'),(333,36,'KINGFISHER'),(334,36,'GREER'),(335,36,'CREEK'),(336,36,'DEWEY'),(337,37,'UMATILLA'),(338,38,'UNION'),(339,38,'PHILADELPHIA'),(340,38,'ALLEGHENY'),(341,38,'LEBANON'),(342,38,'BRADFORD'),(343,38,'CLARION'),(344,38,'MONTGOMERY'),(345,38,'WARREN'),(346,38,'DELAWARE'),(347,38,'ARMSTRONG'),(348,38,'BUTLER'),(349,38,'WESTMORELAND'),(350,38,'BUCKS'),(351,38,'LEHIGH'),(352,38,'MONROE'),(353,39,'HUMACAO'),(354,39,'PONCE'),(355,39,'SAN JUAN'),(356,39,'CAGUAS'),(357,39,'GUAYANILLA'),(358,39,'LARES'),(359,39,'MAYAGUEZ'),(360,39,'CAYEY'),(361,39,'AIBONITO'),(362,39,'SAN GERMAN'),(363,39,'ARROYO'),(364,39,'BAYAMON'),(365,39,'AGUADILLA'),(366,39,'ARECIBO'),(367,39,'YAUCO'),(368,39,'MOCA'),(369,39,'CAROLINA');
/*!40000 ALTER TABLE `county` ENABLE KEYS */;
UNLOCK TABLES;

--
-- Table structure for table `django_admin_log`
--

DROP TABLE IF EXISTS `django_admin_log`;
/*!40101 SET @saved_cs_client     = @@character_set_client */;
 SET character_set_client = utf8mb4 ;
CREATE TABLE `django_admin_log` (
  `id` int(11) NOT NULL AUTO_INCREMENT,
  `action_time` datetime(6) NOT NULL,
  `object_id` longtext,
  `object_repr` varchar(200) NOT NULL,
  `action_flag` smallint(5) unsigned NOT NULL,
  `change_message` longtext NOT NULL,
  `content_type_id` int(11) DEFAULT NULL,
  `user_id` int(11) NOT NULL,
  PRIMARY KEY (`id`),
  KEY `django_admin_log_content_type_id_c4bce8eb_fk_django_co` (`content_type_id`),
  KEY `django_admin_log_user_id_c564eba6_fk_auth_user_id` (`user_id`),
  CONSTRAINT `django_admin_log_content_type_id_c4bce8eb_fk_django_co` FOREIGN KEY (`content_type_id`) REFERENCES `django_content_type` (`id`),
  CONSTRAINT `django_admin_log_user_id_c564eba6_fk_auth_user_id` FOREIGN KEY (`user_id`) REFERENCES `auth_user` (`id`)
) ENGINE=InnoDB AUTO_INCREMENT=5 DEFAULT CHARSET=utf8mb4 COLLATE=utf8mb4_0900_ai_ci;
/*!40101 SET character_set_client = @saved_cs_client */;

--
-- Dumping data for table `django_admin_log`
--

LOCK TABLES `django_admin_log` WRITE;
/*!40000 ALTER TABLE `django_admin_log` DISABLE KEYS */;
INSERT INTO `django_admin_log` VALUES (1,'2018-12-19 00:17:22.646386','8acbba6ab7eddfb40f141fde3dcf1b168d44e1e0','8acbba6ab7eddfb40f141fde3dcf1b168d44e1e0',1,'[{\"added\": {}}]',8,1),(2,'2018-12-19 00:22:09.712097','2','arwhyte',1,'[{\"added\": {}}]',4,1),(3,'2018-12-19 00:35:21.689612','2','arwhyte',2,'[{\"changed\": {\"fields\": [\"first_name\", \"last_name\", \"email\", \"is_staff\", \"is_superuser\"]}}]',4,1),(4,'2018-12-19 00:35:54.437559','e29e5e07a5e4d08cfc63fa4d4ebf0f493401ee26','e29e5e07a5e4d08cfc63fa4d4ebf0f493401ee26',1,'[{\"added\": {}}]',8,1);
/*!40000 ALTER TABLE `django_admin_log` ENABLE KEYS */;
UNLOCK TABLES;

--
-- Table structure for table `django_content_type`
--

DROP TABLE IF EXISTS `django_content_type`;
/*!40101 SET @saved_cs_client     = @@character_set_client */;
 SET character_set_client = utf8mb4 ;
CREATE TABLE `django_content_type` (
  `id` int(11) NOT NULL AUTO_INCREMENT,
  `app_label` varchar(100) NOT NULL,
  `model` varchar(100) NOT NULL,
  PRIMARY KEY (`id`),
  UNIQUE KEY `django_content_type_app_label_model_76bd3d3b_uniq` (`app_label`,`model`)
) ENGINE=InnoDB AUTO_INCREMENT=19 DEFAULT CHARSET=utf8mb4 COLLATE=utf8mb4_0900_ai_ci;
/*!40101 SET character_set_client = @saved_cs_client */;

--
-- Dumping data for table `django_content_type`
--

LOCK TABLES `django_content_type` WRITE;
/*!40000 ALTER TABLE `django_content_type` DISABLE KEYS */;
INSERT INTO `django_content_type` VALUES (9,'account','emailaddress'),(10,'account','emailconfirmation'),(1,'admin','logentry'),(3,'auth','group'),(2,'auth','permission'),(4,'auth','user'),(8,'authtoken','token'),(5,'contenttypes','contenttype'),(6,'sessions','session'),(7,'sites','site'),(14,'social_django','association'),(15,'social_django','code'),(16,'social_django','nonce'),(18,'social_django','partial'),(17,'social_django','usersocialauth'),(11,'socialaccount','socialaccount'),(12,'socialaccount','socialapp'),(13,'socialaccount','socialtoken');
/*!40000 ALTER TABLE `django_content_type` ENABLE KEYS */;
UNLOCK TABLES;

--
-- Table structure for table `django_migrations`
--

DROP TABLE IF EXISTS `django_migrations`;
/*!40101 SET @saved_cs_client     = @@character_set_client */;
 SET character_set_client = utf8mb4 ;
CREATE TABLE `django_migrations` (
  `id` int(11) NOT NULL AUTO_INCREMENT,
  `app` varchar(255) NOT NULL,
  `name` varchar(255) NOT NULL,
  `applied` datetime(6) NOT NULL,
  PRIMARY KEY (`id`)
) ENGINE=InnoDB AUTO_INCREMENT=42 DEFAULT CHARSET=utf8mb4 COLLATE=utf8mb4_0900_ai_ci;
/*!40101 SET character_set_client = @saved_cs_client */;

--
-- Dumping data for table `django_migrations`
--

LOCK TABLES `django_migrations` WRITE;
/*!40000 ALTER TABLE `django_migrations` DISABLE KEYS */;
INSERT INTO `django_migrations` VALUES (1,'contenttypes','0001_initial','2018-12-14 18:29:52.287657'),(2,'auth','0001_initial','2018-12-14 18:29:52.564450'),(3,'admin','0001_initial','2018-12-14 18:29:52.639133'),(4,'admin','0002_logentry_remove_auto_add','2018-12-14 18:29:52.648135'),(5,'admin','0003_logentry_add_action_flag_choices','2018-12-14 18:29:52.671236'),(6,'contenttypes','0002_remove_content_type_name','2018-12-14 18:29:52.729879'),(7,'auth','0002_alter_permission_name_max_length','2018-12-14 18:29:52.757845'),(8,'auth','0003_alter_user_email_max_length','2018-12-14 18:29:52.780236'),(9,'auth','0004_alter_user_username_opts','2018-12-14 18:29:52.788327'),(10,'auth','0005_alter_user_last_login_null','2018-12-14 18:29:52.821075'),(11,'auth','0006_require_contenttypes_0002','2018-12-14 18:29:52.824066'),(12,'auth','0007_alter_validators_add_error_messages','2018-12-14 18:29:52.832703'),(13,'auth','0008_alter_user_username_max_length','2018-12-14 18:29:52.875741'),(14,'auth','0009_alter_user_last_name_max_length','2018-12-14 18:29:52.911065'),(15,'sessions','0001_initial','2018-12-14 18:29:52.933875'),(16,'account','0001_initial','2018-12-18 17:59:24.432661'),(17,'account','0002_email_max_length','2018-12-18 17:59:24.464908'),(18,'authtoken','0001_initial','2018-12-18 17:59:24.518985'),(19,'authtoken','0002_auto_20160226_1747','2018-12-18 17:59:24.633334'),(20,'sites','0001_initial','2018-12-18 17:59:24.649076'),(21,'sites','0002_alter_domain_unique','2018-12-18 17:59:24.664224'),(22,'default','0001_initial','2018-12-18 17:59:24.810885'),(23,'social_auth','0001_initial','2018-12-18 17:59:24.813390'),(24,'default','0002_add_related_name','2018-12-18 17:59:24.877568'),(25,'social_auth','0002_add_related_name','2018-12-18 17:59:24.879796'),(26,'default','0003_alter_email_max_length','2018-12-18 17:59:24.889829'),(27,'social_auth','0003_alter_email_max_length','2018-12-18 17:59:24.892058'),(28,'default','0004_auto_20160423_0400','2018-12-18 17:59:24.902283'),(29,'social_auth','0004_auto_20160423_0400','2018-12-18 17:59:24.906010'),(30,'social_auth','0005_auto_20160727_2333','2018-12-18 17:59:24.924748'),(31,'social_django','0006_partial','2018-12-18 17:59:24.949504'),(32,'social_django','0007_code_timestamp','2018-12-18 17:59:24.980197'),(33,'social_django','0008_partial_timestamp','2018-12-18 17:59:25.011047'),(34,'socialaccount','0001_initial','2018-12-18 17:59:25.274924'),(35,'socialaccount','0002_token_max_lengths','2018-12-18 17:59:25.330262'),(36,'socialaccount','0003_extra_data_default_dict','2018-12-18 17:59:25.339920'),(37,'social_django','0002_add_related_name','2018-12-18 17:59:25.345387'),(38,'social_django','0005_auto_20160727_2333','2018-12-18 17:59:25.348508'),(39,'social_django','0004_auto_20160423_0400','2018-12-18 17:59:25.350927'),(40,'social_django','0001_initial','2018-12-18 17:59:25.353806'),(41,'social_django','0003_alter_email_max_length','2018-12-18 17:59:25.356120');
/*!40000 ALTER TABLE `django_migrations` ENABLE KEYS */;
UNLOCK TABLES;

--
-- Table structure for table `django_session`
--

DROP TABLE IF EXISTS `django_session`;
/*!40101 SET @saved_cs_client     = @@character_set_client */;
 SET character_set_client = utf8mb4 ;
CREATE TABLE `django_session` (
  `session_key` varchar(40) NOT NULL,
  `session_data` longtext NOT NULL,
  `expire_date` datetime(6) NOT NULL,
  PRIMARY KEY (`session_key`),
  KEY `django_session_expire_date_a5c62663` (`expire_date`)
) ENGINE=InnoDB DEFAULT CHARSET=utf8mb4 COLLATE=utf8mb4_0900_ai_ci;
/*!40101 SET character_set_client = @saved_cs_client */;

--
-- Dumping data for table `django_session`
--

LOCK TABLES `django_session` WRITE;
/*!40000 ALTER TABLE `django_session` DISABLE KEYS */;
INSERT INTO `django_session` VALUES ('ji7rb738z0lp81x0i18dvjnfhjmitsqd','ZTc3YjRlYzE4MjUyNDg3NTU0MGQ0YjUzMjBlMTY1OGJiZWFiMTJiYjp7Il9hdXRoX3VzZXJfaWQiOiIxIiwiX2F1dGhfdXNlcl9iYWNrZW5kIjoiZGphbmdvLmNvbnRyaWIuYXV0aC5iYWNrZW5kcy5Nb2RlbEJhY2tlbmQiLCJfYXV0aF91c2VyX2hhc2giOiIwYjNjY2I0MTM4MTJkOGMxYzM0YmRiM2M5ZGM3MWFiOGYyZmZlZTFhIn0=','2019-01-02 00:17:14.023103'),('y6aqcjkmbo362z5jzqqk1514njmrsv0u','MGNhYThjMjNhODUyOGQ2ZmU2YzNkZjFmMjZmNDYyMDZmOWI0Y2U5NDp7Il9hdXRoX3VzZXJfaWQiOiIxIiwiX2F1dGhfdXNlcl9iYWNrZW5kIjoiZGphbmdvLmNvbnRyaWIuYXV0aC5iYWNrZW5kcy5Nb2RlbEJhY2tlbmQiLCJfYXV0aF91c2VyX2hhc2giOiIwYjNjY2I0MTM4MTJkOGMxYzM0YmRiM2M5ZGM3MWFiOGYyZmZlZTFhIiwiZ29vZ2xlLW9hdXRoMl9zdGF0ZSI6IkZWRjZPZ21oSzFRQ3B6UVBDOHRoWW80YTFXR1FOaDNpIn0=','2019-01-01 18:04:41.515496');
/*!40000 ALTER TABLE `django_session` ENABLE KEYS */;
UNLOCK TABLES;

--
-- Table structure for table `django_site`
--

DROP TABLE IF EXISTS `django_site`;
/*!40101 SET @saved_cs_client     = @@character_set_client */;
 SET character_set_client = utf8mb4 ;
CREATE TABLE `django_site` (
  `id` int(11) NOT NULL AUTO_INCREMENT,
  `domain` varchar(100) NOT NULL,
  `name` varchar(50) NOT NULL,
  PRIMARY KEY (`id`),
  UNIQUE KEY `django_site_domain_a2e37b91_uniq` (`domain`)
) ENGINE=InnoDB AUTO_INCREMENT=2 DEFAULT CHARSET=utf8mb4 COLLATE=utf8mb4_0900_ai_ci;
/*!40101 SET character_set_client = @saved_cs_client */;

--
-- Dumping data for table `django_site`
--

LOCK TABLES `django_site` WRITE;
/*!40000 ALTER TABLE `django_site` DISABLE KEYS */;
INSERT INTO `django_site` VALUES (1,'example.com','example.com');
/*!40000 ALTER TABLE `django_site` ENABLE KEYS */;
UNLOCK TABLES;

--
-- Table structure for table `hospital`
--

DROP TABLE IF EXISTS `hospital`;
/*!40101 SET @saved_cs_client     = @@character_set_client */;
 SET character_set_client = utf8mb4 ;
CREATE TABLE `hospital` (
  `hospital_id` int(11) NOT NULL AUTO_INCREMENT,
  `state_id` int(11) DEFAULT NULL,
  `county_id` int(11) DEFAULT NULL,
  `city_id` int(11) DEFAULT NULL,
  `zip_code_id` int(11) DEFAULT NULL,
  `provider_identifier` int(11) DEFAULT NULL,
  `hospital_name` varchar(45) DEFAULT NULL,
  `address` varchar(45) DEFAULT NULL,
  `phone_number` varchar(11) DEFAULT NULL,
  PRIMARY KEY (`hospital_id`),
  UNIQUE KEY `hospital_id` (`hospital_id`),
  KEY `state_id` (`state_id`),
  KEY `county_id` (`county_id`),
  KEY `city_id` (`city_id`),
  KEY `zip_code_id` (`zip_code_id`),
  CONSTRAINT `hospital_ibfk_1` FOREIGN KEY (`state_id`) REFERENCES `state` (`state_id`) ON UPDATE CASCADE,
  CONSTRAINT `hospital_ibfk_2` FOREIGN KEY (`county_id`) REFERENCES `county` (`county_id`) ON UPDATE CASCADE,
  CONSTRAINT `hospital_ibfk_3` FOREIGN KEY (`city_id`) REFERENCES `city` (`city_id`) ON UPDATE CASCADE,
  CONSTRAINT `hospital_ibfk_4` FOREIGN KEY (`zip_code_id`) REFERENCES `zip_code` (`zip_code_id`) ON UPDATE CASCADE
) ENGINE=InnoDB AUTO_INCREMENT=519 DEFAULT CHARSET=utf8mb4 COLLATE=utf8mb4_0900_ai_ci;
/*!40101 SET character_set_client = @saved_cs_client */;

--
-- Dumping data for table `hospital`
--

LOCK TABLES `hospital` WRITE;
/*!40000 ALTER TABLE `hospital` DISABLE KEYS */;
INSERT INTO `hospital` VALUES (1,39,365,419,1,400079,'HOSP COMUNITARIO BUEN SAMARITANO','CARR.2 KM.1.4 AVE. SEVERIANO CUEVAS #18','7876580000'),(2,39,366,420,2,400087,'HOSPITAL DR CAYETANO COLL Y TOSTE','CARRETERA 129 KM.1 AVENIDA SAN LUIS','7876507272'),(3,39,358,410,3,400010,'HOSPITAL GENERAL DE CASTANER','CARR 135 KM 64 2','7878295010'),(4,39,368,422,4,400111,'HOSPITAL SAN CARLOS BORROMEO','CALLE CONCEPCION VERA AYALA #550 S','7878778000'),(5,39,359,411,5,400123,'HOSPITAL PEREA','15 DR BASORA STREET','7878340101'),(6,39,359,411,5,400014,'BELLA VISTA HOSPITAL','CARR 349 KM 2 7 CERRO LAS MESAS','7876526045'),(7,39,359,411,6,400103,'MAYAGUEZ MEDICAL CENTER DR RAMON EMETERIO BET','CARR 2 BO SABALOS','7876529200'),(8,39,362,416,7,400021,'HOSPITAL DE LA CONCEPCION','ROAD NUMBER 2 KM 173.4 CAIN ALTO','7878921860'),(9,39,367,421,8,400110,'HOSPITAL METROPOLITANO DR TITO MATTEI','ROAD 128 KM 1.0','7878561000'),(10,39,361,415,9,400018,'MENNONITE GENERAL HOSPITAL INC','CALLE JOSE C VASQUEZ BO. CAONILLAS','7875351001'),(11,39,363,417,10,400026,'LAFAYETTE HOSPITAL','CARR.753 KM.0.1-SECTOR CUATRO CALLES','7878393232'),(12,39,354,405,11,400022,'HOSPITAL DAMAS INC','PONCE BY PASS #2213','7878408460'),(13,39,356,407,12,400120,'HIMA SAN PABLO-CAGUAS','AVE LUIS MUNOZ MARIN','7876533434'),(14,39,356,407,12,400104,'HOSPITAL MENONITA CAGUAS INC','CARR 172  EXIT 21 URB TURABO GARDENS','7877443141'),(15,39,354,405,13,400003,'HOSPITAL METROPOLITANO DR PILA','2435 LAS AMERICAS AVE','7878485600'),(16,39,354,405,13,400044,'SAN LUKE\'S MEMORIAL HOSPITAL INC','TITO CASTRO AVE #917','7878442080'),(17,39,360,412,14,400013,'HOSPITAL MENONITA DE CAYEY','BO. RINCON SECTOR LAS LOMAS  KM.3.1 CARR 14','7875351001'),(18,39,354,424,15,400113,'HOSPITAL SAN CRISTOBAL','CARR 506 KM 1 0','7878482100'),(19,39,357,409,16,400009,'SANTA ROSA CLINIC','AVE. LOS VETERANOS #3 KM 135 7 EXIT TO ARROYO','7878640101'),(20,39,357,409,16,400048,'HOSPITAL EPISCOPAL SAN LUCAS GUAYAMA INC','AVE. PEDRO ALBIZU CAMPOS URB. LA HACIENDA','7878644300'),(21,39,353,404,17,400007,'RYDER MEMORIAL HOSPITAL INC','355 AVE FONT MARTELO','7878520768'),(22,39,353,404,17,400005,'HIMA SAN PABLO HUMACAO','CALLE FONT MARTELO #3','7878522424'),(23,39,353,404,18,400011,'HOSPITAL ORIENTE','300 FONT MARTELLO STREET','7878520505'),(24,39,355,406,19,400001,'PRESBYTERIAN COMMUNITY HOSP','1451 ASHFORD AVENUE','7877212160'),(25,39,355,408,20,400006,'DOCTORS\' CENTER HOSPITAL SAN JUAN','PDA. 20 C/ SAN RAFAEL # 1395','7877232950'),(26,39,355,408,21,400019,'HOSPITAL PAVIA SANTURCE','CALLE PROFESOR AUGUSTO RODRIGUEZ #1462','7877276060'),(27,39,355,406,22,400106,'METROPOLITAN HOSPITAL','CARRETERA 21 1785 URB LAS LOMAS','7877829999'),(28,39,355,414,23,400016,'AUXILIO MUTUO HOSPITAL','PONCE DE LEON AVENUE STOP 36 1/2 #735','7877582000'),(29,39,355,406,24,400098,'HOSPITAL SAN FRANCISCO','371 DE DIEGO AVE','7877675100'),(30,39,355,413,25,400061,'HOSPITAL UNIVERSITARIO DE ADULTO','BARRIO MONACILLOS CENTROMEDICO','7877540101'),(31,39,355,406,26,400012,'HOSPITAL ONCOLOGICO DR ISAAC GONZALEZ MARTINE','BO. MONACILLOS CARR 22 CENTRO MEDICO DE PUERT','7877634149'),(32,39,355,406,27,400004,'ASOCIACION HOSPITAL DEL MAESTRO  INC','SERGIO CUEVAS BUSTAMANTE STREET 550','7877586420'),(33,39,355,413,27,400015,'SAN JUAN MUNICIPAL HOSPITAL','BARRIO MONACILLOSCENTRO MEDICO','7877568535'),(34,39,364,418,28,400105,'HOSPITAL UNIVERSITARIO DR RUIZ ARNAU','LAUREL AVE SANTA JUANITA #100','7877875151'),(35,39,364,418,29,400102,'DOCTORS CENTER HOSPITAL BAYAMON','9 J STREET EXT HERMANAS DAVILA','7876225420'),(36,39,364,418,30,400032,'HOSPITAL HERMANOS MELENDEZ INC','CARRETERA #2 KM 11 7','7876208181'),(37,39,364,418,31,400109,'HIMA SAN PABLO BAYAMON','CALLE SANTA CRUZ NUMERO 70  URB SANTA CRUZ','7876204747'),(38,39,369,423,32,400112,'HOSPITAL UPR  DR  FEDERICO TRILLA','CARR 3 KM 8  3 AVE 65TH INFANTERIA       BOX','7877571800'),(39,19,94,106,33,220171,'LAHEY HOSPITAL & MEDICAL CENTER  BURLINGTON','41 & 45 MALL ROAD','7817445100'),(40,19,92,104,34,220010,'LAWRENCE GENERAL HOSPITAL','ONE GENERAL STREET','9786834000'),(41,19,93,105,35,220075,'MASSACHUSETTS EYE AND EAR INFIRMARY','243 CHARLES STREET','6175237900'),(42,19,95,107,36,221300,'MARTHA\'S VINEYARD HOSPITAL INC','ONE HOSPITAL ROAD FIRST FL WING 5  PO BOX 147','5086930410'),(43,30,279,310,37,300020,'SOUTHERN NH MEDICAL CENTER','8 PROSPECT STREET','6035772000'),(44,21,98,110,38,200033,'EASTERN MAINE MEDICAL CENTER','PO BOX 404','2079737000'),(45,21,99,111,39,201301,'CHARLES A DEAN MEMORIAL HOSPITAL','PO BOX 1129','2076955200'),(46,21,97,109,40,200018,'AROOSTOOK MEDICAL CENTER','PO BOX 151','2077684000'),(47,21,100,112,41,201312,'WALDO COUNTY GENERAL HOSPITAL','PO BOX 287','2073382500'),(48,7,40,48,42,70029,'BRISTOL HOSPITAL','BREWSTER RD','8605853000'),(49,7,39,47,43,70006,'STAMFORD HOSPITAL','ONE HOSPITAL PLAZA','2032761000'),(50,31,280,320,44,310054,'HACKENSACK-UMC MOUNTAINSIDE','BAY AND HIGHLAND AVE','9734296000'),(51,31,280,326,45,310119,'UNIVERSITY HOSPITAL','150 BERGEN ST','9739725658'),(52,31,280,326,46,310096,'SAINT MICHAEL\'S MEDICAL CENTER','111 CENTRAL AVENUE','9738775350'),(53,31,280,311,47,310009,'CLARA MAASS MEDICAL CENTER','ONE CLARA MAASS DRIVE','9734502002'),(54,31,283,314,48,310034,'RIVERVIEW MEDICAL CENTER','ONE RIVERVIEW PLAZA','7327412700'),(55,31,283,327,49,310112,'BAYSHORE COMMUNITY HOSPITAL','727 N BEERS ST','7327395900'),(56,31,283,321,50,310075,'MONMOUTH MEDICAL CENTER','300 SECOND AVENUE','7322225200'),(57,31,287,319,51,310050,'SAINT CLARE\'S HOSPITAL/ DENVILLE CAMPUS','25 POCONO ROAD','9739835569'),(58,31,289,323,52,310091,'MEMORIAL HOSPITAL OF SALEM COUNTY','310 WOODSTOWN ROAD','8569351000'),(59,31,288,322,53,310081,'INSPIRA MEDICAL CENTER WOODBURY','509 N BROAD ST','8568450100'),(60,31,285,316,54,310029,'OUR LADY OF LOURDES MEDICAL CENTER','1600 HADDON AVENUE','8567573500'),(61,31,282,313,55,310011,'CAPE REGIONAL MEDICAL CENTER INC','TWO STONE HARBOR BLVD','6094632000'),(62,31,284,315,56,310032,'INSPIRA MEDICAL CENTER VINELAND','1505 W SHERMAN AVE','8566416610'),(63,31,286,318,57,310044,'CAPITAL HEALTH MEDICAL CENTER - HOPEWELL','ONE CAPITAL WAY','6093034000'),(64,31,281,312,58,310010,'UNIV MEDICAL CENTER OF PRINCETON AT PLAINSBOR','ONE-FIVE PLAINSBORO ROAD','8664604776'),(65,31,286,324,59,310110,'ROBERT WOOD JOHNSON UNIVERSITY HOSPITAL HAMIL','ONE HAMILTON HEALTH PLACE','6095867900'),(66,31,281,325,60,310108,'JFK MEDICAL CTR - ANTHONY M. YELENCSICS COMMU','65 JAMES STREET','7323217000'),(67,31,281,317,61,310038,'ROBERT WOOD JOHNSON UNIVERSITY HOSPITAL','ONE ROBERT WOOD JOHNSON PLACE','7329378525'),(68,31,281,317,61,310070,'SAINT PETER\'S UNIVERSITY HOSPITAL','254 EASTON AVE','7327458600'),(69,34,306,346,62,330024,'MOUNT SINAI HOSPITAL','ONE GUSTAVE L LEVY PLACE','2122417981'),(70,34,312,353,63,330059,'MONTEFIORE MEDICAL CENTER','111 EAST 210TH STREET','7189204321'),(71,34,312,353,63,330385,'NORTH CENTRAL BRONX HOSPITAL','3424 KOSSUTH AVENUE & 210TH STREET','2125195000'),(72,34,305,364,64,330304,'WHITE PLAINS HOSPITAL CENTER','41 EAST POST R0AD','9146810600'),(73,34,305,345,65,330006,'ST JOSEPH\'S MEDICAL CENTER','127 SOUTH BROADWAY','9143787000'),(74,34,309,362,66,330195,'LONG ISLAND JEWISH MEDICAL CENTER','270 - 05 76TH AVENUE','7184707000'),(75,34,309,350,67,330055,'NEW YORK-PRESBYTERIAN/QUEENS','56-45 MAIN STREET','7186702000'),(76,34,316,361,68,330181,'GLEN COVE HOSPITAL','101 ST ANDREWS LANE','5166747300'),(77,34,316,363,69,330198,'SOUTH NASSAU COMMUNITIES HOSPITAL','ONE HEALTHY WAY','5166323000'),(78,34,318,366,70,330393,'UNIVERSITY HOSPITAL ( STONY BROOK )','HEALTH SCIENCES CENTER SUNY','6314444000'),(79,34,307,349,71,330049,'NORTHERN DUTCHESS HOSPITAL','6511 SPRINGBROOK AVENUE','8458713391'),(80,34,307,347,72,330023,'VASSAR BROTHERS MEDICAL CENTER','45 READE PLACE','8454548500'),(81,34,317,367,73,331303,'CATSKILL REGIONAL MEDICAL CENTER - G HERMANN','8081 ROUTE 97','8458875530'),(82,34,317,365,74,330386,'CATSKILL REGIONAL MEDICAL CENTER','68 HARRIS BUSHVILLE ROAD','8457943300'),(83,34,314,360,75,330136,'MARY IMOGENE BASSETT HOSPITAL','ONE ATWELL ROAD','6075473456'),(84,34,308,348,76,330033,'CHENANGO MEMORIAL HOSPITAL  INC','179 NORTH BROAD STREET','6073354111'),(85,34,314,356,77,330085,'AURELIA OSBORN FOX MEMORIAL HOSPITAL','ONE NORTON AVENUE','6074322000'),(86,34,313,359,78,330111,'BERTRAND CHAFFEE HOSPITAL','224 EAST MAIN STREET','7165922871'),(87,34,313,354,79,330078,'SISTERS OF CHARITY HOSPITAL','2157 MAIN STREET','7168621000'),(88,34,313,357,80,330102,'KENMORE MERCY HOSPITAL','2950 ELMWOOD AVENUE','7164476100'),(89,34,311,352,81,330065,'NIAGARA FALLS MEMORIAL MEDICAL CENTER','621 TENTH STREET','7162784000'),(90,34,310,355,82,330074,'F F THOMPSON HOSPITAL','350 PARRISH STREET','5853966000'),(91,34,310,351,83,330058,'GENEVA GENERAL HOSPITAL','196 -198 NORTH STREET','3157874175'),(92,34,315,358,84,330103,'OLEAN GENERAL HOSPITAL','515 MAIN STREET','7163732600'),(93,38,340,389,85,390032,'ALLEGHENY VALLEY HOSPITAL','1301 CARLISLE ST','4122245100'),(94,38,349,400,86,390219,'EXCELA HEALTH LATROBE HOSPITAL','ONE MELLON WAY','7245371000'),(95,38,348,397,87,390168,'BUTLER MEMORIAL HOSPITAL','ONE HOSPITAL WAY','7242836666'),(96,38,347,396,88,390163,'ACMH HOSPITAL','ONE NOLTE DRIVE','7245438500'),(97,38,343,392,89,390093,'CLARION HOSPITAL','ONE HOSPITAL DRIVE','8142269500'),(98,38,345,394,90,390146,'WARREN GENERAL HOSPITAL','TWO CRESCENT PARK WEST','8147233300'),(99,38,341,390,91,390066,'GOOD SAMARITAN HOSPITAL','FOURTH AND WALNUT STREETS','7172707500'),(100,38,338,387,92,390013,'EVANGELICAL COMMUNITY HOSPITAL','ONE HOSPITAL DRIVE','5705222200'),(101,38,351,402,93,390321,'SURGICAL SPECIALTY CENTER AT COORDINATED HEAL','1503 CEDAR CREST BOULEVARD','6108719110'),(102,38,352,403,94,390330,'ST LUKE\'S HOSPITAL - MONROE CAMPUS','100 ST LUKES LANE','2722120200'),(103,38,342,391,95,390079,'ROBERT PACKER HOSPITAL','ONE GUTHRIE SQUARE','5708886666'),(104,38,346,398,96,390180,'CROZER CHESTER MEDICAL CENTER','ONE MEDICAL CENTER BOULEVARD','6104472000'),(105,38,346,395,97,390156,'MERCY FITZGERALD HOSPITAL','LANSDOWNE & BAILY RDS','2152374000'),(106,38,350,401,98,390258,'ST MARY MEDICAL CENTER','LANGHORNE-NEWTOWN RD','2157502003'),(107,38,344,399,99,390195,'MAIN LINE HOSPITAL LANKENAU','100 LANCASTER AVE','6106452000'),(108,38,339,388,100,390111,'HOSPITAL OF UNIV OF PENNSYLVANIA','34TH & SPRUCE STS','2156623227'),(109,38,339,388,100,393303,'CHILDREN\'S HOSPITAL OF PHILADELPHIA','34TH ST & CIVIC CENTER BLVD','2155903745'),(110,38,339,388,101,390025,'KENSINGTON HOSPITAL','136 W DIAMOND STREET','2154268100'),(111,38,344,393,102,390123,'POTTSTOWN MEMORIAL MEDICAL CENTER','1600 EAST HIGH STREET AND ARMAND HAMMER BLVD','6103277000'),(112,8,41,49,103,80003,'ST FRANCIS HOSPITAL','7TH AND CLAYTON STS','3024214100'),(113,20,96,108,104,210011,'SAINT AGNES HOSPITAL','900 CATON AVENUE','4103682101'),(114,27,234,262,105,340047,'NORTH CAROLINA BAPTIST HOSPITAL','MEDICAL CENTER BOULEVARD','3367162011'),(115,27,236,264,106,340132,'MARIA PARHAM MEDICAL CENTER','PO BOX 59','2524313708'),(116,27,235,263,107,340127,'GRANVILLE HEALTH SYSTEMS','COLLEGE ST BOX 947','9196903000'),(117,27,233,261,108,340030,'DUKE UNIVERSITY HOSPITAL','PO BOX 3814 DUMC  ERWIN RD','9196848111'),(118,27,240,268,109,341302,'OUR COMMUNITY HOSPITAL','921 JUNIOR HIGH ROAD','2528264144'),(119,27,239,267,110,340171,'NOVANT HEALTH MATTHEWS MEDICAL CENTER','1500 MATTHEWS TWNSHP PRKWY BOX 3310','7043846500'),(120,27,242,270,111,341323,'CHARLES A CANNON JR MEMORIAL HOSPITAL','434 HOSPITAL DRIVE','8287377000'),(121,27,241,269,112,341320,'ALLEGHANY COUNTY MEMORIAL HOSPITAL','617 DOCTORS STREET','3363725511'),(122,27,237,265,113,340144,'DAVIS REGIONAL MEDICAL CENTER','218 OLD MOCKSBVILLE RD PO BOX 1823','7048730281'),(123,27,238,266,114,340156,'CHEROKEE INDIAN HOSPITAL AUTHORITY','CALLER BOX C268','7044979163'),(124,10,47,56,115,110030,'CARTERSVILLE MEDICAL CENTER','960 JOE FRANK HARRIS PARKWAY','7703878182'),(125,10,53,62,116,113301,'CHILDREN\'S HEALTHCARE OF ATLANTA AT SCOTTISH','1001 JOHNSON FERRY ROAD','4047855252'),(126,10,50,59,117,110128,'MEADOWS REGIONAL MEDICAL CENTER','ONE MEADOWS PARKWAY','9125355828'),(127,10,49,58,118,110041,'HABERSHAM COUNTY MEDICAL CTR','541 HISTORIC HIGHWAY 441-NORTH','7067542161'),(128,10,51,60,119,111313,'PUTNAM GENERAL HOSPITAL','101 LAKE OCONEE PARKWAY','7064852711'),(129,10,52,61,120,111335,'LIBERTY REGIONAL MEDICAL CENTER','462 E G MILES PARKWAY','9123699438'),(130,10,48,57,121,110038,'JOHN D ARCHBOLD MEMORIAL HOSPITAL','915 GORDON AVENUE & MIMOSA DRIVE','2292282880'),(131,9,42,50,122,100054,'TWIN CITIES HOSPITAL','2190 HWY 85 N','8506784131'),(132,9,46,54,123,100204,'NORTH FLORIDA REGIONAL MEDICAL CENTER','6500 NEWBERRY RD','3523334100'),(133,9,45,53,124,100183,'CORAL GABLES HOSPITAL','3100 DOUGLAS RD','3054458461'),(134,9,45,55,125,100209,'KENDALL REGIONAL MEDICAL CENTER','11750 BIRD RD','3052233000'),(135,9,44,52,126,100137,'HEART OF FLORIDA REGIONAL MEDICAL CENTER','40100 US HWY 27 N','8634224971'),(136,9,43,51,127,100244,'CAPE CORAL HOSPITAL','636 DEL PRADO BLVD','2395742323'),(137,2,10,12,128,10131,'CRESTWOOD MEDICAL CENTER','ONE HOSPITAL DR SE','2568823100'),(138,2,6,8,129,10005,'MARSHALL MEDICAL CENTER SOUTH','2505 U S HIGHWAY 431 NORTH','2565938310'),(139,2,7,9,130,10012,'DEKALB REGIONAL MEDICAL CENTER','200 MED CENTER DRIVE','2568453150'),(140,2,8,10,131,10032,'WEDOWEE HOSPITAL','209 NORTH MAIN STREET','2563572111'),(141,2,9,11,132,10095,'HALE COUNTY HOSPITAL','508 GREEN STREET','3346243024'),(142,2,11,13,133,11304,'CHOCTAW GENERAL HOSPITAL','401 VANITY FAIR LANE PO BOX 618','2054599100'),(143,25,205,227,134,250128,'MERIT HEALTH BATESVILLE','303 MEDICAL CENTER DRIVE','6625635611'),(144,25,183,203,135,250042,'NORTHWEST MISSISSIPPI REGIONAL MEDICAL CENTER','1970 HOSPITAL DRIVE','6626273211'),(145,25,174,193,136,250012,'ALLIANCE HEALTHCARE SYSTEM','1430 HIGHWAY 4 EAST / P O BOX 6000','6622521212'),(146,25,220,244,137,251314,'QUITMAN COUNTY HOSPITAL CAH','340 GETWELL DRIVE','6623268031'),(147,25,170,189,138,250006,'BAPTIST MEMORIAL HOSPITAL UNION COUNTY','200 HWY 30 WEST','6625387631'),(148,25,209,232,139,250167,'METHODIST HEALTHCARE - OLIVE BRANCH HOSPITAL','4250 BETHEL ROAD','6629329000'),(149,25,180,200,140,250034,'BAPTIST MEMORIAL HOSPITAL NORTH MS','2301 SOUTH LAMAR','6622328100'),(150,25,203,224,141,250126,'NORTH OAK REGIONAL MEDICAL CENTER','401 GETWELL DR','6625623100'),(151,25,195,215,142,250082,'DELTA REGIONAL MEDICAL CENTER','1400 E UNION ST','6623783783'),(152,25,197,217,143,250093,'BOLIVAR MEDICAL CENTER','901 E SUNFLOWER RD','6628460061'),(153,25,199,220,144,250095,'SOUTH SUNFLOWER COUNTY HOSPITAL','121 E BAKER ST','6628875235'),(154,25,199,248,145,251318,'NORTH SUNFLOWER MEDICAL CENTER CAH','840 NORTH OAK AVENUE','6627562711'),(155,25,171,190,146,250004,'NORTH MISSISSIPPI MEDICAL CENTER','830 S GLOSTER','6623773000'),(156,25,178,198,147,250025,'MERIT HEALTH GILMORE MEMORIAL','1105 EARL FRYE BLVD / PO BOX 459','6622566002'),(157,25,173,192,148,250017,'TRACE REGIONAL HOSP AND SWING BED','1002 EAST MADISON STREET','6624563700'),(158,25,169,188,149,250002,'TISHOMINGO HEALTH SERVICES INC','1777 CURTIS DRIVE','6624236051'),(159,25,217,241,150,251308,'PONTOTOC HEALTH SERVICE CAH','176 SOUTH MAIN STREET','6624895510'),(160,25,208,231,151,250168,'UNIVERSITY OF MISSISSIPPI MEDICAL CENTER- GRE','960 AVENT DRIVE','6622277000'),(161,25,211,235,152,251304,'TALLAHATCHIE CRITICAL ACCESS HOSPITAL','201 SOUTH MARKET ST / PO BOX 230','6626475535'),(162,25,200,221,153,250099,'GREENWOOD LEFLORE HOSPITAL','1401 RIVER RD / PO BOX 1410','6624597000'),(163,25,218,242,154,251312,'TYLER HOLMES MEMORIAL HOSPITAL CAH','409 TYLER HOLMES DRIVE','6622834114'),(164,25,198,219,155,250096,'MERIT HEALTH RANKIN','350 CROSSGATES BLVD','6018252811'),(165,25,184,204,156,250038,'MERIT HEALTH MADISON','161 RIVER OAKS DRIVE','6018554000'),(166,25,219,243,157,251315,'BAPTIST MEDICAL CENTER-LEAKE','1100 HIGHWAY 16 EAST','6012671422'),(167,25,189,209,158,250060,'JEFFERSON COUNTY HOSPITAL','870 S MAIN','6017863401'),(168,25,210,233,159,251300,'LACKEY MEMORIAL HOSPITAL','330 N BROAD STREET','6014694151'),(169,25,225,253,160,251327,'HARDY WILSON MEMORIAL HOSPITAL CAH','233 MAGNOLIA STREET','6018944541'),(170,25,223,247,161,251319,'HOLMES COUNTY HOSPITAL AND CLINICS','239 BOWLING GREEN ROAD','6628341321'),(171,25,202,223,162,250124,'MAGEE GENERAL HOSPITAL','300 3RD AVE SE','6018495070'),(172,25,202,249,163,251317,'SIMPSON GENERAL HOSPITAL CAH','1842 SIMPSON HIGHWAY 149','6018472221'),(173,25,210,251,164,251323,'SCOTT REGIONAL HOSPITAL CAH','317 HIGHWAY 13 SOUTH','6017326301'),(174,25,193,213,165,250084,'MERIT HEALTH NATCHEZ','52 SERGEANT PRENTISS DRIVE','6014432100'),(175,25,224,250,166,251320,'CLAIBORNE COUNTY HOSPITAL','123 MCCOMB AVENUE','6014375141'),(176,25,207,230,167,250163,'PATIENTS CHOICE MEDICAL CENTER','347 MAGNOLIA DRIVE','6017829997'),(177,25,196,216,168,250079,'SHARKEY ISSAQUENA COMMUNITY HOSPITAL','47 SOUTH FOURTH ST','6628734395'),(178,25,181,201,169,250031,'MERIT HEALTH RIVER REGION','2100 HWY 61 N','6018835000'),(179,25,198,226,170,250134,'WHITFIELD MEDICAL SURGICAL HOSPITAL','3550 HWY 468 W BLDG 60','6013518023'),(180,25,222,246,171,251313,'BAPTIST MEDICAL CENTER YAZOO','823 GRAND AVENUE','6627462261'),(181,25,168,187,172,250102,'MISSISSIPPI BAPTIST MEDICAL CENTER','1225 N STATE ST','6019681000'),(182,25,168,187,173,250072,'MERIT HEALTH CENTRAL','1850 CHADWICK DR','6013761000'),(183,25,168,187,174,250001,'UNIVERSITY OF MISSISSIPPI MED CENTER','2500 N STATE ST','6019844100'),(184,25,168,187,174,250048,'ST DOMINIC-JACKSON MEMORIAL HOSPITAL','969 LAKELAND DR','6012002000'),(185,25,168,187,174,250152,'MISSISSIPPI METHODIST REHAB CTR','1350 E WOODROW WILSON DR','6019812611'),(186,25,198,228,175,250138,'MERIT HEALTH RIVER OAKS','1030 RIVER OAKS DRIVE','6019321030'),(187,25,198,228,175,250136,'MERIT HEALTH WOMEN\'S HOSPITAL','1026 RIVER OAKS DRIVE','6019321000'),(188,25,194,214,176,250081,'ANDERSON RMC SOUTH','1102 CONSTITUTION AVENUE','6014843590'),(189,25,194,214,176,250104,'ANDERSON REGIONAL MEDICAL CTR','2124 14 ST','6015536000'),(190,25,194,214,176,250151,'ALLIANCE HEALTH CENTER','5000 HIGHWAY 39 NORTH','6014836211'),(191,25,215,239,177,251307,'NOXUBEE GENERAL CRITICAL ACCESS HOSP','606 NORTH JEFFERSON STREET','6627264231'),(192,25,185,205,178,250043,'NESHOBA COUNTY GENERAL HOSPITAL','1001 HOLLAND AVENUE','6016631200'),(193,25,185,205,178,250127,'CHOCTAW HEALTH CENTER','ROUTE 7 BOX R50','6016562211'),(194,25,221,245,179,251316,'H C WATKINS MEMORIAL HOSPITAL INC','605 SOUTH ARCHUSA AVENUE','6017766925'),(195,25,185,252,180,251322,'LAIRD HOSPITAL INC','25117 HIGHWAY 15','6017748214'),(196,25,191,211,181,250077,'WAYNE GENERAL HOSPITAL','950 MATTHEW DR','6017355151'),(197,25,192,212,182,250094,'MERIT HEALTH WESLEY','5001 W HARDY ST','6012688000'),(198,25,192,212,183,250078,'FORREST GENERAL HOSPITAL','6051 US HIGHWAY 49','6012887000'),(199,25,175,194,184,250018,'JASPER GENERAL HOSPITAL','15 SOUTH 6TH STREET','6017642101'),(200,25,226,254,185,251325,'COVINGTON COUNTY HOSPITAL CAH','701 SOUTH HOLLY AVENUE','6017656711'),(201,25,176,196,186,250058,'SOUTH CENTRAL REG MED CTR','1220 JEFFERSON ST BOX 607','6014264000'),(202,25,179,199,187,250036,'GEORGE REGIONAL HEALTH SYSTEM','859 WINTER STREET','6019473161'),(203,25,204,225,188,250117,'HIGHLAND COMMUNITY  HOSPITAL','130 HIGHLAND PKWY','6013589400'),(204,25,227,255,189,251326,'JEFFERSON DAVIS COMMUNITY HOSPITAL CAH','1102 ROSE STREET','6017924276'),(205,25,214,238,190,251306,'PERRY COUNTY GENERAL HOSP','206 BAY ST','6017886316'),(206,25,172,195,191,250019,'MEMORIAL HOSPITAL AT GULFPORT','4500 13TH ST-P O BOX 1810','2288674000'),(207,25,172,195,192,250123,'GARDEN PARK MEDICAL CENTER','15200 COMMUNITY ROAD','2285757000'),(208,25,206,229,193,250162,'HANCOCK MEDICAL CENTER','149 DRINKWATER BLVD','2284678600'),(209,25,172,191,194,250007,'MERIT HEALTH BILOXI','150 REYNOIR STREET','2284361104'),(210,25,212,236,195,251303,'STONE COUNTY HOSPITAL','1434 EAST CENTRAL AVENUE','6019286600'),(211,25,182,202,196,250040,'SINGING RIVER HOSPITAL','2809 DENNY AV','2288095000'),(212,25,186,206,197,250057,'KING\'S DAUGHTERS MEDICAL CENTER-BROOKHAVEN','P O BOX 948/427 HIGHWAY 51 NORTH','6018336011'),(213,25,216,240,198,251309,'FIELD HEALTH SYSTEM','178 HIGHWAY 24','6018900500'),(214,25,187,218,199,250097,'SOUTHWEST MS REGIONAL MEDICAL CENTER','215 MARION AV BOX 1307','6012495500'),(215,25,187,207,200,250049,'BEACHAM MEMORIAL HOSPITAL','205 N CHERRY STREET','6017832353'),(216,25,213,237,201,251305,'LAWRENCE COUNTY HOSPITAL CAH','1065 EAST BROAD ST','6015874051'),(217,25,201,222,202,250100,'BAPTIST MEM HOSP/ GOLDEN TRIANGLE INC','2520 5TH ST N','6622441500'),(218,25,178,234,203,251302,'PIONEER COMMUNITY HOSPITAL OF ABERDEEN','400 S CHESTNUT STREET','6623692455'),(219,25,177,197,204,250020,'WEBSTER GENERAL HOSPITAL/ SWING BED','70 MEDICAL PLAZA','6622586221'),(220,25,188,208,205,250050,'OCH REGIONAL MEDICAL CENTER','400 HOSPITAL ROAD /MAIL PO BOX 1506','6623234320'),(221,25,190,210,206,250067,'CLAY COUNTY MEDICAL CENTER','150 MEDICAL CENTER DR','6624952300'),(222,17,84,96,207,180010,'SAINT JOSEPH HOSPITAL','ONE SAINT JOSEPH DRIVE','8593131000'),(223,17,86,98,208,180080,'BAPTIST HEALTH CORBIN','ONE TRILLIUM WAY','6065281212'),(224,17,85,97,209,180079,'HARRISON MEMORIAL HOSPITAL','1210 KY HWY 36 E','8592342300'),(225,35,322,371,210,360262,'MERCY ST ANNE HOSPITAL','3404 SYLVANIA AVENUE','4194072663'),(226,35,321,370,211,360098,'LAKE HEALTH','7590 AUBURN ROAD','4409539600'),(227,35,323,372,212,360245,'GLENBEIGH HEALTH SOURCES','2863 STATE ROUTE 45','4405633400'),(228,35,320,369,213,360076,'ATRIUM MEDICAL CENTER','ONE MEDICAL CENTER DRIVE','5134205102'),(229,35,324,373,214,363308,'SHRINERS HOSPITALS FOR CHILDREN - CINCINNATI','3229 BURNETT AVENUE','5138726000'),(230,35,319,368,215,363306,'DAYTON CHILDREN\'S HOSPITAL','ONE CHILDRENS PLAZA','9376413450'),(231,35,319,368,216,360133,'GRANDVIEW HOSPITAL & MEDICAL CENTER','405 GRAND AVENUE','9377233312'),(232,35,319,368,217,360051,'MIAMI VALLEY HOSPITAL','ONE WYOMING STREET','9372088000'),(233,35,319,368,218,360274,'MEDICAL CENTER AT ELIZABETH PLACE','ONE ELIZABETH PLACE','9378531053'),(234,15,72,84,219,150128,'COMMUNITY HOSPITAL SOUTH','1402 E COUNTY LINE RD S','3178877000'),(235,15,70,82,220,150069,'KING\'S DAUGHTERS\' HEALTH','1373 EAST SR 62','8128010105'),(236,15,71,83,221,150089,'INDIANA UNIVERSITY HEALTH BALL MEMORIAL HOSPI','2401 UNIVERSITY AVE','7657473111'),(237,22,103,116,222,230269,'BEAUMONT HOSPITAL  TROY','44201 DEQUINDRE ROAD','2489648800'),(238,22,104,117,223,230273,'DETROIT RECEIVING HOSPITAL & UNIV HEALTH CENT','4201 ST ANTOINE ST - 3M','3137453104'),(239,22,103,118,224,230277,'HURON VALLEY-SINAI HOSPITAL','ONE WILLIAM CARLS DRIVE','2489373370'),(240,22,102,115,225,230197,'GENESYS REGIONAL MEDICAL CENTER - HEALTH PARK','ONE GENESYS PARKWAY','8106065000'),(241,22,102,114,226,230132,'HURLEY MEDICAL CENTER','ONE HURLEY PLAZA','8102579000'),(242,22,101,113,227,230110,'SPECTRUM HEALTH LUDINGTON HOSPITAL','ONE N ATKINSON DRIVE','2318432591'),(243,22,107,121,228,231323,'SPECTRUM HEALTH REED CITY HOSPITAL','300 N PATTERSON PO BOX 75','2318323271'),(244,22,106,120,229,231322,'MUNSON HEALTHCARE CHARLEVOIX HOSPITAL','14700 LAKESHORE DRIVE','2315474024'),(245,22,105,119,230,231303,'SCHOOLCRAFT MEMORIAL HOSPITAL','7870W US HIGHWAY 2','9063413200'),(246,12,55,64,231,160089,'OTTUMWA REGIONAL HEALTH CENTER','1001 E PENNSYLVANIA','6416827511'),(247,12,56,65,232,161377,'MERCY MEDICAL CENTER-CENTERVILLE','ONE ST JOSEPH\'S DRIVE','6414374111'),(248,23,115,129,233,241346,'MAYO CLINIC HEALTH SYSTEM - CANNON FALLS','32021 COUNTY 24 BOULEVARD','5072636000'),(249,23,129,145,234,241367,'FIRSTLIGHT HEALTH SYSTEM','301 SOUTH HIGHWAY 65','3206791212'),(250,23,142,161,235,243300,'GILLETTE CHILDRENS SPECIALTY HOSPITAL','200 UNIVERSITY AVENUE EAST','6515785611'),(251,23,124,139,236,241355,'GLENCOE REGIONAL HEALTH SERVICES','1805 HENNEPIN AVENUE NORTH','3208643121'),(252,23,130,147,237,241366,'MEEKER MEMORIAL HOSPITAL','612 SOUTH SIBLEY AVENUE','3206934507'),(253,23,143,162,238,243302,'CHILDREN\'S HOSPITALS & CLINICS OF MN','2525 CHICAGO AVENUE SOUTH','6128136112'),(254,23,143,162,239,243303,'SHRINERS HOSPITALS FOR CHILDREN - TWIN CITIES','2025 EAST RIVER PARKWAY','6125966100'),(255,23,118,143,240,241364,'COMMUNITY MEMORIAL HOSPITAL','512 SKYLINE BOULEVARD','2188794641'),(256,23,118,133,241,241350,'MERCY HOSPITAL','4572 COUNTY ROAD 61','2184854481'),(257,23,131,148,242,241369,'UNITED HOSPITAL DISTRICT','515 SOUTH MOORE STREET PO BOX 160','5075263273'),(258,23,138,156,243,241375,'MINNESOTA VALLEY HEALTH CENTER  INC','621 SOUTH FOURTH STREET','5076653375'),(259,23,119,158,244,241378,'NEW ULM MEDICAL CENTER','1324 FIFTH NORTH STREET','5072175000'),(260,23,119,134,245,241352,'MAYO CLINIC HEALTH SYSTEM - SPRINGFIELD','625 JACKSON AVENUE NORTH','5077236201'),(261,23,135,153,246,241374,'PIPESTONE COUNTY  MEDICAL CENTER','916 4TH AVENUE SOUTHWEST','5078255811'),(262,23,116,131,247,241348,'AVERA TYLER HOSPITAL','240 WILLOW STREET','5072475521'),(263,23,112,126,248,241341,'APPLETON MUNICIPAL HOSPITAL','30 SOUTH BEHL STREET','3202898508'),(264,23,112,146,249,241365,'SWIFT COUNTY BENSON HOSPITAL','1815 WISCONSIN AVENUE','3208434232'),(265,23,114,130,250,241347,'SANFORD CANBY MEDICAL CENTER','112 ST OLAF AVENUE SOUTH','5072237277'),(266,23,114,128,251,241343,'MUNICIPAL HOSPITAL AND GRANITE MANOR','345 TENTH AVENUE','3205643111'),(267,23,134,152,252,241372,'MADISON HOSPITAL','820 THIRD AVENUE','3205987536'),(268,23,125,140,253,241359,'AVERA MARSHALL REGIONAL MEDICAL CTR','300 SOUTH BRUCE STREET','5075329661'),(269,23,128,144,254,241363,'STEVENS COMMUNITY MEDICAL CENTER','400 EAST FIRST STREET PO BOX 660','3205891313'),(270,23,111,125,255,241306,'RENVILLE COUNTY HOSPITAL AND CLINICS','100 HEALTHY WAY','3205231261'),(271,23,121,136,256,241351,'REDWOOD AREA HOSPITAL','100 FALLWOOD ROAD','5076374500'),(272,23,137,155,257,241376,'GLACIAL RIDGE HOSPITAL','10 4TH AVENUE SOUTHEAST','3206344521'),(273,23,132,149,258,241370,'ST GABRIELS HOSPITAL','815 SOUTHEAST SECOND STREET','3206325441'),(274,23,123,138,259,241356,'MILLE LACS HEALTH SYSTEM','200 NORTH ELM STREET','3205323154'),(275,23,117,132,260,241349,'CENTRA CARE HEALTH PAYNESVILLE','200 1ST STREET WEST','3202433779'),(276,23,117,150,261,241368,'CENTRACARE HEALTH SYSTEM - SAUK CENTRE','425 NORTH ELM STREET','3203522221'),(277,23,122,137,262,241353,'CUYUNA REGIONAL MEDICAL CENTER','320 EAST MAIN STREET','2185467000'),(278,23,140,159,263,241380,'ST JOSEPHS AREA  HEALTH SERVICES','600 PLEASANT AVENUE','2187323311'),(279,23,120,135,264,241354,'TRI COUNTY HOSPITAL','415 JEFFERSON STREET NORTH','2186313510'),(280,23,136,154,265,241377,'ST FRANCIS MEDICAL CENTER','2400 ST FRANCIS DRIVE','2186433000'),(281,23,139,157,266,241379,'PRAIRIE RIDGE HOSPITAL AND HEALTH SERVICES','1411 STATE HIGHWAY 793','2186857300'),(282,23,110,124,267,241357,'ESSENTIA HEALTH FOSSTON','900 HILLIGOSS BOULEVARD SE','2184351133'),(283,23,109,123,268,241300,'MAHNOMEN HEALTH CENTER','414 W JEFFERSON PO BOX 396','2189352511'),(284,23,133,151,269,241373,'PERHAM HEALTH','1000 CONEY STREET WEST','2183471301'),(285,23,127,142,270,241358,'CASS LAKE INDIAN HEALTH SERVICES HOSPITAL','425 7TH STREET NW','2183353200'),(286,23,126,141,271,241360,'DEER RIVER HEALTHCARE CENTER','115 10TH AVENUE NORTHEAST','2182462900'),(287,23,108,122,272,240206,'RED LAKE HOSPITAL A','PO BOX 497','2186793912'),(288,23,141,160,273,241381,'SANFORD MEDICAL CENTER THIEF RIVER FALLS','3001 SANFORD PARKWAY','2186814240'),(289,23,113,127,274,241344,'LIFECARE MEDICAL CENTER','715 DELMORE DRIVE','2184632500'),(290,28,248,276,275,351319,'PEMBINA COUNTY MEMORIAL HOSPITAL','BOX 380','7012658461'),(291,28,246,274,276,351312,'NORTHWOOD DEACONESS HEALTH CENTER','PO BOX 190','7015876060'),(292,28,243,271,277,350063,'P H S INDIAN HOSP AT BELCOURT-QUENTIN N BURDI','PO BOX 160','7014776111'),(293,28,249,277,278,351331,'TOWNER COUNTY MEDICAL CENTER','HWY 281 N','7019684411'),(294,28,247,275,279,351318,'CARRINGTON HEALTH CENTER','PO BOX 461','7016523141'),(295,28,244,272,280,350064,'STANDING ROCK INDIAN HEALTH SERVICE HOSPITAL','10 NORTH RIVER ROAD','7018543831'),(296,28,245,273,281,351305,'KENMARE COMMUNITY HOSPITAL','PO BOX 697','7013854296'),(297,26,232,260,282,271339,'P H S INDIAN HOSPITAL CROW / NORTHERN CHEYENN','1010 SOUTH 7650 EAST POST OFFICE BOX 9','4066382626'),(298,26,231,259,283,271321,'WHEATLAND MEMORIAL HOSPITAL','530 3RD ST NW','4066324351'),(299,26,230,258,284,271309,'PRAIRIE COMMUNITY HOSPITAL','312 S ADAMS','4066355511'),(300,26,229,257,285,271304,'MISSOURI RIVER MEDICAL CENTER','1501 ST CHARLES ST','4066223331'),(301,26,228,256,286,270003,'ST PETER\'S HOSPITAL','2475 BROADWAY','4064422480'),(302,14,62,75,287,140258,'ALEXIAN BROTHERS MEDICAL CENTER 1','800 W BIESTERFIELD RD','8474375500'),(303,14,64,76,288,140286,'KISHWAUKEE COMMUNITY HOSPITAL','ONE KISH HOSPITAL DRIVE','8157561521'),(304,14,62,72,289,140118,'METROSOUTH MEDICAL CENTER','12935 S GREGORY','7085972000'),(305,14,62,73,290,140191,'INGALLS MEMORIAL HOSPITAL','ONE INGALLS DRIVE','7083332300'),(306,14,60,69,291,140007,'PRESENCE SAINT JOSEPH MEDICAL CENTER','333 N MADISON','8157257133'),(307,14,62,71,292,140018,'MT SINAI HOSPITAL MEDICAL CENTER','15TH STREET AT CALIFORNIA','7732576751'),(308,14,62,71,293,143300,'ANN & ROBERT H LURIE CHILDRENS HOSPITAL OF CH','225 E CHICAGO BOX 57','7738804000'),(309,14,62,71,294,143301,'LARABIDA CHILDRENS HOSPITAL I','E 65TH ST AT LAKE MICHIGAN','7733636700'),(310,14,65,77,295,141302,'MIDWEST MEDICAL CENTER','ONE MEDICAL CENTER DRIVE','8157771340'),(311,14,59,68,296,140002,'ALTON MEMORIAL HOSPITAL','ONE MEMORIAL DRIVE','6184637300'),(312,14,59,68,296,140052,'OSF SAINT ANTHONY\'S HEALTH CENTER','ST ANTHONY\'S WAY','6184652571'),(313,14,66,78,297,141306,'COMMUNITY MEMORIAL HOSPITAL','400 CALDWELL','6186352200'),(314,14,69,81,298,141349,'SPARTA COMMUNITY HOSPITAL','818 E BROADWAY','6184432177'),(315,14,61,70,299,140015,'BLESSING HOSPITAL','BROADWAY AT 11TH STREET','2172235811'),(316,14,68,80,300,141346,'FAYETTE COUNTY HOSPITAL','7TH AND TAYLOR','6182831231'),(317,14,63,74,301,140210,'HARRISBURG MEDICAL CENTER','100 DOCTOR WARREN TUTTLE DR','6182537671'),(318,14,67,79,302,141328,'HARDIN COUNTY GENERAL HOSPITAL','FERRELL ROAD','6182856634'),(319,24,149,167,303,260052,'MERCY HOSPITAL WASHINGTON','901 EAST 5TH STREET','6362398000'),(320,24,147,163,304,260032,'BARNES JEWISH HOSPITAL','ONE BARNES-JEWISH HOSPITAL PLAZA','3147473000'),(321,24,147,163,304,263301,'ST LOUIS CHILDRENS HOSPITAL','ONE CHILDRENS PLACE','3144546000'),(322,24,144,168,305,260108,'MISSOURI BAPTIST MEDICAL CENTER','3015 N BALLAS RD','3149965000'),(323,24,144,163,306,260020,'MERCY HOSPITAL ST LOUIS','615 NEW BALLAS ROAD','3145696000'),(324,24,146,165,307,260022,'NORTHEAST REGIONAL MEDICAL CENTER','315 S OSTEOPATHY','6607851000'),(325,24,157,176,308,261310,'SCOTLAND COUNTY  HOSPITAL','450 E SIGLER AVENUE','6604658511'),(326,24,156,175,309,261306,'SULLIVAN COUNTY MEMORIAL HOSPITAL','630 WEST THIRD STREET','6602654212'),(327,24,167,186,310,261336,'IRON COUNTY HOSPITAL','301 NORTH HIGHWAY 21','5735461260'),(328,24,153,172,311,260183,'SAINT FRANCIS MEDICAL CENTER','211 ST FRANCIS DR','5733313000'),(329,24,159,178,312,261311,'PERRY COUNTY MEMORIAL HOSPITAL','434 NORTH WEST STREET','5735472530'),(330,24,155,174,313,260227,'BLACK RIVER COMMUNITY MEDICAL CENTER','217 PHYSICIANS PARK DRIVE','5736866001'),(331,24,154,173,314,260214,'BELTON REGIONAL MEDICAL CENTER','17065 S 71 HIGHWAY','8163481236'),(332,24,162,181,315,261322,'EXCELSIOR SPRINGS HOSPITAL','1700 RAINBOW BOULEVARD','8166306081'),(333,24,164,183,316,261327,'RAY COUNTY MEMORIAL HOSPITAL','904 WOLLARD BOULEVARD','8164705432'),(334,24,148,166,317,260050,'SSM HEALTH ST FRANCIS HOSPITAL - MARYVILLE','2016 SOUTH MAIN ST','6605622600'),(335,24,158,177,318,261309,'WRIGHT MEMORIAL HOSPITAL','191 IOWA BOULEVARD','6603595621'),(336,24,152,171,319,260175,'GOLDEN VALLEY MEMORIAL HOSPITAL','1600 N 2ND ST','6608855511'),(337,24,163,182,320,261325,'BARTON COUNTY MEMORIAL HOSPITAL','29 NW 1ST LANE','4176826081'),(338,24,160,179,321,261314,'HERMANN AREA DISTRICT HOSPITAL','509 W 18TH ST','5734862191'),(339,24,151,170,322,260141,'UNIVERSITY OF MISSOURI HEALTH CARE','ONE HOSPITAL DRIVE','5738824141'),(340,24,150,169,323,260142,'FITZGIBBON HOSPITAL','2305 S 65 HIGHWAY','6608867431'),(341,24,145,164,324,260017,'PHELPS COUNTY REGIONAL MEDICAL CENTER','1000 W 10TH ST','5734588899'),(342,24,166,185,325,261335,'MERCY ST FRANCIS HOSPITAL','100 WEST HIGHWAY 60 PO BOX 82','4179347000'),(343,24,161,180,326,261318,'SALEM MEMORIAL DISTRICT HOSPITAL','PO BOX 774','5737296626'),(344,24,165,184,327,261329,'COX MONETT HOSPITAL','801 NORTH LINCOLN AVENUE','4173541400'),(345,16,83,95,328,171382,'ATCHISON HOSPITAL','800 RAVIN HILL DRIVE','9133605581'),(346,16,79,91,329,171338,'SABETHA COMMUNITY HOSPITAL','14TH & OREGON','7852842121'),(347,16,82,94,330,171373,'ALLEN COUNTY REGIONAL HOSPITAL','3066 NORTH KENTUCKY STREET','6203651021'),(348,16,80,92,331,171344,'WILSON MEDICAL CENTER','REECE CAMPUS 2600 OTTAWA ROAD','6203258369'),(349,16,81,93,332,171356,'ST LUKE HOSPITAL & LIVING CENTER','535 SOUTH FREEBRON','6203822177'),(350,16,75,87,333,171312,'COMANCHE COUNTY HOSPITAL','2ND & FRISCO STREET','6205822144'),(351,16,76,88,334,171318,'SEDAN CITY HOSPITAL','300 NORTH STREET','6207253115'),(352,16,74,86,335,171303,'LANE COUNTY HOSPITAL','235 WEST VINE  PO BOX 969','6203975321'),(353,16,78,90,336,171324,'SATANTA DISTRICT HOSPITAL','CHEYENNE & APACHE','6206492761'),(354,16,77,89,337,171322,'HAMILTON COUNTY HOSPITAL','700 NORTH HUSER','6203847461'),(355,16,73,85,338,170166,'MORTON COUNTY HOSPITAL','445 N HILLTOP','6206972141'),(356,29,272,302,339,281349,'PENDER COMMUNITY HOSPITAL','P O BOX 100 100 HOSPITAL DRIVE','4023853083'),(357,29,251,279,340,280133,'NEBRASKA SPINE HOSPITAL  LLC','P O BOX 34400 6901 NORTH 72ND ST STE 20300','4025723000'),(358,29,251,279,341,280013,'THE NEBRASKA MEDICAL CENTER DBA NEBRASKA MEDI','987400 NEBRASKA MEDICAL CENTER','4025522040'),(359,29,278,309,342,281364,'BEATRICE COMMUNITY HOSPITAL & HEALTH CENTER','P O BOX 278 4800 HOSPITAL PARKWAY','4022283344'),(360,29,275,305,343,281354,'CRETE AREA MEDICAL CENTER','P O BOX 220 2910 BETTEN DR','4028262102'),(361,29,261,289,344,281319,'JEFFERSON COMMUNITY HEALTH CENTER','P O BOX 277 2200 H ST','4027293351'),(362,29,274,304,345,281352,'COMMUNITY MEDICAL CENTER  INC','P O BOX 399 3307 BARADA ST','4022452428'),(363,29,253,281,346,281301,'FILLMORE COUNTY HOSPITAL','P O BOX 193 1900 F STREET','4027593167'),(364,29,256,298,347,281342,'CHI HEALTH ST MARY\'S','1301 GRUNDMAN BLVD','4028733321'),(365,29,254,282,348,281302,'PAWNEE COUNTY MEMORIAL HOSPITAL','P O BOX 433 600 I ST','4028522231'),(366,29,256,284,349,281309,'COMMUNITY MEMORIAL HOSPITAL','P O BOX N 1579 MIDLAND ST','4022692011'),(367,29,267,295,350,281336,'YORK GENERAL HOSPITAL','2222 LINCOLN AVE','4023626671'),(368,29,265,293,351,281334,'BOONE COUNTY HEALTH CENTER','P O BOX 151 723 WEST FAIRVIEW ST','4023952191'),(369,29,257,285,352,281312,'GENOA COMMUNITY HOSPITAL','P O BOX 310 706 EWING AVE','4029932283'),(370,29,258,286,353,281314,'ANNIE JEFFREY MEMORIAL COUNTY HEALTH CENTER','P O BOX 428 531 BEEBE ST','4027472031'),(371,29,264,292,354,281331,'AVERA CREIGHTON HOSPITAL','P O BOX 186 1503 MAIN ST','4023585700'),(372,29,255,283,355,281303,'NIOBRARA VALLEY HOSPITAL','P O BOX 118 401 SOUTH 5TH STREET','4025692451'),(373,29,262,290,356,281326,'ANTELOPE MEMORIAL HOSPITAL','P O BOX 229 102 WEST 9TH ST','4028874151'),(374,29,271,301,357,281347,'OSMOND GENERAL HOSPITAL','P O BOX 429 402 NORTH MAPLE ST','4027483393'),(375,29,271,300,358,281346,'CHI HEALTH PLAINVIEW','P O BOX 489 704 NORTH THIRD ST','4025824245'),(376,29,266,294,359,281335,'CALLAWAY DISTRICT HOSPITAL','P O BOX 100 211 E KIMBALL ST','3088362228'),(377,29,250,278,360,280009,'CHI HEALTH GOOD SAMARITAN','P O BOX 1990 10 EAST 31ST ST','3088657100'),(378,29,263,307,361,281361,'LEXINGTON REGIONAL HEALTH CENTER','P O BOX 980 1201 NORTH ERIE ST','3083245651'),(379,29,268,296,362,281338,'HOWARD COUNTY MEDICAL CENTER','P O BOX 406 1113 SHERMAN ST','3087544421'),(380,29,252,280,363,281300,'HARLAN COUNTY HEALTH SYSTEM','P O BOX 836 717 NORTH BROWN ST','3089282151'),(381,29,260,288,364,281316,'WEBSTER COUNTY COMMUNITY HOSPITAL','P O BOX 465 621 N FRANKLIN ST','4027465600'),(382,29,259,287,365,281315,'BRODSTONE MEMORIAL HOSP','P O BOX 187 520 EAST 10TH ST','4028793281'),(383,29,277,308,366,281363,'COMMUNITY HOSPITAL','P O BOX 1328 1301 EAST H ST','3083442650'),(384,29,269,297,367,281340,'DUNDY COUNTY HOSPITAL','P O BOX 626 1313 NORTH CHEYENNE ST','3084232204'),(385,29,273,303,368,281351,'CHASE COUNTY COMMUNITY HOSPITAL','P O BOX 819 600 W 12TH ST','3088827111'),(386,29,263,291,369,281327,'COZAD COMMUNITY HOSPITAL','P O BOX 108 300 EAST 12TH ST','3087842261'),(387,29,270,299,370,281344,'CHERRY COUNTY HOSPITAL','P O BOX 410 510 NORTH GREEN ST','4023762525'),(388,29,276,306,371,281360,'BOX BUTTE GENERAL HOSPITAL','P O BOX 810 2101 BOX BUTTE AVE','3087626660'),(389,18,90,102,372,190266,'THE SPINE HOSPITAL OF LOUISIANA','10105 PARK ROW CIRCLE SUITE 250','2257639900'),(390,18,88,100,373,190144,'MINDEN MEDICAL CENTER','NO 1 MEDICAL PLAZA','3183772321'),(391,18,87,99,374,190116,'MOREHOUSE GENERAL HOSPITAL','323 W WALNUT','3182833600'),(392,18,91,103,375,191318,'RIVERLAND MEDICAL CENTER','1700  WALLACE BLVD','3187576551'),(393,18,89,101,376,190145,'LASALLE GENERAL HOSPITAL','187 NINTH ST/HWY 84 WEST','3189929200'),(394,3,19,21,377,41328,'CHICOT MEMORIAL MEDICAL CENTER','2729 SOUTH HIGHWAY 65 & 82','8702655351'),(395,3,14,16,378,40050,'OUACHITA COUNTY MEDICAL CENTER','638 CALIFORNIA AVENUE','8708361000'),(396,3,16,18,379,41319,'DE QUEEN MEDICAL CENTER  INC','1306 WEST COLLIN RAYE DRIVE','8705844111'),(397,3,15,17,380,40154,'BAPTIST HEALTH MEDICAL CENTER-CONWAY','1555 EXCHANGE AVENUE','5015852000'),(398,3,17,19,381,41314,'DEWITT HOSPITAL & NURSING HOME  INC','1641 WHITEHEAD DRIVE','8709463571'),(399,3,18,20,382,41324,'CHI ST VINCENT MORRILTON','#4 HOSPITAL DRIVE','5019772300'),(400,3,12,14,383,40007,'CHI-ST VINCENT INFIRMARY','TWO ST VINCENT CIRCLE','5015523000'),(401,3,13,15,384,40018,'SPARKS MEDICAL CENTER - VAN BUREN','EAST MAIN AND SOUTH 20TH STREET','4794743401'),(402,36,328,377,385,370054,'GRADY MEMORIAL HOSPITAL','2220 IOWA STREET','4052242300'),(403,36,330,379,386,370214,'LINDSAY MUNICIPAL HOSPITAL','1305 W CHEROKEE STREET - HIGHWAY 19 WEST','4057561404'),(404,36,331,380,387,370222,'MCBRIDE ORTHOPEDIC HOSPITAL','9600 NORTH BROADWAY EXTENSION','4054862100'),(405,36,334,383,388,371330,'QUARTZ MOUNTAIN MEDICAL CENTER','ONE WICKERSHAM DRIVE','5807823353'),(406,36,332,381,389,371311,'JEFFERSON COUNTY HOSPITAL','INTERSECTION HYWS 81 & 70','5802282344'),(407,36,336,385,390,371332,'SEILING MUNICIPAL HOSPITAL','US HIGHWAY 60','5809227361'),(408,36,333,382,391,371313,'MERCY HOSPITAL KINGFISHER  INC','1000 KINGFISHER HOSPITAL DRIVE','4053753141'),(409,36,335,384,392,371331,'DRUMRIGHT REGIONAL HOSPITAL','610 WEST BYPASS','9183822300'),(410,36,327,376,393,370049,'STILLWATER MEDICAL CENTER AUTHORITY','1323 WEST 6TH STREET','4053721480'),(411,36,329,378,394,370183,'HILLCREST HOSPITAL HENRYETTA','2401 W MAIN DEWEY','9186501511'),(412,36,325,374,395,370034,'MCALESTER REGIONAL HEALTH CENTER AUTHORITY','ONE CLARK BASS BOULEVARD','9184261800'),(413,36,326,375,396,370048,'MCCURTAIN MEMORIAL HOSPITAL','1301 LINCOLN ROAD','5802867623'),(414,6,37,45,397,61326,'PIKES PEAK REGIONAL HOSPITAL','16420 HIGHWAY 24','7196879999'),(415,6,38,46,398,61325,'PIONEERS MEDICAL CENTER','100 PIONEERS MEDICAL CENTER DRIVE','9708785047'),(416,13,58,67,399,131323,'ST LUKE\'S WOOD RIVER MEDICAL CENTER','100 HOSPITAL DRIVE','2087278800'),(417,13,57,66,400,130013,'SAINT ALPHONSUS MEDICAL CENTER - NAMPA','1512 TWELFTH AVENUE ROAD','2084635000'),(418,4,25,28,401,31308,'HUHU KAM MEMORIAL HOSPITAL','483 WEST SEED FARM ROAD','5205623321'),(419,4,23,25,402,30077,'SAN CARLOS APACHE HEALTHCARE','103 MEDICINE WAY ROAD','9284751200'),(420,4,22,24,403,30074,'SELLS HOSPITAL','HIGHWAY 86 AT TOPAWA ROAD','5203627003'),(421,4,24,27,404,31305,'HOPI HEALTH CARE CENTER','HIGHWAY 264 MILEPOST 388','9287376000'),(422,4,21,23,405,30073,'TUBA CITY REGIONAL HEALTH CARE CORPORATION','PO BOX 600','9282832501'),(423,4,20,26,406,30084,'CHINLE COMPREHENSIVE HEALTH CARE FACILITY','US HWY 191 HOSPITAL ROAD','9286747001'),(424,4,20,22,407,30071,'FORT DEFIANCE INDIAN HOSPITAL','PO BOX 649','9287298000'),(425,4,20,29,408,31309,'SAGE MEMORIAL HOSPITAL','STATE ROUTE 264 SOUTH 191','9287554541'),(426,32,295,334,409,320070,'DHHS USPHS INDIAN HEALTH SERVICES','EXIT #102 OFF I-40 1/2 MILE SOUTH','5055525300'),(427,32,296,335,410,320074,'LOVELACE WESTSIDE HOSPITAL','10501 GOLF COURSE ROAD NW','5057272001'),(428,32,293,332,411,320062,'CROWNPOINT HEALTHCARE FACILITY','JUNCTION OF HWY 371','5057865291'),(429,32,293,331,412,320060,'ZUNI COMPREHENSIVE COMMUNITY HEALTH CENTER','ROUTE 301 NORTH B STREET','5057824431'),(430,32,292,330,413,320059,'NORTHERN NAVAJO MEDICAL CENTER','US HWY 491 NORTH','5053686001'),(431,32,299,338,414,321307,'MINERS\' COLFAX MEDICAL CENTER','203 HOSPITAL DRIVE','5754453661'),(432,32,297,336,415,321301,'SOCORRO GENERAL HOSPITAL','1202 HIGHWAY 60 WEST','5758358700'),(433,32,290,328,416,320018,'MEMORIAL MEDICAL CENTER','2450 SOUTH TELSHOR BLVD','5755228641'),(434,32,290,328,416,320085,'MOUNTAIN VIEW REGIONAL MEDICAL CENTER','4311 EAST LOHMAN AVENUE','5755567600'),(435,32,300,339,417,321309,'MIMBRES MEMORIAL HOSPITAL','900 W ASH','5755465803'),(436,32,291,329,418,320058,'MESCALERO PHS INDIAN HOSPITAL','P O BOX 210','5054644441'),(437,32,298,337,419,321302,'DR DAN C TRIGG MEMORIAL HOSPITAL','301 EAST MIEL DE LUNA AVENUE','5754617007'),(438,32,294,333,420,320067,'GUADALUPE COUNTY HOSPITAL','117 CAMINO DE VIDA SUITE 100','5754723417'),(439,33,301,341,421,290057,'HENDERSON HOSPITAL','1050 WEST GALLERIA DRIVE','3182904395'),(440,33,301,341,422,290045,'ST ROSE DOMINICAN HOSPITALS - SIENA CAMPUS','3001 ST ROSE PARKWAY','7026165000'),(441,33,301,340,423,290021,'VALLEY HOSPITAL MEDICAL CENTER','620 SHADOW LANE','7023884000'),(442,33,301,340,424,290022,'DESERT SPRINGS HOSPITAL','2075 EAST FLAMINGO ROAD','7023697600'),(443,33,301,340,424,290042,'HARMON HOSPITAL','2170 EAST HARMON AVENUE','7027940100'),(444,33,301,340,425,290041,'SUMMERLIN HOSPITAL MEDICAL CENTER','657 TOWN CENTER DRIVE','7022337500'),(445,33,302,342,426,291306,'CARSON VALLEY MEDICAL CENTER','1107 HIGHWAY 395','7757821500'),(446,33,303,343,427,291304,'PERSHING GENERAL HOSPITAL','855 6TH STREET/PO BOX 661','7752732621'),(447,33,304,344,428,291314,'SOUTH LYON MEDICAL CENTER','213 S WHITACRE/PO BOX 940','7757813761'),(448,5,29,33,429,50138,'KAISER FOUNDATION HOSPITAL - LOS ANGELES','4867 SUNSET BLVD','3237834011'),(449,5,29,33,429,53302,'CHILDREN\'S HOSP OF LOS ANGELES','4650 SUNSET BLVD','3236692164'),(450,5,29,33,430,50103,'WHITE MEMORIAL MEDICAL CENTER','1720 E CESAR AVENUE','3232685000'),(451,5,29,42,431,50717,'LAC/RANCHO LOS AMIGOS NATIONAL REHABILITATION','7601 EAST IMPERIAL HIGHWAY','5624017022'),(452,5,28,32,432,50054,'SAN GORGONIO MEMORIAL HOSPITAL','600 NORTH HIGHLAND SPRINGS AVENUE','9518451121'),(453,5,28,41,433,50684,'MENIFEE VALLEY MEDICAL CENTER','28400 MCCALL B0ULEVARD','9516798888'),(454,5,31,35,434,50224,'HOAG MEMORIAL HOSPITAL PRESBYTERIAN','ONE HOAG DRIVE','9497644624'),(455,5,31,40,435,50567,'MISSION HOSPITAL REGIONAL MED CENTER','27700 MEDICAL CENTER RD','9493641400'),(456,5,31,40,435,53306,'CHILDREN\'S HOSPITAL AT MISSION','27700 MEDICAL CENTER RD 5TH FLOOR','9493652408'),(457,5,30,34,436,50145,'COMMUNITY HOSPITAL OF THE MONTEREY PENINSULA','23625 W R HOLMAN HIGHWAY','8316245311'),(458,5,26,30,437,50002,'ST ROSE HOSPITAL','27200 CALAROGA AVE','5107826200'),(459,5,26,38,438,50488,'EDEN MEDICAL CENTER','20103 LAKE CHABOT ROAD','5105371234'),(460,5,36,44,439,51317,'ST HELENA HOSPITAL-CLEARLAKE','15630 18TH AVE - HWY 53','7079946486'),(461,5,34,39,440,50547,'SONOMA DEVELOPMENTAL CENTER','15000 ARNOLD DRIVE   /  P O BOX 1493','7079386000'),(462,5,35,43,441,51310,'FRANK R HOWARD MEMORIAL HOSPITAL','1 MARCELA DR','7074563031'),(463,5,27,31,442,50006,'ST JOSEPH HOSPITAL','2700 DOLBEER ST','7074458121'),(464,5,33,37,443,50309,'SUTTER ROSEVILLE MEDICAL CENTER','ONE MEDICAL PLAZA','9167811000'),(465,5,32,36,444,50280,'MERCY MEDICAL CENTER REDDING','2175 ROSALINE AVE CLAIRMONT HGTS','5302256102'),(466,11,54,63,445,120028,'NORTH HAWAII COMMUNITY HOSPITAL','67 1125 MAMALAHOA HIGHWAY','8088854444'),(467,37,337,386,446,381319,'ST ANTHONY HOSPITAL','2801 ST ANTHONY WAY','5412765121'),(468,1,1,1,447,20018,'YUKON KUSKOKWIM DELTA REG HOSPITAL','PO BOX 287','9075436300'),(469,1,NULL,7,448,21307,'CORDOVA COMMUNITY MEDICAL CENTER','PO BOX 160 - 602 CHASE AVENUE','9074248000'),(470,1,3,3,449,21309,'KANAKANAK HOSPITAL','P O BOX 130','9078425201'),(471,1,NULL,5,450,21301,'PROVIDENCE VALDEZ MEDICAL CENTER','PO BOX 550','9078352249'),(472,1,4,4,451,21310,'MANIILAQ HEALTH CENTER','PO BOX 43','9074423321'),(473,1,2,2,452,21308,'NORTON SOUND REGIONAL HOSPITAL','1000 GREG KRUSCHEK AVENUE (P O BOX 966)','9074433311'),(474,1,NULL,6,453,21304,'PETERSBURG MEDICAL CENTER','PO BOX 589','9077724291');
/*!40000 ALTER TABLE `hospital` ENABLE KEYS */;
UNLOCK TABLES;

--
-- Table structure for table `hospital_payment`
--

DROP TABLE IF EXISTS `hospital_payment`;
/*!40101 SET @saved_cs_client     = @@character_set_client */;
 SET character_set_client = utf8mb4 ;
CREATE TABLE `hospital_payment` (
  `hospital_payment_id` int(11) NOT NULL AUTO_INCREMENT,
  `hospital_id` int(11) DEFAULT NULL,
  `payment_measure_id` int(11) DEFAULT NULL,
  `payment_category_id` int(11) DEFAULT NULL,
  `denominator` int(11) DEFAULT NULL,
  `payment_actual` decimal(10,0) DEFAULT NULL,
  `payment_estimate_lower` decimal(10,0) DEFAULT NULL,
  `payment_estimate_higher` decimal(10,0) DEFAULT NULL,
  `payment_footnote` varchar(100) DEFAULT NULL,
  `start_date` date DEFAULT NULL,
  `end_date` date DEFAULT NULL,
  PRIMARY KEY (`hospital_payment_id`),
  UNIQUE KEY `hospital_payment_id` (`hospital_payment_id`),
  KEY `hospital_id` (`hospital_id`),
  KEY `payment_measure_id` (`payment_measure_id`),
  KEY `payment_category_id` (`payment_category_id`),
  CONSTRAINT `hospital_payment_ibfk_1` FOREIGN KEY (`hospital_id`) REFERENCES `hospital` (`hospital_id`) ON UPDATE CASCADE,
  CONSTRAINT `hospital_payment_ibfk_2` FOREIGN KEY (`payment_measure_id`) REFERENCES `payment_measure` (`payment_measure_id`) ON UPDATE CASCADE,
  CONSTRAINT `hospital_payment_ibfk_3` FOREIGN KEY (`payment_category_id`) REFERENCES `payment_category` (`payment_category_id`) ON UPDATE CASCADE
) ENGINE=InnoDB AUTO_INCREMENT=2048 DEFAULT CHARSET=utf8mb4 COLLATE=utf8mb4_0900_ai_ci;
/*!40101 SET character_set_client = @saved_cs_client */;

--
-- Dumping data for table `hospital_payment`
--

LOCK TABLES `hospital_payment` WRITE;
/*!40000 ALTER TABLE `hospital_payment` DISABLE KEYS */;
INSERT INTO `hospital_payment` VALUES (1,50,1,1,277,25320,23476,27312,'NA','2013-07-01','2016-06-30'),(2,53,1,1,299,25961,24012,27945,'NA','2013-07-01','2016-06-30'),(3,63,1,1,154,26682,24213,29260,'NA','2013-07-01','2016-06-30'),(4,64,1,1,202,25693,23642,27973,'NA','2013-07-01','2016-06-30'),(5,65,1,1,178,27667,25190,30572,'NA','2013-07-01','2016-06-30'),(6,67,1,1,552,26287,24699,27922,'NA','2013-07-01','2016-06-30'),(7,72,1,1,237,25219,23349,27370,'NA','2013-07-01','2016-06-30'),(8,108,1,1,76,26926,23813,30437,'NA','2013-07-01','2016-06-30'),(9,134,1,1,141,25904,23459,28824,'NA','2013-07-01','2016-06-30'),(10,136,1,1,169,26233,23873,28740,'NA','2013-07-01','2016-06-30'),(11,155,1,1,517,24761,23394,26255,'NA','2013-07-01','2016-06-30'),(12,211,1,1,343,26076,24208,28027,'NA','2013-07-01','2016-06-30'),(13,222,1,1,319,25034,23272,26894,'NA','2013-07-01','2016-06-30'),(14,302,1,1,217,25509,23454,27816,'NA','2013-07-01','2016-06-30'),(15,306,1,1,479,25012,23531,26695,'NA','2013-07-01','2016-06-30'),(16,315,1,1,307,25846,24048,27862,'NA','2013-07-01','2016-06-30'),(17,377,1,1,177,25360,23230,27734,'NA','2013-07-01','2016-06-30'),(18,465,1,1,336,25629,23735,27559,'NA','2013-07-01','2016-06-30'),(19,40,2,1,509,17679,16669,18736,'NA','2013-07-01','2016-06-30'),(20,48,2,1,281,18307,17004,19774,'NA','2013-07-01','2016-06-30'),(21,49,2,1,492,18676,17553,19837,'NA','2013-07-01','2016-06-30'),(22,50,2,1,563,18803,17761,19825,'NA','2013-07-01','2016-06-30'),(23,53,2,1,589,19273,18186,20359,'NA','2013-07-01','2016-06-30'),(24,54,2,1,536,18217,17236,19254,'NA','2013-07-01','2016-06-30'),(25,55,2,1,484,18523,17444,19680,'NA','2013-07-01','2016-06-30'),(26,56,2,1,426,20245,18974,21577,'NA','2013-07-01','2016-06-30'),(27,61,2,1,407,17458,16367,18645,'NA','2013-07-01','2016-06-30'),(28,63,2,1,324,18875,17554,20218,'NA','2013-07-01','2016-06-30'),(29,64,2,1,587,17502,16592,18533,'NA','2013-07-01','2016-06-30'),(30,65,2,1,470,18724,17613,19851,'NA','2013-07-01','2016-06-30'),(31,67,2,1,NULL,167,20071,19281,'20888','0000-00-00','2013-07-01'),(32,69,2,1,930,17001,16245,17784,'NA','2013-07-01','2016-06-30'),(33,72,2,1,473,19818,18670,21036,'NA','2013-07-01','2016-06-30'),(34,76,2,1,277,18048,16803,19489,'NA','2013-07-01','2016-06-30'),(35,77,2,1,743,18096,17238,19000,'NA','2013-07-01','2016-06-30'),(36,78,2,1,875,17049,16301,17883,'NA','2013-07-01','2016-06-30'),(37,82,2,1,186,18070,16549,19805,'NA','2013-07-01','2016-06-30'),(38,104,2,1,365,18613,17411,19920,'NA','2013-07-01','2016-06-30'),(39,106,2,1,633,17725,16787,18706,'NA','2013-07-01','2016-06-30'),(40,107,2,1,710,17068,16246,17939,'NA','2013-07-01','2016-06-30'),(41,108,2,1,408,18758,17581,20072,'NA','2013-07-01','2016-06-30'),(42,111,2,1,305,18986,17646,20407,'NA','2013-07-01','2016-06-30'),(43,133,2,1,213,17850,16358,19432,'NA','2013-07-01','2016-06-30'),(44,154,2,1,66,19788,17459,22554,'NA','2013-07-01','2016-06-30'),(45,182,2,1,112,18076,16221,20086,'NA','2013-07-01','2016-06-30'),(46,228,2,1,265,18511,17040,20073,'NA','2013-07-01','2016-06-30'),(47,302,2,1,745,17865,17001,18808,'NA','2013-07-01','2016-06-30'),(48,306,2,1,NULL,16,17803,17092,'18555','0000-00-00','2013-07-01'),(49,341,2,1,242,18447,17014,19961,'NA','2013-07-01','2016-06-30'),(50,358,2,1,382,17614,16495,18875,'NA','2013-07-01','2016-06-30'),(51,400,2,1,544,17389,16476,18386,'NA','2013-07-01','2016-06-30'),(52,440,2,1,372,20981,19631,22477,'NA','2013-07-01','2016-06-30'),(53,442,2,1,215,20174,18536,21986,'NA','2013-07-01','2016-06-30'),(54,444,2,1,390,18695,17498,19915,'NA','2013-07-01','2016-06-30'),(55,450,2,1,117,18452,16635,20488,'NA','2013-07-01','2016-06-30'),(56,455,2,1,443,17655,16610,18799,'NA','2013-07-01','2016-06-30'),(57,459,2,1,216,19022,17475,20664,'NA','2013-07-01','2016-06-30'),(58,6,3,1,98,24896,23193,26776,'NA','2013-04-01','2016-03-31'),(59,39,3,1,855,24120,23489,24762,'NA','2013-04-01','2016-03-31'),(60,40,3,1,52,26944,24373,29714,'NA','2013-04-01','2016-03-31'),(61,47,3,1,61,28449,25814,31231,'NA','2013-04-01','2016-03-31'),(62,49,3,1,239,24852,23653,26078,'NA','2013-04-01','2016-03-31'),(63,50,3,1,192,25107,23795,26557,'NA','2013-04-01','2016-03-31'),(64,57,3,1,332,25594,24543,26714,'NA','2013-04-01','2016-03-31'),(65,61,3,1,159,25322,23865,26896,'NA','2013-04-01','2016-03-31'),(66,64,3,1,906,23482,22919,24065,'NA','2013-04-01','2016-03-31'),(67,67,3,1,577,25303,24515,26114,'NA','2013-04-01','2016-03-31'),(68,69,3,1,587,26159,25326,26994,'NA','2013-04-01','2016-03-31'),(69,70,3,1,376,24642,23690,25634,'NA','2013-04-01','2016-03-31'),(70,72,3,1,291,25803,24673,27004,'NA','2013-04-01','2016-03-31'),(71,74,3,1,299,25425,24338,26539,'NA','2013-04-01','2016-03-31'),(72,75,3,1,372,28800,27580,30034,'NA','2013-04-01','2016-03-31'),(73,76,3,1,256,29331,27846,30889,'NA','2013-04-01','2016-03-31'),(74,77,3,1,480,24133,23304,24975,'NA','2013-04-01','2016-03-31'),(75,93,3,1,83,26844,24785,29031,'NA','2013-04-01','2016-03-31'),(76,96,3,1,70,25604,23547,27873,'NA','2013-04-01','2016-03-31'),(77,97,3,1,31,25600,22727,28919,'NA','2013-04-01','2016-03-31'),(78,116,3,1,103,25023,23236,26906,'NA','2013-04-01','2016-03-31'),(79,133,3,1,38,29899,26692,33549,'NA','2013-04-01','2016-03-31'),(80,134,3,1,139,30307,28246,32539,'NA','2013-04-01','2016-03-31'),(81,136,3,1,420,23937,23101,24793,'NA','2013-04-01','2016-03-31'),(82,151,3,1,73,26164,24043,28320,'NA','2013-04-01','2016-03-31'),(83,174,3,1,29,27685,24242,31420,'NA','2013-04-01','2016-03-31'),(84,182,3,1,48,28827,25954,32037,'NA','2013-04-01','2016-03-31'),(85,183,3,1,142,24215,22789,25733,'NA','2013-04-01','2016-03-31'),(86,214,3,1,48,26758,24217,29597,'NA','2013-04-01','2016-03-31'),(87,225,3,1,63,26176,23829,28631,'NA','2013-04-01','2016-03-31'),(88,226,3,1,479,23505,22733,24302,'NA','2013-04-01','2016-03-31'),(89,228,3,1,142,24385,22940,25818,'NA','2013-04-01','2016-03-31'),(90,233,3,1,106,24940,23221,26820,'NA','2013-04-01','2016-03-31'),(91,238,3,1,146,26342,24723,28004,'NA','2013-04-01','2016-03-31'),(92,255,3,1,26,25644,22600,28962,'NA','2013-04-01','2016-03-31'),(93,302,3,1,776,26258,25547,27014,'NA','2013-04-01','2016-03-31'),(94,304,3,1,164,25394,23976,26839,'NA','2013-04-01','2016-03-31'),(95,306,3,1,530,24658,23884,25484,'NA','2013-04-01','2016-03-31'),(96,329,3,1,84,30145,27716,32782,'NA','2013-04-01','2016-03-31'),(97,340,3,1,37,26010,23341,28961,'NA','2013-04-01','2016-03-31'),(98,358,3,1,445,24082,23262,24956,'NA','2013-04-01','2016-03-31'),(99,382,3,1,26,27053,23700,30897,'NA','2013-04-01','2016-03-31'),(100,440,3,1,NULL,228,23657,23172,'24160','0000-00-00','2013-04-01'),(101,444,3,1,149,26390,24810,27971,'NA','2013-04-01','2016-03-31'),(102,450,3,1,70,28068,25635,30739,'NA','2013-04-01','2016-03-31'),(103,50,4,1,652,18846,17939,19691,'NA','2013-07-01','2016-06-30'),(104,53,4,1,466,19714,18646,20782,'NA','2013-07-01','2016-06-30'),(105,54,4,1,595,17982,17109,18867,'NA','2013-07-01','2016-06-30'),(106,58,4,1,189,18981,17433,20585,'NA','2013-07-01','2016-06-30'),(107,62,4,1,683,18233,17437,19106,'NA','2013-07-01','2016-06-30'),(108,63,4,1,426,20258,19166,21418,'NA','2013-07-01','2016-06-30'),(109,65,4,1,546,18984,17988,19955,'NA','2013-07-01','2016-06-30'),(110,66,4,1,NULL,130,19307,18602,'20018','0000-00-00','2013-07-01'),(111,67,4,1,957,18669,17919,19388,'NA','2013-07-01','2016-06-30'),(112,72,4,1,955,18759,18028,19470,'NA','2013-07-01','2016-06-30'),(113,75,4,1,NULL,590,18999,18421,'19578','0000-00-00','2013-07-01'),(114,93,4,1,201,20891,19293,22497,'NA','2013-07-01','2016-06-30'),(115,104,4,1,509,19300,18271,20270,'NA','2013-07-01','2016-06-30'),(116,111,4,1,487,19456,18432,20540,'NA','2013-07-01','2016-06-30'),(117,134,4,1,365,19272,18091,20426,'NA','2013-07-01','2016-06-30'),(118,152,4,1,250,18529,17142,19929,'NA','2013-07-01','2016-06-30'),(119,160,4,1,186,20902,19170,22619,'NA','2013-07-01','2016-06-30'),(120,186,4,1,86,20113,17988,22519,'NA','2013-07-01','2016-06-30'),(121,218,4,1,66,20834,18371,23250,'NA','2013-07-01','2016-06-30'),(122,222,4,1,811,18611,17793,19383,'NA','2013-07-01','2016-06-30'),(123,223,4,1,559,19430,18420,20465,'NA','2013-07-01','2016-06-30'),(124,226,4,1,853,18507,17717,19267,'NA','2013-07-01','2016-06-30'),(125,228,4,1,428,18627,17588,19693,'NA','2013-07-01','2016-06-30'),(126,232,4,1,841,18231,17447,18983,'NA','2013-07-01','2016-06-30'),(127,240,4,1,NULL,184,18491,17814,'19172','0000-00-00','2013-07-01'),(128,246,4,1,295,18290,17057,19560,'NA','2013-07-01','2016-06-30'),(129,302,4,1,879,18466,17673,19245,'NA','2013-07-01','2016-06-30'),(130,304,4,1,242,18434,17100,19801,'NA','2013-07-01','2016-06-30'),(131,306,4,1,NULL,55,19174,18465,'19902','0000-00-00','2013-07-01'),(132,323,4,1,883,18540,17787,19300,'NA','2013-07-01','2016-06-30'),(133,338,4,1,66,20427,18040,22995,'NA','2013-07-01','2016-06-30'),(134,342,4,1,109,21077,18846,23194,'NA','2013-07-01','2016-06-30'),(135,347,4,1,109,19834,17771,21970,'NA','2013-07-01','2016-06-30'),(136,348,4,1,50,19893,17179,22398,'NA','2013-07-01','2016-06-30'),(137,350,4,1,29,23090,19576,26630,'NA','2013-07-01','2016-06-30'),(138,351,4,1,39,20281,17319,23241,'NA','2013-07-01','2016-06-30'),(139,368,4,1,188,20749,19029,22510,'NA','2013-07-01','2016-06-30'),(140,371,4,1,45,20418,17407,23390,'NA','2013-07-01','2016-06-30'),(141,374,4,1,37,20932,17676,23940,'NA','2013-07-01','2016-06-30'),(142,375,4,1,37,21683,18351,24827,'NA','2013-07-01','2016-06-30'),(143,381,4,1,37,20564,17389,23549,'NA','2013-07-01','2016-06-30'),(144,383,4,1,141,20046,18222,21957,'NA','2013-07-01','2016-06-30'),(145,392,4,1,82,19295,17081,21447,'NA','2013-07-01','2016-06-30'),(146,400,4,1,523,18638,17652,19662,'NA','2013-07-01','2016-06-30'),(147,440,4,1,459,21448,20258,22628,'NA','2013-07-01','2016-06-30'),(148,441,4,1,204,21361,19676,22985,'NA','2013-07-01','2016-06-30'),(149,444,4,1,402,19830,18649,20953,'NA','2013-07-01','2016-06-30'),(150,452,4,1,158,18760,17048,20344,'NA','2013-07-01','2016-06-30'),(151,454,4,1,NULL,325,18492,17870,'19118','0000-00-00','2013-07-01'),(152,458,4,1,328,18713,17483,19996,'NA','2013-07-01','2016-06-30'),(153,459,4,1,386,18402,17295,19457,'NA','2013-07-01','2016-06-30'),(154,8,1,2,47,19108,16739,21770,'NA','2013-07-01','2016-06-30'),(155,16,1,2,111,17759,16098,19655,'NA','2013-07-01','2016-06-30'),(156,21,1,2,36,19353,16994,22035,'NA','2013-07-01','2016-06-30'),(157,26,1,2,79,18039,16231,19957,'NA','2013-07-01','2016-06-30'),(158,28,1,2,81,18007,16114,20050,'NA','2013-07-01','2016-06-30'),(159,37,1,2,121,20403,18598,22549,'NA','2013-07-01','2016-06-30'),(160,44,1,2,823,19988,19113,20861,'NA','2013-07-01','2016-06-30'),(161,46,1,2,119,19060,17340,20883,'NA','2013-07-01','2016-06-30'),(162,75,1,2,249,20941,19452,22575,'NA','2013-07-01','2016-06-30'),(163,85,1,2,66,19849,17687,22249,'NA','2013-07-01','2016-06-30'),(164,99,1,2,223,18926,17542,20386,'NA','2013-07-01','2016-06-30'),(165,103,1,2,479,21416,20218,22629,'NA','2013-07-01','2016-06-30'),(166,114,1,2,452,21366,20111,22653,'NA','2013-07-01','2016-06-30'),(167,117,1,2,456,21524,20282,22785,'NA','2013-07-01','2016-06-30'),(168,119,1,2,194,20361,18736,22008,'NA','2013-07-01','2016-06-30'),(169,137,1,2,204,20001,18535,21749,'NA','2013-07-01','2016-06-30'),(170,189,1,2,309,21241,19830,22667,'NA','2013-07-01','2016-06-30'),(171,214,1,2,140,20746,18893,22720,'NA','2013-07-01','2016-06-30'),(172,301,1,2,93,20495,18491,22589,'NA','2013-07-01','2016-06-30'),(173,305,1,2,241,21077,19536,22705,'NA','2013-07-01','2016-06-30'),(174,463,1,2,287,19320,18074,20679,'NA','2013-07-01','2016-06-30'),(175,464,1,2,404,21681,20390,23049,'NA','2013-07-01','2016-06-30'),(176,1,2,2,38,13460,11612,15579,'NA','2013-07-01','2016-06-30'),(177,2,2,2,29,13816,11781,16158,'NA','2013-07-01','2016-06-30'),(178,12,2,2,59,13040,11494,14907,'NA','2013-07-01','2016-06-30'),(179,16,2,2,77,13879,12302,15676,'NA','2013-07-01','2016-06-30'),(180,26,2,2,103,13337,11981,14848,'NA','2013-07-01','2016-06-30'),(181,28,2,2,186,13780,12611,15005,'NA','2013-07-01','2016-06-30'),(182,32,2,2,64,14070,12343,15976,'NA','2013-07-01','2016-06-30'),(183,37,2,2,128,14173,12762,15748,'NA','2013-07-01','2016-06-30'),(184,46,2,2,141,14324,12943,15790,'NA','2013-07-01','2016-06-30'),(185,83,2,2,300,14266,13220,15362,'NA','2013-07-01','2016-06-30'),(186,85,2,2,203,13282,12175,14477,'NA','2013-07-01','2016-06-30'),(187,90,2,2,109,13829,12372,15434,'NA','2013-07-01','2016-06-30'),(188,98,2,2,141,13870,12508,15332,'NA','2013-07-01','2016-06-30'),(189,115,2,2,278,14478,13409,15624,'NA','2013-07-01','2016-06-30'),(190,126,2,2,183,14181,12923,15481,'NA','2013-07-01','2016-06-30'),(191,144,2,2,201,14176,12975,15478,'NA','2013-07-01','2016-06-30'),(192,147,2,2,159,14393,13060,15793,'NA','2013-07-01','2016-06-30'),(193,171,2,2,83,14312,12700,16089,'NA','2013-07-01','2016-06-30'),(194,192,2,2,159,13083,11856,14438,'NA','2013-07-01','2016-06-30'),(195,196,2,2,82,14073,12455,15835,'NA','2013-07-01','2016-06-30'),(196,201,2,2,345,14436,13494,15493,'NA','2013-07-01','2016-06-30'),(197,214,2,2,203,13800,12625,15109,'NA','2013-07-01','2016-06-30'),(198,311,2,2,373,14874,13944,15902,'NA','2013-07-01','2016-06-30'),(199,315,2,2,617,15043,14250,15845,'NA','2013-07-01','2016-06-30'),(200,328,2,2,506,14157,13330,14984,'NA','2013-07-01','2016-06-30'),(201,340,2,2,80,14200,12494,16061,'NA','2013-07-01','2016-06-30'),(202,355,2,2,44,12742,11099,14683,'NA','2013-07-01','2016-06-30'),(203,398,2,2,35,13698,11697,15948,'NA','2013-07-01','2016-06-30'),(204,422,2,2,38,13139,11224,15340,'NA','2013-07-01','2016-06-30'),(205,460,2,2,73,13830,12177,15632,'NA','2013-07-01','2016-06-30'),(206,463,2,2,296,14683,13603,15832,'NA','2013-07-01','2016-06-30'),(207,464,2,2,504,14328,13518,15176,'NA','2013-07-01','2016-06-30'),(208,10,3,2,34,16797,15292,18495,'NA','2013-04-01','2016-03-31'),(209,28,3,2,335,18614,17954,19315,'NA','2013-04-01','2016-03-31'),(210,44,3,2,438,21101,20413,21826,'NA','2013-04-01','2016-03-31'),(211,79,3,2,517,19397,18842,19975,'NA','2013-04-01','2016-03-31'),(212,83,3,2,325,20792,20011,21599,'NA','2013-04-01','2016-03-31'),(213,91,3,2,156,20023,19044,21079,'NA','2013-04-01','2016-03-31'),(214,98,3,2,108,20730,19476,22099,'NA','2013-04-01','2016-03-31'),(215,100,3,2,543,18743,18238,19299,'NA','2013-04-01','2016-03-31'),(216,101,3,2,389,20573,19867,21324,'NA','2013-04-01','2016-03-31'),(217,103,3,2,551,20079,19506,20676,'NA','2013-04-01','2016-03-31'),(218,106,3,2,572,18947,18416,19491,'NA','2013-04-01','2016-03-31'),(219,107,3,2,605,19231,18728,19805,'NA','2013-04-01','2016-03-31'),(220,114,3,2,362,20887,20175,21645,'NA','2013-04-01','2016-03-31'),(221,117,3,2,732,21354,20780,21896,'NA','2013-04-01','2016-03-31'),(222,124,3,2,204,21363,20345,22381,'NA','2013-04-01','2016-03-31'),(223,155,3,2,765,21002,20487,21547,'NA','2013-04-01','2016-03-31'),(224,232,3,2,421,19907,19266,20584,'NA','2013-04-01','2016-03-31'),(225,234,3,2,477,20459,19813,21123,'NA','2013-04-01','2016-03-31'),(226,235,3,2,266,18380,17672,19116,'NA','2013-04-01','2016-03-31'),(227,236,3,2,592,21576,20948,22194,'NA','2013-04-01','2016-03-31'),(228,240,3,2,656,19887,19351,20432,'NA','2013-04-01','2016-03-31'),(229,241,3,2,240,20194,19342,21092,'NA','2013-04-01','2016-03-31'),(230,242,3,2,160,18962,17982,19942,'NA','2013-04-01','2016-03-31'),(231,246,3,2,148,21065,19945,22300,'NA','2013-04-01','2016-03-31'),(232,249,3,2,32,20163,18145,22459,'NA','2013-04-01','2016-03-31'),(233,301,3,2,260,19564,18781,20381,'NA','2013-04-01','2016-03-31'),(234,303,3,2,253,18630,17872,19392,'NA','2013-04-01','2016-03-31'),(235,311,3,2,294,19807,19063,20603,'NA','2013-04-01','2016-03-31'),(236,320,3,2,NULL,15,18758,18359,'19169','0000-00-00','2013-04-01'),(237,322,3,2,NULL,124,21603,21125,'22078','0000-00-00','2013-04-01'),(238,323,3,2,801,20822,20305,21361,'NA','2013-04-01','2016-03-31'),(239,328,3,2,617,20215,19667,20780,'NA','2013-04-01','2016-03-31'),(240,331,3,2,183,21256,20227,22396,'NA','2013-04-01','2016-03-31'),(241,336,3,2,123,19830,18613,21065,'NA','2013-04-01','2016-03-31'),(242,339,3,2,622,21780,21157,22421,'NA','2013-04-01','2016-03-31'),(243,363,3,2,69,20354,18834,22001,'NA','2013-04-01','2016-03-31'),(244,367,3,2,94,21058,19649,22536,'NA','2013-04-01','2016-03-31'),(245,377,3,2,745,21138,20614,21694,'NA','2013-04-01','2016-03-31'),(246,387,3,2,48,19005,17389,20723,'NA','2013-04-01','2016-03-31'),(247,400,3,2,800,17516,17112,17915,'NA','2013-04-01','2016-03-31'),(248,404,3,2,NULL,638,21112,20802,'21424','0000-00-00','2013-04-01'),(249,410,3,2,350,18933,18276,19590,'NA','2013-04-01','2016-03-31'),(250,416,3,2,180,20681,19670,21698,'NA','2013-04-01','2016-03-31'),(251,417,3,2,155,19627,18632,20677,'NA','2013-04-01','2016-03-31'),(252,422,3,2,108,17689,16663,18747,'NA','2013-04-01','2016-03-31'),(253,434,3,2,278,21205,20329,22106,'NA','2013-04-01','2016-03-31'),(254,452,3,2,59,16669,15433,17977,'NA','2013-04-01','2016-03-31'),(255,455,3,2,543,21634,21018,22319,'NA','2013-04-01','2016-03-31'),(256,457,3,2,773,20009,19518,20509,'NA','2013-04-01','2016-03-31'),(257,462,3,2,285,18379,17680,19098,'NA','2013-04-01','2016-03-31'),(258,464,3,2,550,21482,20875,22107,'NA','2013-04-01','2016-03-31'),(259,465,3,2,838,20357,19865,20853,'NA','2013-04-01','2016-03-31'),(260,467,3,2,83,19084,17850,20485,'NA','2013-04-01','2016-03-31'),(261,1,4,2,53,14373,12388,16407,'NA','2013-07-01','2016-06-30'),(262,4,4,2,28,14159,11506,16842,'NA','2013-07-01','2016-06-30'),(263,6,4,2,56,14439,12399,16411,'NA','2013-07-01','2016-06-30'),(264,10,4,2,45,14489,12354,16625,'NA','2013-07-01','2016-06-30'),(265,12,4,2,28,14387,11629,17016,'NA','2013-07-01','2016-06-30'),(266,14,4,2,30,14002,11498,16393,'NA','2013-07-01','2016-06-30'),(267,17,4,2,41,14134,12071,16114,'NA','2013-07-01','2016-06-30'),(268,26,4,2,124,13997,12538,15377,'NA','2013-07-01','2016-06-30'),(269,27,4,2,107,14118,12668,15635,'NA','2013-07-01','2016-06-30'),(270,28,4,2,267,14699,13667,15769,'NA','2013-07-01','2016-06-30'),(271,32,4,2,121,14600,13126,16036,'NA','2013-07-01','2016-06-30'),(272,36,4,2,42,12924,10817,15107,'NA','2013-07-01','2016-06-30'),(273,46,4,2,194,14742,13510,15996,'NA','2013-07-01','2016-06-30'),(274,84,4,2,182,13722,12507,14962,'NA','2013-07-01','2016-06-30'),(275,85,4,2,277,13692,12744,14673,'NA','2013-07-01','2016-06-30'),(276,97,4,2,183,15393,14100,16741,'NA','2013-07-01','2016-06-30'),(277,98,4,2,202,14763,13565,15999,'NA','2013-07-01','2016-06-30'),(278,103,4,2,473,15627,14726,16519,'NA','2013-07-01','2016-06-30'),(279,121,4,2,132,15112,13639,16686,'NA','2013-07-01','2016-06-30'),(280,131,4,2,175,15524,14196,16887,'NA','2013-07-01','2016-06-30'),(281,132,4,2,NULL,141,15942,15376,'16520','0000-00-00','2013-07-01'),(282,135,4,2,224,15773,14596,16942,'NA','2013-07-01','2016-06-30'),(283,137,4,2,509,15250,14438,16060,'NA','2013-07-01','2016-06-30'),(284,138,4,2,805,15882,15176,16562,'NA','2013-07-01','2016-06-30'),(285,147,4,2,214,14716,13548,15960,'NA','2013-07-01','2016-06-30'),(286,150,4,2,78,13937,12316,15744,'NA','2013-07-01','2016-06-30'),(287,153,4,2,136,14974,13612,16367,'NA','2013-07-01','2016-06-30'),(288,166,4,2,163,14890,13550,16214,'NA','2013-07-01','2016-06-30'),(289,171,4,2,229,14446,13338,15570,'NA','2013-07-01','2016-06-30'),(290,192,4,2,185,12642,11588,13716,'NA','2013-07-01','2016-06-30'),(291,201,4,2,650,15292,14563,16014,'NA','2013-07-01','2016-06-30'),(292,215,4,2,118,13554,12157,14922,'NA','2013-07-01','2016-06-30'),(293,221,4,2,167,14778,13370,16089,'NA','2013-07-01','2016-06-30'),(294,224,4,2,222,15769,14551,16941,'NA','2013-07-01','2016-06-30'),(295,235,4,2,335,15900,14878,16901,'NA','2013-07-01','2016-06-30'),(296,244,4,2,76,12550,10988,14091,'NA','2013-07-01','2016-06-30'),(297,290,4,2,56,14800,12687,16864,'NA','2013-07-01','2016-06-30'),(298,292,4,2,44,13088,10908,15254,'NA','2013-07-01','2016-06-30'),(299,301,4,2,345,15538,14549,16540,'NA','2013-07-01','2016-06-30'),(300,315,4,2,NULL,104,14864,14329,'15395','0000-00-00','2013-07-01'),(301,317,4,2,326,14482,13525,15410,'NA','2013-07-01','2016-06-30'),(302,328,4,2,814,16130,15440,16842,'NA','2013-07-01','2016-06-30'),(303,336,4,2,183,15055,13744,16340,'NA','2013-07-01','2016-06-30'),(304,343,4,2,194,14493,13271,15724,'NA','2013-07-01','2016-06-30'),(305,355,4,2,74,13146,11381,14856,'NA','2013-07-01','2016-06-30'),(306,367,4,2,95,14861,13115,16582,'NA','2013-07-01','2016-06-30'),(307,376,4,2,60,14720,12643,16830,'NA','2013-07-01','2016-06-30'),(308,377,4,2,319,15919,14826,16991,'NA','2013-07-01','2016-06-30'),(309,387,4,2,63,14100,12074,16047,'NA','2013-07-01','2016-06-30'),(310,393,4,2,134,14508,13057,15909,'NA','2013-07-01','2016-06-30'),(311,395,4,2,185,15461,14136,16750,'NA','2013-07-01','2016-06-30'),(312,398,4,2,71,14141,12310,15979,'NA','2013-07-01','2016-06-30'),(313,401,4,2,72,15052,13164,16952,'NA','2013-07-01','2016-06-30'),(314,409,4,2,60,13902,11910,15969,'NA','2013-07-01','2016-06-30'),(315,411,4,2,63,14345,12412,16249,'NA','2013-07-01','2016-06-30'),(316,413,4,2,243,14749,13662,15837,'NA','2013-07-01','2016-06-30'),(317,421,4,2,27,12470,10130,14784,'NA','2013-07-01','2016-06-30'),(318,422,4,2,123,12186,10999,13444,'NA','2013-07-01','2016-06-30'),(319,423,4,2,93,10778,9549,12014,'NA','2013-07-01','2016-06-30'),(320,424,4,2,120,11312,10099,12519,'NA','2013-07-01','2016-06-30'),(321,425,4,2,63,14790,12813,16881,'NA','2013-07-01','2016-06-30'),(322,428,4,2,60,10790,9267,12239,'NA','2013-07-01','2016-06-30'),(323,429,4,2,26,13867,11396,16460,'NA','2013-07-01','2016-06-30'),(324,430,4,2,175,12016,10967,13082,'NA','2013-07-01','2016-06-30'),(325,435,4,2,126,14318,12875,15707,'NA','2013-07-01','2016-06-30'),(326,445,4,2,157,14987,13609,16431,'NA','2013-07-01','2016-06-30'),(327,468,4,2,89,11768,10374,13215,'NA','2013-07-01','2016-06-30'),(328,473,4,2,29,14316,11791,16851,'NA','2013-07-01','2016-06-30'),(329,7,1,3,31,21512,18644,24765,'NA','2013-07-01','2016-06-30'),(330,10,1,3,26,21504,18632,24795,'NA','2013-07-01','2016-06-30'),(331,12,1,3,43,21347,18627,24322,'NA','2013-07-01','2016-06-30'),(332,17,1,3,35,20800,18221,23785,'NA','2013-07-01','2016-06-30'),(333,18,1,3,26,21563,18693,24861,'NA','2013-07-01','2016-06-30'),(334,24,1,3,37,21735,19087,24879,'NA','2013-07-01','2016-06-30'),(335,39,1,3,424,24139,22666,25668,'NA','2013-07-01','2016-06-30'),(336,40,1,3,256,25070,23078,27141,'NA','2013-07-01','2016-06-30'),(337,47,1,3,48,22680,19995,25797,'NA','2013-07-01','2016-06-30'),(338,48,1,3,73,23416,20763,26155,'NA','2013-07-01','2016-06-30'),(339,49,1,3,194,24596,22596,26789,'NA','2013-07-01','2016-06-30'),(340,52,1,3,136,23155,20917,25774,'NA','2013-07-01','2016-06-30'),(341,54,1,3,293,24634,22874,26528,'NA','2013-07-01','2016-06-30'),(342,58,1,3,58,24007,21103,27357,'NA','2013-07-01','2016-06-30'),(343,61,1,3,161,25321,23119,27781,'NA','2013-07-01','2016-06-30'),(344,69,1,3,354,23107,21608,24737,'NA','2013-07-01','2016-06-30'),(345,74,1,3,261,23512,21780,25399,'NA','2013-07-01','2016-06-30'),(346,76,1,3,110,24842,22399,27634,'NA','2013-07-01','2016-06-30'),(347,77,1,3,360,22658,21227,24165,'NA','2013-07-01','2016-06-30'),(348,78,1,3,600,24228,22970,25561,'NA','2013-07-01','2016-06-30'),(349,79,1,3,54,23847,21065,26849,'NA','2013-07-01','2016-06-30'),(350,80,1,3,521,22895,21654,24268,'NA','2013-07-01','2016-06-30'),(351,82,1,3,127,24540,22145,27133,'NA','2013-07-01','2016-06-30'),(352,83,1,3,233,21676,19996,23346,'NA','2013-07-01','2016-06-30'),(353,92,1,3,167,25135,22988,27532,'NA','2013-07-01','2016-06-30'),(354,93,1,3,77,24681,21894,27743,'NA','2013-07-01','2016-06-30'),(355,94,1,3,32,24718,21447,28294,'NA','2013-07-01','2016-06-30'),(356,95,1,3,153,23484,21338,25803,'NA','2013-07-01','2016-06-30'),(357,96,1,3,42,24557,21442,28156,'NA','2013-07-01','2016-06-30'),(358,97,1,3,27,22693,19715,26148,'NA','2013-07-01','2016-06-30'),(359,98,1,3,34,23936,21013,27436,'NA','2013-07-01','2016-06-30'),(360,100,1,3,173,22963,21055,25069,'NA','2013-07-01','2016-06-30'),(361,104,1,3,262,24450,22675,26480,'NA','2013-07-01','2016-06-30'),(362,105,1,3,81,23081,20584,25789,'NA','2013-07-01','2016-06-30'),(363,106,1,3,426,23750,22340,25296,'NA','2013-07-01','2016-06-30'),(364,107,1,3,259,24194,22318,26290,'NA','2013-07-01','2016-06-30'),(365,111,1,3,69,26031,23015,29328,'NA','2013-07-01','2016-06-30'),(366,112,1,3,100,22782,20543,25294,'NA','2013-07-01','2016-06-30'),(367,113,1,3,264,21720,20211,23434,'NA','2013-07-01','2016-06-30'),(368,115,1,3,61,23718,21012,26693,'NA','2013-07-01','2016-06-30'),(369,116,1,3,31,21136,18520,24332,'NA','2013-07-01','2016-06-30'),(370,122,1,3,34,22738,19828,25972,'NA','2013-07-01','2016-06-30'),(371,124,1,3,126,23680,21461,26216,'NA','2013-07-01','2016-06-30'),(372,126,1,3,123,21324,19311,23617,'NA','2013-07-01','2016-06-30'),(373,130,1,3,230,22950,21101,24793,'NA','2013-07-01','2016-06-30'),(374,131,1,3,29,22107,19285,25429,'NA','2013-07-01','2016-06-30'),(375,132,1,3,603,22957,21743,24211,'NA','2013-07-01','2016-06-30'),(376,133,1,3,31,24229,21042,27877,'NA','2013-07-01','2016-06-30'),(377,135,1,3,179,24824,22684,27314,'NA','2013-07-01','2016-06-30'),(378,138,1,3,65,22133,19674,24909,'NA','2013-07-01','2016-06-30'),(379,139,1,3,136,23368,21257,25623,'NA','2013-07-01','2016-06-30'),(380,147,1,3,32,21422,18797,24508,'NA','2013-07-01','2016-06-30'),(381,149,1,3,271,23855,22108,25756,'NA','2013-07-01','2016-06-30'),(382,162,1,3,150,21649,19763,23780,'NA','2013-07-01','2016-06-30'),(383,174,1,3,33,23050,20223,26395,'NA','2013-07-01','2016-06-30'),(384,201,1,3,109,22492,20343,24992,'NA','2013-07-01','2016-06-30'),(385,217,1,3,178,24430,22340,26843,'NA','2013-07-01','2016-06-30'),(386,223,1,3,93,24449,21888,27232,'NA','2013-07-01','2016-06-30'),(387,224,1,3,39,25088,22004,28820,'NA','2013-07-01','2016-06-30'),(388,225,1,3,55,24915,21960,28383,'NA','2013-07-01','2016-06-30'),(389,226,1,3,278,23020,21428,24756,'NA','2013-07-01','2016-06-30'),(390,228,1,3,189,24975,22811,27324,'NA','2013-07-01','2016-06-30'),(391,231,1,3,103,23604,21224,26286,'NA','2013-07-01','2016-06-30'),(392,232,1,3,434,22005,20701,23377,'NA','2013-07-01','2016-06-30'),(393,234,1,3,160,22197,20285,24314,'NA','2013-07-01','2016-06-30'),(394,235,1,3,31,24698,21448,28316,'NA','2013-07-01','2016-06-30'),(395,236,1,3,408,23440,22053,24958,'NA','2013-07-01','2016-06-30'),(396,237,1,3,625,22846,21695,24056,'NA','2013-07-01','2016-06-30'),(397,238,1,3,183,23360,21406,25580,'NA','2013-07-01','2016-06-30'),(398,239,1,3,283,24465,22634,26479,'NA','2013-07-01','2016-06-30'),(399,240,1,3,316,21755,20241,23296,'NA','2013-07-01','2016-06-30'),(400,241,1,3,143,24775,22498,27548,'NA','2013-07-01','2016-06-30'),(401,246,1,3,106,24670,22152,27535,'NA','2013-07-01','2016-06-30'),(402,303,1,3,94,23320,21066,26080,'NA','2013-07-01','2016-06-30'),(403,304,1,3,133,24787,22409,27546,'NA','2013-07-01','2016-06-30'),(404,307,1,3,105,23660,21195,26314,'NA','2013-07-01','2016-06-30'),(405,311,1,3,79,23002,20549,25827,'NA','2013-07-01','2016-06-30'),(406,312,1,3,54,22484,19871,25609,'NA','2013-07-01','2016-06-30'),(407,319,1,3,109,22522,20205,24844,'NA','2013-07-01','2016-06-30'),(408,320,1,3,495,23286,21950,24761,'NA','2013-07-01','2016-06-30'),(409,322,1,3,559,22436,21245,23688,'NA','2013-07-01','2016-06-30'),(410,323,1,3,265,23804,22122,25689,'NA','2013-07-01','2016-06-30'),(411,328,1,3,207,23893,21923,26045,'NA','2013-07-01','2016-06-30'),(412,339,1,3,224,22927,21074,24891,'NA','2013-07-01','2016-06-30'),(413,358,1,3,175,24209,22112,26557,'NA','2013-07-01','2016-06-30'),(414,390,1,3,44,24076,21058,27313,'NA','2013-07-01','2016-06-30'),(415,394,1,3,25,24771,21380,28885,'NA','2013-07-01','2016-06-30'),(416,400,1,3,221,25027,23021,27213,'NA','2013-07-01','2016-06-30'),(417,410,1,3,90,24036,21557,26952,'NA','2013-07-01','2016-06-30'),(418,412,1,3,109,22862,20687,25384,'NA','2013-07-01','2016-06-30'),(419,417,1,3,83,21577,19229,24118,'NA','2013-07-01','2016-06-30'),(420,440,1,3,267,23771,21970,25750,'NA','2013-07-01','2016-06-30'),(421,444,1,3,203,22944,21043,24977,'NA','2013-07-01','2016-06-30'),(422,450,1,3,87,23985,21282,27142,'NA','2013-07-01','2016-06-30'),(423,452,1,3,58,22881,20300,25763,'NA','2013-07-01','2016-06-30'),(424,453,1,3,35,22975,20012,26271,'NA','2013-07-01','2016-06-30'),(425,454,1,3,305,22453,20921,24267,'NA','2013-07-01','2016-06-30'),(426,455,1,3,251,24064,22254,26015,'NA','2013-07-01','2016-06-30'),(427,457,1,3,203,22796,20871,24901,'NA','2013-07-01','2016-06-30'),(428,459,1,3,77,25363,22597,28473,'NA','2013-07-01','2016-06-30'),(429,7,2,3,26,16725,14152,19771,'NA','2013-07-01','2016-06-30'),(430,8,2,3,35,14999,12905,17410,'NA','2013-07-01','2016-06-30'),(431,10,2,3,27,15764,13442,18545,'NA','2013-07-01','2016-06-30'),(432,17,2,3,29,15787,13484,18435,'NA','2013-07-01','2016-06-30'),(433,18,2,3,31,14967,12839,17525,'NA','2013-07-01','2016-06-30'),(434,21,2,3,40,14495,12494,16949,'NA','2013-07-01','2016-06-30'),(435,24,2,3,48,15518,13525,17796,'NA','2013-07-01','2016-06-30'),(436,27,2,3,30,13838,11875,16194,'NA','2013-07-01','2016-06-30'),(437,36,2,3,33,16893,14479,19790,'NA','2013-07-01','2016-06-30'),(438,39,2,3,NULL,30,16054,15383,'16759','0000-00-00','2013-07-01'),(439,42,2,3,75,15865,14010,17890,'NA','2013-07-01','2016-06-30'),(440,44,2,3,539,15507,14628,16423,'NA','2013-07-01','2016-06-30'),(441,47,2,3,80,17122,15194,19340,'NA','2013-07-01','2016-06-30'),(442,58,2,3,217,16383,15115,17849,'NA','2013-07-01','2016-06-30'),(443,68,2,3,316,17202,16064,18502,'NA','2013-07-01','2016-06-30'),(444,74,2,3,889,16563,15841,17330,'NA','2013-07-01','2016-06-30'),(445,75,2,3,690,17001,16131,17914,'NA','2013-07-01','2016-06-30'),(446,79,2,3,151,14858,13423,16357,'NA','2013-07-01','2016-06-30'),(447,91,2,3,130,16672,14996,18500,'NA','2013-07-01','2016-06-30'),(448,93,2,3,166,17614,16005,19336,'NA','2013-07-01','2016-06-30'),(449,94,2,3,136,17147,15475,19028,'NA','2013-07-01','2016-06-30'),(450,95,2,3,188,17501,16014,19166,'NA','2013-07-01','2016-06-30'),(451,96,2,3,80,16242,14399,18325,'NA','2013-07-01','2016-06-30'),(452,97,2,3,97,16022,14366,17946,'NA','2013-07-01','2016-06-30'),(453,99,2,3,323,15981,14879,17166,'NA','2013-07-01','2016-06-30'),(454,100,2,3,163,14789,13462,16260,'NA','2013-07-01','2016-06-30'),(455,103,2,3,508,16175,15242,17134,'NA','2013-07-01','2016-06-30'),(456,105,2,3,296,15458,14306,16646,'NA','2013-07-01','2016-06-30'),(457,112,2,3,174,16660,15120,18241,'NA','2013-07-01','2016-06-30'),(458,113,2,3,685,16096,15287,16960,'NA','2013-07-01','2016-06-30'),(459,114,2,3,571,16351,15483,17260,'NA','2013-07-01','2016-06-30'),(460,116,2,3,113,14829,13262,16536,'NA','2013-07-01','2016-06-30'),(461,117,2,3,864,15636,14918,16402,'NA','2013-07-01','2016-06-30'),(462,119,2,3,437,15788,14799,16830,'NA','2013-07-01','2016-06-30'),(463,120,2,3,62,14835,13053,16916,'NA','2013-07-01','2016-06-30'),(464,122,2,3,92,16321,14518,18265,'NA','2013-07-01','2016-06-30'),(465,124,2,3,230,15254,14050,16579,'NA','2013-07-01','2016-06-30'),(466,127,2,3,70,14617,12902,16547,'NA','2013-07-01','2016-06-30'),(467,128,2,3,30,14434,12333,16793,'NA','2013-07-01','2016-06-30'),(468,129,2,3,55,14456,12602,16655,'NA','2013-07-01','2016-06-30'),(469,130,2,3,292,15732,14611,16928,'NA','2013-07-01','2016-06-30'),(470,131,2,3,147,15652,14181,17180,'NA','2013-07-01','2016-06-30'),(471,132,2,3,NULL,65,16523,15847,'17214','0000-00-00','2013-07-01'),(472,134,2,3,253,17400,16106,18810,'NA','2013-07-01','2016-06-30'),(473,135,2,3,278,17023,15829,18315,'NA','2013-07-01','2016-06-30'),(474,136,2,3,677,15984,15228,16817,'NA','2013-07-01','2016-06-30'),(475,137,2,3,362,15431,14399,16537,'NA','2013-07-01','2016-06-30'),(476,138,2,3,333,16321,15204,17565,'NA','2013-07-01','2016-06-30'),(477,139,2,3,126,15938,14332,17703,'NA','2013-07-01','2016-06-30'),(478,140,2,3,37,18348,15762,21437,'NA','2013-07-01','2016-06-30'),(479,145,2,3,37,14437,12387,16891,'NA','2013-07-01','2016-06-30'),(480,148,2,3,60,14526,12694,16535,'NA','2013-07-01','2016-06-30'),(481,150,2,3,42,15683,13473,18157,'NA','2013-07-01','2016-06-30'),(482,152,2,3,169,15672,14265,17193,'NA','2013-07-01','2016-06-30'),(483,153,2,3,78,15555,13775,17554,'NA','2013-07-01','2016-06-30'),(484,155,2,3,993,16668,15957,17407,'NA','2013-07-01','2016-06-30'),(485,158,2,3,64,16831,14812,19270,'NA','2013-07-01','2016-06-30'),(486,164,2,3,117,15343,13734,17032,'NA','2013-07-01','2016-06-30'),(487,165,2,3,56,15551,13565,17878,'NA','2013-07-01','2016-06-30'),(488,169,2,3,26,18035,15380,21229,'NA','2013-07-01','2016-06-30'),(489,173,2,3,29,15698,13456,18338,'NA','2013-07-01','2016-06-30'),(490,174,2,3,138,16135,14531,17905,'NA','2013-07-01','2016-06-30'),(491,175,2,3,34,17713,15116,20659,'NA','2013-07-01','2016-06-30'),(492,177,2,3,27,14490,12321,16929,'NA','2013-07-01','2016-06-30'),(493,178,2,3,317,16095,14963,17303,'NA','2013-07-01','2016-06-30'),(494,180,2,3,61,16948,14824,19190,'NA','2013-07-01','2016-06-30'),(495,183,2,3,222,15091,13893,16428,'NA','2013-07-01','2016-06-30'),(496,198,2,3,701,16428,15606,17276,'NA','2013-07-01','2016-06-30'),(497,206,2,3,629,16589,15711,17524,'NA','2013-07-01','2016-06-30'),(498,207,2,3,93,16290,14504,18311,'NA','2013-07-01','2016-06-30'),(499,208,2,3,68,15974,14064,18196,'NA','2013-07-01','2016-06-30'),(500,209,2,3,179,15890,14571,17415,'NA','2013-07-01','2016-06-30'),(501,212,2,3,124,15884,14290,17596,'NA','2013-07-01','2016-06-30'),(502,213,2,3,32,15605,13422,18248,'NA','2013-07-01','2016-06-30'),(503,217,2,3,187,17077,15534,18673,'NA','2013-07-01','2016-06-30'),(504,219,2,3,90,15814,14004,17793,'NA','2013-07-01','2016-06-30'),(505,220,2,3,58,15209,13299,17313,'NA','2013-07-01','2016-06-30'),(506,221,2,3,83,15874,14092,17924,'NA','2013-07-01','2016-06-30'),(507,222,2,3,628,16689,15845,17628,'NA','2013-07-01','2016-06-30'),(508,223,2,3,209,16462,15076,17952,'NA','2013-07-01','2016-06-30'),(509,224,2,3,49,15826,13830,18182,'NA','2013-07-01','2016-06-30'),(510,225,2,3,238,16353,15109,17750,'NA','2013-07-01','2016-06-30'),(511,226,2,3,697,16832,15977,17718,'NA','2013-07-01','2016-06-30'),(512,231,2,3,248,16862,15524,18234,'NA','2013-07-01','2016-06-30'),(513,232,2,3,549,16892,15980,17872,'NA','2013-07-01','2016-06-30'),(514,234,2,3,333,16537,15392,17724,'NA','2013-07-01','2016-06-30'),(515,235,2,3,186,16189,14863,17739,'NA','2013-07-01','2016-06-30'),(516,236,2,3,662,15717,14906,16556,'NA','2013-07-01','2016-06-30'),(517,237,2,3,NULL,216,15764,15138,'16404','0000-00-00','2013-07-01'),(518,238,2,3,221,16487,15152,17928,'NA','2013-07-01','2016-06-30'),(519,239,2,3,363,17049,15939,18247,'NA','2013-07-01','2016-06-30'),(520,240,2,3,891,16708,15967,17497,'NA','2013-07-01','2016-06-30'),(521,241,2,3,347,16251,15146,17396,'NA','2013-07-01','2016-06-30'),(522,242,2,3,154,15518,14016,17078,'NA','2013-07-01','2016-06-30'),(523,243,2,3,41,15257,13111,17691,'NA','2013-07-01','2016-06-30'),(524,244,2,3,35,15678,13449,18338,'NA','2013-07-01','2016-06-30'),(525,245,2,3,38,16588,14301,19483,'NA','2013-07-01','2016-06-30'),(526,246,2,3,155,17135,15539,18817,'NA','2013-07-01','2016-06-30'),(527,247,2,3,45,16255,14077,18799,'NA','2013-07-01','2016-06-30'),(528,249,2,3,30,14926,12712,17452,'NA','2013-07-01','2016-06-30'),(529,255,2,3,30,15184,12921,17656,'NA','2013-07-01','2016-06-30'),(530,268,2,3,28,15605,13360,18389,'NA','2013-07-01','2016-06-30'),(531,280,2,3,46,15434,13289,17788,'NA','2013-07-01','2016-06-30'),(532,294,2,3,44,16628,14383,19175,'NA','2013-07-01','2016-06-30'),(533,301,2,3,164,14947,13591,16477,'NA','2013-07-01','2016-06-30'),(534,303,2,3,239,16851,15557,18298,'NA','2013-07-01','2016-06-30'),(535,304,2,3,317,15354,14280,16427,'NA','2013-07-01','2016-06-30'),(536,305,2,3,570,15979,15118,16862,'NA','2013-07-01','2016-06-30'),(537,307,2,3,110,15546,13997,17357,'NA','2013-07-01','2016-06-30'),(538,312,2,3,131,16615,14979,18498,'NA','2013-07-01','2016-06-30'),(539,314,2,3,34,16829,14437,19657,'NA','2013-07-01','2016-06-30'),(540,316,2,3,54,16415,14410,18984,'NA','2013-07-01','2016-06-30'),(541,317,2,3,126,15082,13569,16749,'NA','2013-07-01','2016-06-30'),(542,318,2,3,56,15207,13235,17479,'NA','2013-07-01','2016-06-30'),(543,320,2,3,833,16014,15305,16792,'NA','2013-07-01','2016-06-30'),(544,322,2,3,NULL,21,16653,15976,'17357','0000-00-00','2013-07-01'),(545,323,2,3,822,16659,15897,17455,'NA','2013-07-01','2016-06-30'),(546,331,2,3,73,15287,13489,17256,'NA','2013-07-01','2016-06-30'),(547,333,2,3,65,17221,15139,19645,'NA','2013-07-01','2016-06-30'),(548,335,2,3,70,17148,15123,19426,'NA','2013-07-01','2016-06-30'),(549,337,2,3,63,16675,14639,19069,'NA','2013-07-01','2016-06-30'),(550,339,2,3,284,15941,14776,17214,'NA','2013-07-01','2016-06-30'),(551,342,2,3,35,17015,14673,19868,'NA','2013-07-01','2016-06-30'),(552,343,2,3,55,14412,12581,16593,'NA','2013-07-01','2016-06-30'),(553,345,2,3,45,16191,14025,18642,'NA','2013-07-01','2016-06-30'),(554,347,2,3,54,17160,14955,19658,'NA','2013-07-01','2016-06-30'),(555,359,2,3,46,16524,14263,19028,'NA','2013-07-01','2016-06-30'),(556,362,2,3,37,17650,15210,20673,'NA','2013-07-01','2016-06-30'),(557,367,2,3,51,17567,15247,20127,'NA','2013-07-01','2016-06-30'),(558,368,2,3,49,15785,13679,18198,'NA','2013-07-01','2016-06-30'),(559,377,2,3,236,17472,16091,18981,'NA','2013-07-01','2016-06-30'),(560,382,2,3,55,16798,14641,19242,'NA','2013-07-01','2016-06-30'),(561,383,2,3,75,17439,15416,19708,'NA','2013-07-01','2016-06-30'),(562,388,2,3,45,17642,15171,20360,'NA','2013-07-01','2016-06-30'),(563,390,2,3,181,16128,14757,17653,'NA','2013-07-01','2016-06-30'),(564,391,2,3,72,14837,13081,16813,'NA','2013-07-01','2016-06-30'),(565,392,2,3,56,17747,15572,20158,'NA','2013-07-01','2016-06-30'),(566,393,2,3,42,15125,13077,17539,'NA','2013-07-01','2016-06-30'),(567,394,2,3,61,17731,15582,20305,'NA','2013-07-01','2016-06-30'),(568,395,2,3,73,15935,14107,18085,'NA','2013-07-01','2016-06-30'),(569,396,2,3,55,18040,15658,20863,'NA','2013-07-01','2016-06-30'),(570,399,2,3,56,14947,13006,17038,'NA','2013-07-01','2016-06-30'),(571,401,2,3,27,16141,13748,18982,'NA','2013-07-01','2016-06-30'),(572,402,2,3,99,15139,13550,16936,'NA','2013-07-01','2016-06-30'),(573,408,2,3,35,17309,14876,20221,'NA','2013-07-01','2016-06-30'),(574,410,2,3,151,16988,15392,18815,'NA','2013-07-01','2016-06-30'),(575,411,2,3,29,14412,12308,16912,'NA','2013-07-01','2016-06-30'),(576,412,2,3,207,15976,14603,17410,'NA','2013-07-01','2016-06-30'),(577,413,2,3,82,15306,13609,17210,'NA','2013-07-01','2016-06-30'),(578,417,2,3,118,14858,13286,16565,'NA','2013-07-01','2016-06-30'),(579,430,2,3,48,14508,12665,16793,'NA','2013-07-01','2016-06-30'),(580,431,2,3,33,14987,12878,17405,'NA','2013-07-01','2016-06-30'),(581,435,2,3,73,15943,14128,18045,'NA','2013-07-01','2016-06-30'),(582,445,2,3,49,15611,13617,18050,'NA','2013-07-01','2016-06-30'),(583,452,2,3,82,15451,13721,17475,'NA','2013-07-01','2016-06-30'),(584,453,2,3,59,16114,14119,18412,'NA','2013-07-01','2016-06-30'),(585,454,2,3,552,16916,15984,17905,'NA','2013-07-01','2016-06-30'),(586,457,2,3,384,15473,14493,16520,'NA','2013-07-01','2016-06-30'),(587,462,2,3,46,15984,13865,18376,'NA','2013-07-01','2016-06-30'),(588,465,2,3,563,16854,15984,17802,'NA','2013-07-01','2016-06-30'),(589,466,2,3,35,15729,13515,18307,'NA','2013-07-01','2016-06-30'),(590,467,2,3,47,14968,12986,17198,'NA','2013-07-01','2016-06-30'),(591,468,2,3,27,14775,12574,17343,'NA','2013-07-01','2016-06-30'),(592,24,3,3,75,21735,20109,23492,'NA','2013-04-01','2016-03-31'),(593,37,3,3,39,22872,20593,25427,'NA','2013-04-01','2016-03-31'),(594,42,3,3,76,22815,21170,24613,'NA','2013-04-01','2016-03-31'),(595,46,3,3,93,23372,21739,25135,'NA','2013-04-01','2016-03-31'),(596,48,3,3,134,23931,22513,25445,'NA','2013-04-01','2016-03-31'),(597,53,3,3,267,22444,21472,23420,'NA','2013-04-01','2016-03-31'),(598,54,3,3,678,22109,21482,22751,'NA','2013-04-01','2016-03-31'),(599,59,3,3,154,22998,21669,24311,'NA','2013-04-01','2016-03-31'),(600,60,3,3,33,24596,21930,27698,'NA','2013-04-01','2016-03-31'),(601,63,3,3,340,23346,22468,24309,'NA','2013-04-01','2016-03-31'),(602,65,3,3,399,23258,22390,24175,'NA','2013-04-01','2016-03-31'),(603,78,3,3,505,22586,21890,23325,'NA','2013-04-01','2016-03-31'),(604,85,3,3,76,21231,19712,22926,'NA','2013-04-01','2016-03-31'),(605,87,3,3,261,22806,21831,23834,'NA','2013-04-01','2016-03-31'),(606,88,3,3,395,22107,21354,22914,'NA','2013-04-01','2016-03-31'),(607,94,3,3,71,24071,22067,26252,'NA','2013-04-01','2016-03-31'),(608,95,3,3,194,22175,21100,23363,'NA','2013-04-01','2016-03-31'),(609,99,3,3,249,22994,22007,24053,'NA','2013-04-01','2016-03-31'),(610,104,3,3,231,22880,21801,24041,'NA','2013-04-01','2016-03-31'),(611,111,3,3,185,23595,22342,24894,'NA','2013-04-01','2016-03-31'),(612,113,3,3,582,23160,22467,23897,'NA','2013-04-01','2016-03-31'),(613,119,3,3,279,23224,22258,24179,'NA','2013-04-01','2016-03-31'),(614,122,3,3,53,22845,20861,24985,'NA','2013-04-01','2016-03-31'),(615,126,3,3,57,23456,21482,25715,'NA','2013-04-01','2016-03-31'),(616,127,3,3,46,21854,19843,24046,'NA','2013-04-01','2016-03-31'),(617,130,3,3,295,23207,22299,24199,'NA','2013-04-01','2016-03-31'),(618,131,3,3,213,22313,21267,23385,'NA','2013-04-01','2016-03-31'),(619,132,3,3,NULL,49,23001,22475,'23533','0000-00-00','2013-04-01'),(620,135,3,3,680,22150,21559,22778,'NA','2013-04-01','2016-03-31'),(621,137,3,3,775,22499,21929,23069,'NA','2013-04-01','2016-03-31'),(622,138,3,3,244,23545,22476,24678,'NA','2013-04-01','2016-03-31'),(623,147,3,3,59,23229,21328,25273,'NA','2013-04-01','2016-03-31'),(624,181,3,3,NULL,710,22252,21851,'22661','0000-00-00','2013-04-01'),(625,184,3,3,397,22947,22113,23835,'NA','2013-04-01','2016-03-31'),(626,197,3,3,183,23633,22422,24898,'NA','2013-04-01','2016-03-31'),(627,207,3,3,248,23057,22036,24133,'NA','2013-04-01','2016-03-31'),(628,211,3,3,589,22374,21733,23063,'NA','2013-04-01','2016-03-31'),(629,222,3,3,189,22059,20970,23190,'NA','2013-04-01','2016-03-31'),(630,223,3,3,73,23261,21412,25301,'NA','2013-04-01','2016-03-31'),(631,231,3,3,286,23005,22089,24008,'NA','2013-04-01','2016-03-31'),(632,237,3,3,874,23121,22541,23722,'NA','2013-04-01','2016-03-31'),(633,239,3,3,249,21701,20784,22667,'NA','2013-04-01','2016-03-31'),(634,244,3,3,103,21273,20017,22653,'NA','2013-04-01','2016-03-31'),(635,245,3,3,58,20995,19304,22823,'NA','2013-04-01','2016-03-31'),(636,257,3,3,26,24376,21443,27743,'NA','2013-04-01','2016-03-31'),(637,259,3,3,69,22458,20665,24406,'NA','2013-04-01','2016-03-31'),(638,269,3,3,29,22070,19782,24772,'NA','2013-04-01','2016-03-31'),(639,273,3,3,96,22182,20627,23785,'NA','2013-04-01','2016-03-31'),(640,305,3,3,645,22420,21802,23071,'NA','2013-04-01','2016-03-31'),(641,312,3,3,73,24173,22241,26257,'NA','2013-04-01','2016-03-31'),(642,315,3,3,209,21977,20923,23030,'NA','2013-04-01','2016-03-31'),(643,334,3,3,72,21634,19963,23356,'NA','2013-04-01','2016-03-31'),(644,345,3,3,79,21760,20209,23539,'NA','2013-04-01','2016-03-31'),(645,356,3,3,27,22420,19810,25263,'NA','2013-04-01','2016-03-31'),(646,359,3,3,88,23657,21970,25483,'NA','2013-04-01','2016-03-31'),(647,361,3,3,30,21808,19478,24343,'NA','2013-04-01','2016-03-31'),(648,362,3,3,162,23209,22005,24499,'NA','2013-04-01','2016-03-31'),(649,368,3,3,39,22208,19992,24563,'NA','2013-04-01','2016-03-31'),(650,383,3,3,115,22315,20914,23782,'NA','2013-04-01','2016-03-31'),(651,388,3,3,35,21458,19249,23923,'NA','2013-04-01','2016-03-31'),(652,390,3,3,47,24947,22555,27511,'NA','2013-04-01','2016-03-31'),(653,395,3,3,66,24268,22371,26370,'NA','2013-04-01','2016-03-31'),(654,412,3,3,300,23024,22068,23994,'NA','2013-04-01','2016-03-31'),(655,414,3,3,43,22308,20176,24513,'NA','2013-04-01','2016-03-31'),(656,435,3,3,27,23607,20806,26663,'NA','2013-04-01','2016-03-31'),(657,445,3,3,42,20925,18979,22993,'NA','2013-04-01','2016-03-31'),(658,459,3,3,144,23675,22342,25059,'NA','2013-04-01','2016-03-31'),(659,466,3,3,30,20383,18242,22798,'NA','2013-04-01','2016-03-31'),(660,2,4,3,31,16530,13880,19096,'NA','2013-07-01','2016-06-30'),(661,5,4,3,57,14971,12891,17031,'NA','2013-07-01','2016-06-30'),(662,7,4,3,35,18881,15907,21644,'NA','2013-07-01','2016-06-30'),(663,8,4,3,63,16422,14374,18599,'NA','2013-07-01','2016-06-30'),(664,13,4,3,100,16561,14703,18332,'NA','2013-07-01','2016-06-30'),(665,16,4,3,60,16051,13967,18129,'NA','2013-07-01','2016-06-30'),(666,18,4,3,28,15122,12573,17859,'NA','2013-07-01','2016-06-30'),(667,21,4,3,32,16108,13314,18761,'NA','2013-07-01','2016-06-30'),(668,24,4,3,66,17663,15271,19992,'NA','2013-07-01','2016-06-30'),(669,25,4,3,62,15911,13691,18045,'NA','2013-07-01','2016-06-30'),(670,29,4,3,54,16408,14053,18690,'NA','2013-07-01','2016-06-30'),(671,37,4,3,138,16563,14999,18197,'NA','2013-07-01','2016-06-30'),(672,38,4,3,29,15877,12923,18635,'NA','2013-07-01','2016-06-30'),(673,39,4,3,NULL,44,17624,16964,'18306','0000-00-00','2013-07-01'),(674,40,4,3,531,17401,16462,18308,'NA','2013-07-01','2016-06-30'),(675,42,4,3,184,16202,14784,17585,'NA','2013-07-01','2016-06-30'),(676,43,4,3,486,16379,15490,17224,'NA','2013-07-01','2016-06-30'),(677,44,4,3,633,17104,16303,17919,'NA','2013-07-01','2016-06-30'),(678,47,4,3,174,16192,14803,17585,'NA','2013-07-01','2016-06-30'),(679,48,4,3,341,17328,16202,18425,'NA','2013-07-01','2016-06-30'),(680,49,4,3,632,17781,16958,18618,'NA','2013-07-01','2016-06-30'),(681,51,4,3,88,18619,16594,20573,'NA','2013-07-01','2016-06-30'),(682,61,4,3,609,17776,16872,18641,'NA','2013-07-01','2016-06-30'),(683,64,4,3,582,17613,16734,18508,'NA','2013-07-01','2016-06-30'),(684,69,4,3,NULL,65,17397,16738,'18028','0000-00-00','2013-07-01'),(685,71,4,3,35,16886,14206,19510,'NA','2013-07-01','2016-06-30'),(686,73,4,3,132,18726,16953,20477,'NA','2013-07-01','2016-06-30'),(687,74,4,3,913,17246,16519,17945,'NA','2013-07-01','2016-06-30'),(688,76,4,3,440,17804,16817,18810,'NA','2013-07-01','2016-06-30'),(689,77,4,3,NULL,236,17313,16691,'17905','0000-00-00','2013-07-01'),(690,78,4,3,855,17386,16674,18123,'NA','2013-07-01','2016-06-30'),(691,79,4,3,274,17397,16147,18632,'NA','2013-07-01','2016-06-30'),(692,82,4,3,281,17515,16332,18703,'NA','2013-07-01','2016-06-30'),(693,83,4,3,251,15881,14682,17039,'NA','2013-07-01','2016-06-30'),(694,89,4,3,96,15404,13684,17062,'NA','2013-07-01','2016-06-30'),(695,91,4,3,197,16662,15252,18044,'NA','2013-07-01','2016-06-30'),(696,94,4,3,171,18406,16843,19940,'NA','2013-07-01','2016-06-30'),(697,95,4,3,258,17197,15983,18469,'NA','2013-07-01','2016-06-30'),(698,96,4,3,162,16303,14820,17728,'NA','2013-07-01','2016-06-30'),(699,99,4,3,491,17027,16097,17966,'NA','2013-07-01','2016-06-30'),(700,100,4,3,300,17824,16570,19015,'NA','2013-07-01','2016-06-30'),(701,105,4,3,247,16792,15584,17994,'NA','2013-07-01','2016-06-30'),(702,106,4,3,879,17138,16476,17868,'NA','2013-07-01','2016-06-30'),(703,107,4,3,479,17273,16356,18233,'NA','2013-07-01','2016-06-30'),(704,108,4,3,257,17236,16044,18466,'NA','2013-07-01','2016-06-30'),(705,112,4,3,195,17908,16439,19379,'NA','2013-07-01','2016-06-30'),(706,113,4,3,803,16428,15712,17145,'NA','2013-07-01','2016-06-30'),(707,114,4,3,749,16747,16031,17456,'NA','2013-07-01','2016-06-30'),(708,115,4,3,350,16237,15198,17277,'NA','2013-07-01','2016-06-30'),(709,116,4,3,187,15858,14481,17249,'NA','2013-07-01','2016-06-30'),(710,117,4,3,531,17135,16216,17988,'NA','2013-07-01','2016-06-30'),(711,119,4,3,611,16506,15712,17338,'NA','2013-07-01','2016-06-30'),(712,120,4,3,178,15658,14331,17043,'NA','2013-07-01','2016-06-30'),(713,122,4,3,142,16139,14552,17638,'NA','2013-07-01','2016-06-30'),(714,123,4,3,26,14258,11609,17028,'NA','2013-07-01','2016-06-30'),(715,124,4,3,340,17598,16488,18726,'NA','2013-07-01','2016-06-30'),(716,126,4,3,299,17238,16118,18364,'NA','2013-07-01','2016-06-30'),(717,127,4,3,334,16948,15882,18072,'NA','2013-07-01','2016-06-30'),(718,128,4,3,97,16414,14521,18261,'NA','2013-07-01','2016-06-30'),(719,129,4,3,59,17164,14825,19439,'NA','2013-07-01','2016-06-30'),(720,130,4,3,513,16482,15659,17321,'NA','2013-07-01','2016-06-30'),(721,133,4,3,241,18127,16807,19506,'NA','2013-07-01','2016-06-30'),(722,136,4,3,923,17185,16502,17830,'NA','2013-07-01','2016-06-30'),(723,139,4,3,238,17090,15777,18373,'NA','2013-07-01','2016-06-30'),(724,140,4,3,48,14899,12751,17077,'NA','2013-07-01','2016-06-30'),(725,141,4,3,58,16744,14346,18982,'NA','2013-07-01','2016-06-30'),(726,142,4,3,26,16652,13852,19721,'NA','2013-07-01','2016-06-30'),(727,144,4,3,141,17231,15699,18833,'NA','2013-07-01','2016-06-30'),(728,148,4,3,97,17084,15272,18894,'NA','2013-07-01','2016-06-30'),(729,149,4,3,481,17056,16138,17986,'NA','2013-07-01','2016-06-30'),(730,157,4,3,78,16539,14662,18544,'NA','2013-07-01','2016-06-30'),(731,159,4,3,62,16449,14302,18677,'NA','2013-07-01','2016-06-30'),(732,162,4,3,182,16599,15190,18016,'NA','2013-07-01','2016-06-30'),(733,174,4,3,196,17447,15973,18960,'NA','2013-07-01','2016-06-30'),(734,175,4,3,82,18899,16620,21030,'NA','2013-07-01','2016-06-30'),(735,180,4,3,103,18636,16652,20637,'NA','2013-07-01','2016-06-30'),(736,182,4,3,147,18781,17026,20432,'NA','2013-07-01','2016-06-30'),(737,200,4,3,70,16347,14173,18336,'NA','2013-07-01','2016-06-30'),(738,205,4,3,28,17553,14474,20619,'NA','2013-07-01','2016-06-30'),(739,207,4,3,123,17509,15804,19274,'NA','2013-07-01','2016-06-30'),(740,210,4,3,76,18031,15766,20195,'NA','2013-07-01','2016-06-30'),(741,212,4,3,232,16740,15352,17969,'NA','2013-07-01','2016-06-30'),(742,213,4,3,52,15053,12827,17202,'NA','2013-07-01','2016-06-30'),(743,214,4,3,382,16686,15705,17702,'NA','2013-07-01','2016-06-30'),(744,225,4,3,246,17266,15989,18547,'NA','2013-07-01','2016-06-30'),(745,231,4,3,213,16857,15597,18251,'NA','2013-07-01','2016-06-30'),(746,234,4,3,462,17578,16637,18536,'NA','2013-07-01','2016-06-30'),(747,236,4,3,NULL,94,17570,16926,'18230','0000-00-00','2013-07-01'),(748,237,4,3,NULL,397,17174,16630,'17722','0000-00-00','2013-07-01'),(749,238,4,3,227,17711,16357,18984,'NA','2013-07-01','2016-06-30'),(750,239,4,3,282,16435,15284,17573,'NA','2013-07-01','2016-06-30'),(751,241,4,3,372,16804,15782,17805,'NA','2013-07-01','2016-06-30'),(752,242,4,3,278,16727,15572,17916,'NA','2013-07-01','2016-06-30'),(753,243,4,3,130,16068,14518,17685,'NA','2013-07-01','2016-06-30'),(754,245,4,3,72,15857,13866,17941,'NA','2013-07-01','2016-06-30'),(755,247,4,3,60,17771,15421,20102,'NA','2013-07-01','2016-06-30'),(756,252,4,3,30,15693,12859,18510,'NA','2013-07-01','2016-06-30'),(757,255,4,3,51,15037,12775,17333,'NA','2013-07-01','2016-06-30'),(758,259,4,3,85,15637,13727,17526,'NA','2013-07-01','2016-06-30'),(759,260,4,3,30,16843,14150,19643,'NA','2013-07-01','2016-06-30'),(760,265,4,3,34,19688,16679,22681,'NA','2013-07-01','2016-06-30'),(761,267,4,3,28,18249,15220,21314,'NA','2013-07-01','2016-06-30'),(762,270,4,3,34,16161,13537,18899,'NA','2013-07-01','2016-06-30'),(763,271,4,3,34,16194,13709,18779,'NA','2013-07-01','2016-06-30'),(764,272,4,3,43,17338,14762,19908,'NA','2013-07-01','2016-06-30'),(765,273,4,3,38,15346,12849,17850,'NA','2013-07-01','2016-06-30'),(766,275,4,3,37,16966,14329,19827,'NA','2013-07-01','2016-06-30'),(767,277,4,3,57,17726,15219,20036,'NA','2013-07-01','2016-06-30'),(768,278,4,3,57,15293,13163,17408,'NA','2013-07-01','2016-06-30'),(769,282,4,3,33,18490,15480,21437,'NA','2013-07-01','2016-06-30'),(770,288,4,3,37,17018,14156,19860,'NA','2013-07-01','2016-06-30'),(771,293,4,3,31,15809,13119,18642,'NA','2013-07-01','2016-06-30'),(772,294,4,3,66,16770,14531,19063,'NA','2013-07-01','2016-06-30'),(773,303,4,3,472,16945,16048,17921,'NA','2013-07-01','2016-06-30'),(774,305,4,3,383,16616,15675,17582,'NA','2013-07-01','2016-06-30'),(775,307,4,3,72,19298,16971,21483,'NA','2013-07-01','2016-06-30'),(776,311,4,3,537,16770,15909,17677,'NA','2013-07-01','2016-06-30'),(777,312,4,3,255,16999,15702,18294,'NA','2013-07-01','2016-06-30'),(778,313,4,3,46,15923,13547,18201,'NA','2013-07-01','2016-06-30'),(779,314,4,3,77,17209,15091,19307,'NA','2013-07-01','2016-06-30'),(780,316,4,3,146,16873,15281,18529,'NA','2013-07-01','2016-06-30'),(781,318,4,3,88,15288,13446,17082,'NA','2013-07-01','2016-06-30'),(782,320,4,3,559,17844,16933,18806,'NA','2013-07-01','2016-06-30'),(783,322,4,3,NULL,295,17130,16552,'17727','0000-00-00','2013-07-01'),(784,324,4,3,194,17778,16314,19207,'NA','2013-07-01','2016-06-30'),(785,331,4,3,148,16012,14561,17475,'NA','2013-07-01','2016-06-30'),(786,339,4,3,362,17182,16093,18194,'NA','2013-07-01','2016-06-30'),(787,340,4,3,159,15877,14393,17291,'NA','2013-07-01','2016-06-30'),(788,344,4,3,60,16460,14250,18681,'NA','2013-07-01','2016-06-30'),(789,345,4,3,127,16258,14722,17846,'NA','2013-07-01','2016-06-30'),(790,346,4,3,38,17223,14310,19945,'NA','2013-07-01','2016-06-30'),(791,353,4,3,47,18474,15793,21153,'NA','2013-07-01','2016-06-30'),(792,356,4,3,89,18925,16727,21187,'NA','2013-07-01','2016-06-30'),(793,358,4,3,422,17755,16756,18757,'NA','2013-07-01','2016-06-30'),(794,359,4,3,118,17637,15803,19441,'NA','2013-07-01','2016-06-30'),(795,360,4,3,60,16498,14345,18787,'NA','2013-07-01','2016-06-30'),(796,361,4,3,55,17273,14810,19775,'NA','2013-07-01','2016-06-30'),(797,362,4,3,62,18263,15876,20765,'NA','2013-07-01','2016-06-30'),(798,363,4,3,55,17785,15228,20233,'NA','2013-07-01','2016-06-30'),(799,366,4,3,27,17542,14449,20688,'NA','2013-07-01','2016-06-30'),(800,370,4,3,36,17356,14602,20147,'NA','2013-07-01','2016-06-30'),(801,373,4,3,71,18900,16547,21197,'NA','2013-07-01','2016-06-30'),(802,378,4,3,53,19506,16787,22251,'NA','2013-07-01','2016-06-30'),(803,379,4,3,68,16036,13984,18180,'NA','2013-07-01','2016-06-30'),(804,380,4,3,25,18323,15169,21595,'NA','2013-07-01','2016-06-30'),(805,382,4,3,92,19078,16986,21190,'NA','2013-07-01','2016-06-30'),(806,384,4,3,51,17803,15236,20178,'NA','2013-07-01','2016-06-30'),(807,386,4,3,39,15882,13279,18506,'NA','2013-07-01','2016-06-30'),(808,388,4,3,102,16456,14641,18322,'NA','2013-07-01','2016-06-30'),(809,390,4,3,269,17444,16233,18663,'NA','2013-07-01','2016-06-30'),(810,391,4,3,151,17956,16251,19627,'NA','2013-07-01','2016-06-30'),(811,394,4,3,71,15348,13351,17304,'NA','2013-07-01','2016-06-30'),(812,399,4,3,114,15921,14259,17651,'NA','2013-07-01','2016-06-30'),(813,402,4,3,203,17163,15768,18550,'NA','2013-07-01','2016-06-30'),(814,405,4,3,33,16177,13344,18698,'NA','2013-07-01','2016-06-30'),(815,406,4,3,28,15413,12800,18025,'NA','2013-07-01','2016-06-30'),(816,407,4,3,38,18018,15087,20935,'NA','2013-07-01','2016-06-30'),(817,408,4,3,74,16984,14908,19061,'NA','2013-07-01','2016-06-30'),(818,410,4,3,292,17916,16740,19161,'NA','2013-07-01','2016-06-30'),(819,412,4,3,412,17319,16321,18315,'NA','2013-07-01','2016-06-30'),(820,414,4,3,43,14781,12489,17186,'NA','2013-07-01','2016-06-30'),(821,415,4,3,31,16048,13389,18779,'NA','2013-07-01','2016-06-30'),(822,416,4,3,38,18377,15515,21089,'NA','2013-07-01','2016-06-30'),(823,417,4,3,193,16948,15570,18348,'NA','2013-07-01','2016-06-30'),(824,427,4,3,82,15110,13282,17045,'NA','2013-07-01','2016-06-30'),(825,433,4,3,328,17473,16353,18641,'NA','2013-07-01','2016-06-30'),(826,450,4,3,214,17897,16522,19310,'NA','2013-07-01','2016-06-30'),(827,453,4,3,93,16873,14806,18754,'NA','2013-07-01','2016-06-30'),(828,455,4,3,761,17561,16791,18302,'NA','2013-07-01','2016-06-30'),(829,457,4,3,876,17150,16418,17873,'NA','2013-07-01','2016-06-30'),(830,460,4,3,165,17356,15821,18876,'NA','2013-07-01','2016-06-30'),(831,462,4,3,86,16099,14242,17974,'NA','2013-07-01','2016-06-30'),(832,464,4,3,830,16525,15816,17192,'NA','2013-07-01','2016-06-30'),(833,465,4,3,612,17621,16756,18471,'NA','2013-07-01','2016-06-30'),(834,466,4,3,39,14893,12371,17341,'NA','2013-07-01','2016-06-30'),(835,467,4,3,77,16258,14270,18249,'NA','2013-07-01','2016-06-30'),(836,3,1,4,NULL,NULL,NULL,NULL,'5 - Results are not available for this reporting period.','2013-07-01','2016-06-30'),(837,30,1,4,NULL,NULL,NULL,NULL,'5 - Results are not available for this reporting period.','2013-07-01','2016-06-30'),(838,31,1,4,NULL,NULL,NULL,NULL,'5 - Results are not available for this reporting period.','2013-07-01','2016-06-30'),(839,101,1,4,NULL,NULL,NULL,NULL,'5 - Results are not available for this reporting period.','2013-07-01','2016-06-30'),(840,102,1,4,NULL,NULL,NULL,NULL,'5 - Results are not available for this reporting period.','2013-07-01','2016-06-30'),(841,109,1,4,NULL,NULL,NULL,NULL,'5 - Results are not available for this reporting period.','2013-07-01','2016-06-30'),(842,110,1,4,NULL,NULL,NULL,NULL,'5 - Results are not available for this reporting period.','2013-07-01','2016-06-30'),(843,118,1,4,NULL,NULL,NULL,NULL,'5 - Results are not available for this reporting period.','2013-07-01','2016-06-30'),(844,125,1,4,NULL,NULL,NULL,NULL,'19 - Data are shown only for hospitals that participate in the Inpatient Quality Reporting (IQR) and','2013-07-01','2016-06-30'),(845,167,1,4,NULL,NULL,NULL,NULL,'5 - Results are not available for this reporting period.','2013-07-01','2016-06-30'),(846,172,1,4,NULL,NULL,NULL,NULL,'5 - Results are not available for this reporting period.','2013-07-01','2016-06-30'),(847,179,1,4,NULL,NULL,NULL,NULL,'7 - No cases met the criteria for this measure.','2013-07-01','2016-06-30'),(848,185,1,4,NULL,NULL,NULL,NULL,'5 - Results are not available for this reporting period.','2013-07-01','2016-06-30'),(849,188,1,4,NULL,NULL,NULL,NULL,'5 - Results are not available for this reporting period.','2013-07-01','2016-06-30'),(850,193,1,4,NULL,NULL,NULL,NULL,'5 - Results are not available for this reporting period.','2013-07-01','2016-06-30'),(851,194,1,4,NULL,NULL,NULL,NULL,'7 - No cases met the criteria for this measure.','2013-07-01','2016-06-30'),(852,199,1,4,NULL,NULL,NULL,NULL,'5 - Results are not available for this reporting period.','2013-07-01','2016-06-30'),(853,227,1,4,NULL,NULL,NULL,NULL,'5 - Results are not available for this reporting period.','2013-07-01','2016-06-30'),(854,229,1,4,NULL,NULL,NULL,NULL,'19 - Data are shown only for hospitals that participate in the Inpatient Quality Reporting (IQR) and','2013-07-01','2016-06-30'),(855,230,1,4,NULL,NULL,NULL,NULL,'19 - Data are shown only for hospitals that participate in the Inpatient Quality Reporting (IQR) and','2013-07-01','2016-06-30'),(856,233,1,4,NULL,NULL,NULL,NULL,'5 - Results are not available for this reporting period.','2013-07-01','2016-06-30'),(857,253,1,4,NULL,NULL,NULL,NULL,'5 - Results are not available for this reporting period.','2013-07-01','2016-06-30'),(858,262,1,4,NULL,NULL,NULL,NULL,'5 - Results are not available for this reporting period.','2013-07-01','2016-06-30'),(859,263,1,4,NULL,NULL,NULL,NULL,'7 - No cases met the criteria for this measure.','2013-07-01','2016-06-30'),(860,281,1,4,NULL,NULL,NULL,NULL,'7 - No cases met the criteria for this measure.','2013-07-01','2016-06-30'),(861,283,1,4,NULL,NULL,NULL,NULL,'7 - No cases met the criteria for this measure.','2013-07-01','2016-06-30'),(862,287,1,4,NULL,NULL,NULL,NULL,'5 - Results are not available for this reporting period.','2013-07-01','2016-06-30'),(863,290,1,4,NULL,NULL,NULL,NULL,'5 - Results are not available for this reporting period.','2013-07-01','2016-06-30'),(864,293,1,4,NULL,NULL,NULL,NULL,'5 - Results are not available for this reporting period.','2013-07-01','2016-06-30'),(865,295,1,4,NULL,NULL,NULL,NULL,'5 - Results are not available for this reporting period.','2013-07-01','2016-06-30'),(866,297,1,4,NULL,NULL,NULL,NULL,'5 - Results are not available for this reporting period.','2013-07-01','2016-06-30'),(867,298,1,4,NULL,NULL,NULL,NULL,'5 - Results are not available for this reporting period.','2013-07-01','2016-06-30'),(868,299,1,4,NULL,NULL,NULL,NULL,'5 - Results are not available for this reporting period.','2013-07-01','2016-06-30'),(869,308,1,4,NULL,NULL,NULL,NULL,'19 - Data are shown only for hospitals that participate in the Inpatient Quality Reporting (IQR) and','2013-07-01','2016-06-30'),(870,309,1,4,NULL,NULL,NULL,NULL,'19 - Data are shown only for hospitals that participate in the Inpatient Quality Reporting (IQR) and','2013-07-01','2016-06-30'),(871,321,1,4,NULL,NULL,NULL,NULL,'19 - Data are shown only for hospitals that participate in the Inpatient Quality Reporting (IQR) and','2013-07-01','2016-06-30'),(872,327,1,4,NULL,NULL,NULL,NULL,'19 - Data are shown only for hospitals that participate in the Inpatient Quality Reporting (IQR) and','2013-07-01','2016-06-30'),(873,351,1,4,NULL,NULL,NULL,NULL,'7 - No cases met the criteria for this measure.','2013-07-01','2016-06-30'),(874,352,1,4,NULL,NULL,NULL,NULL,'19 - Data are shown only for hospitals that participate in the Inpatient Quality Reporting (IQR) and','2013-07-01','2016-06-30'),(875,357,1,4,NULL,NULL,NULL,NULL,'5 - Results are not available for this reporting period.','2013-07-01','2016-06-30'),(876,361,1,4,NULL,NULL,NULL,NULL,'5 - Results are not available for this reporting period.','2013-07-01','2016-06-30'),(877,365,1,4,NULL,NULL,NULL,NULL,'5 - Results are not available for this reporting period.','2013-07-01','2016-06-30'),(878,366,1,4,NULL,NULL,NULL,NULL,'5 - Results are not available for this reporting period.','2013-07-01','2016-06-30'),(879,369,1,4,NULL,NULL,NULL,NULL,'5 - Results are not available for this reporting period.','2013-07-01','2016-06-30'),(880,372,1,4,NULL,NULL,NULL,NULL,'5 - Results are not available for this reporting period.','2013-07-01','2016-06-30'),(881,380,1,4,NULL,NULL,NULL,NULL,'5 - Results are not available for this reporting period.','2013-07-01','2016-06-30'),(882,385,1,4,NULL,NULL,NULL,NULL,'5 - Results are not available for this reporting period.','2013-07-01','2016-06-30'),(883,389,1,4,NULL,NULL,NULL,NULL,'5 - Results are not available for this reporting period.','2013-07-01','2016-06-30'),(884,397,1,4,NULL,NULL,NULL,NULL,'5 - Results are not available for this reporting period.','2013-07-01','2016-06-30'),(885,403,1,4,NULL,NULL,NULL,NULL,'5 - Results are not available for this reporting period.','2013-07-01','2016-06-30'),(886,404,1,4,NULL,NULL,NULL,NULL,'5 - Results are not available for this reporting period.','2013-07-01','2016-06-30'),(887,408,1,4,NULL,NULL,NULL,NULL,'5 - Results are not available for this reporting period.','2013-07-01','2016-06-30'),(888,409,1,4,NULL,NULL,NULL,NULL,'5 - Results are not available for this reporting period.','2013-07-01','2016-06-30'),(889,418,1,4,NULL,NULL,NULL,NULL,'19 - Data are shown only for hospitals that participate in the Inpatient Quality Reporting (IQR) and','2013-07-01','2016-06-30'),(890,419,1,4,NULL,NULL,NULL,NULL,'5 - Results are not available for this reporting period.','2013-07-01','2016-06-30'),(891,420,1,4,NULL,NULL,NULL,NULL,'5 - Results are not available for this reporting period.','2013-07-01','2016-06-30'),(892,421,1,4,NULL,NULL,NULL,NULL,'7 - No cases met the criteria for this measure.','2013-07-01','2016-06-30'),(893,426,1,4,NULL,NULL,NULL,NULL,'7 - No cases met the criteria for this measure.','2013-07-01','2016-06-30'),(894,436,1,4,NULL,NULL,NULL,NULL,'5 - Results are not available for this reporting period.','2013-07-01','2016-06-30'),(895,438,1,4,NULL,NULL,NULL,NULL,'7 - No cases met the criteria for this measure.','2013-07-01','2016-06-30'),(896,439,1,4,NULL,NULL,NULL,NULL,'5 - Results are not available for this reporting period.','2013-07-01','2016-06-30'),(897,447,1,4,NULL,NULL,NULL,NULL,'19 - Data are shown only for hospitals that participate in the Inpatient Quality Reporting (IQR) and','2013-07-01','2016-06-30'),(898,449,1,4,NULL,NULL,NULL,NULL,'5 - Results are not available for this reporting period.','2013-07-01','2016-06-30'),(899,451,1,4,NULL,NULL,NULL,NULL,'5 - Results are not available for this reporting period.','2013-07-01','2016-06-30'),(900,456,1,4,NULL,NULL,NULL,NULL,'19 - Data are shown only for hospitals that participate in the Inpatient Quality Reporting (IQR) and','2013-07-01','2016-06-30'),(901,461,1,4,NULL,NULL,NULL,NULL,'19 - Data are shown only for hospitals that participate in the Inpatient Quality Reporting (IQR) and','2013-07-01','2016-06-30'),(902,469,1,4,NULL,NULL,NULL,NULL,'5 - Results are not available for this reporting period.','2013-07-01','2016-06-30'),(903,470,1,4,NULL,NULL,NULL,NULL,'5 - Results are not available for this reporting period.','2013-07-01','2016-06-30'),(904,472,1,4,NULL,NULL,NULL,NULL,'19 - Data are shown only for hospitals that participate in the Inpatient Quality Reporting (IQR) and','2013-07-01','2016-06-30'),(905,473,1,4,NULL,NULL,NULL,NULL,'5 - Results are not available for this reporting period.','2013-07-01','2016-06-30'),(906,31,2,4,NULL,NULL,NULL,NULL,'5 - Results are not available for this reporting period.','2013-07-01','2016-06-30'),(907,101,2,4,NULL,NULL,NULL,NULL,'5 - Results are not available for this reporting period.','2013-07-01','2016-06-30'),(908,102,2,4,NULL,NULL,NULL,NULL,'5 - Results are not available for this reporting period.','2013-07-01','2016-06-30'),(909,109,2,4,NULL,NULL,NULL,NULL,'5 - Results are not available for this reporting period.','2013-07-01','2016-06-30'),(910,110,2,4,NULL,NULL,NULL,NULL,'5 - Results are not available for this reporting period.','2013-07-01','2016-06-30'),(911,125,2,4,NULL,NULL,NULL,NULL,'19 - Data are shown only for hospitals that participate in the Inpatient Quality Reporting (IQR) and','2013-07-01','2016-06-30'),(912,176,2,4,NULL,NULL,NULL,NULL,'5 - Results are not available for this reporting period.','2013-07-01','2016-06-30'),(913,190,2,4,NULL,NULL,NULL,NULL,'5 - Results are not available for this reporting period.','2013-07-01','2016-06-30'),(914,191,2,4,NULL,NULL,NULL,NULL,'19 - Data are shown only for hospitals that participate in the Inpatient Quality Reporting (IQR) and','2013-07-01','2016-06-30'),(915,227,2,4,NULL,NULL,NULL,NULL,'5 - Results are not available for this reporting period.','2013-07-01','2016-06-30'),(916,229,2,4,NULL,NULL,NULL,NULL,'19 - Data are shown only for hospitals that participate in the Inpatient Quality Reporting (IQR) and','2013-07-01','2016-06-30'),(917,230,2,4,NULL,NULL,NULL,NULL,'19 - Data are shown only for hospitals that participate in the Inpatient Quality Reporting (IQR) and','2013-07-01','2016-06-30'),(918,233,2,4,NULL,NULL,NULL,NULL,'5 - Results are not available for this reporting period.','2013-07-01','2016-06-30'),(919,253,2,4,NULL,NULL,NULL,NULL,'5 - Results are not available for this reporting period.','2013-07-01','2016-06-30'),(920,295,2,4,NULL,NULL,NULL,NULL,'5 - Results are not available for this reporting period.','2013-07-01','2016-06-30'),(921,298,2,4,NULL,NULL,NULL,NULL,'5 - Results are not available for this reporting period.','2013-07-01','2016-06-30'),(922,299,2,4,NULL,NULL,NULL,NULL,'5 - Results are not available for this reporting period.','2013-07-01','2016-06-30'),(923,308,2,4,NULL,NULL,NULL,NULL,'19 - Data are shown only for hospitals that participate in the Inpatient Quality Reporting (IQR) and','2013-07-01','2016-06-30'),(924,309,2,4,NULL,NULL,NULL,NULL,'19 - Data are shown only for hospitals that participate in the Inpatient Quality Reporting (IQR) and','2013-07-01','2016-06-30'),(925,321,2,4,NULL,NULL,NULL,NULL,'19 - Data are shown only for hospitals that participate in the Inpatient Quality Reporting (IQR) and','2013-07-01','2016-06-30'),(926,327,2,4,NULL,NULL,NULL,NULL,'19 - Data are shown only for hospitals that participate in the Inpatient Quality Reporting (IQR) and','2013-07-01','2016-06-30'),(927,352,2,4,NULL,NULL,NULL,NULL,'19 - Data are shown only for hospitals that participate in the Inpatient Quality Reporting (IQR) and','2013-07-01','2016-06-30'),(928,357,2,4,NULL,NULL,NULL,NULL,'5 - Results are not available for this reporting period.','2013-07-01','2016-06-30'),(929,389,2,4,NULL,NULL,NULL,NULL,'5 - Results are not available for this reporting period.','2013-07-01','2016-06-30'),(930,397,2,4,NULL,NULL,NULL,NULL,'5 - Results are not available for this reporting period.','2013-07-01','2016-06-30'),(931,404,2,4,NULL,NULL,NULL,NULL,'5 - Results are not available for this reporting period.','2013-07-01','2016-06-30'),(932,418,2,4,NULL,NULL,NULL,NULL,'19 - Data are shown only for hospitals that participate in the Inpatient Quality Reporting (IQR) and','2013-07-01','2016-06-30'),(933,439,2,4,NULL,NULL,NULL,NULL,'5 - Results are not available for this reporting period.','2013-07-01','2016-06-30'),(934,443,2,4,NULL,NULL,NULL,NULL,'19 - Data are shown only for hospitals that participate in the Inpatient Quality Reporting (IQR) and','2013-07-01','2016-06-30'),(935,447,2,4,NULL,NULL,NULL,NULL,'19 - Data are shown only for hospitals that participate in the Inpatient Quality Reporting (IQR) and','2013-07-01','2016-06-30'),(936,449,2,4,NULL,NULL,NULL,NULL,'5 - Results are not available for this reporting period.','2013-07-01','2016-06-30'),(937,451,2,4,NULL,NULL,NULL,NULL,'5 - Results are not available for this reporting period.','2013-07-01','2016-06-30'),(938,456,2,4,NULL,NULL,NULL,NULL,'19 - Data are shown only for hospitals that participate in the Inpatient Quality Reporting (IQR) and','2013-07-01','2016-06-30'),(939,461,2,4,NULL,NULL,NULL,NULL,'19 - Data are shown only for hospitals that participate in the Inpatient Quality Reporting (IQR) and','2013-07-01','2016-06-30'),(940,472,2,4,NULL,NULL,NULL,NULL,'19 - Data are shown only for hospitals that participate in the Inpatient Quality Reporting (IQR) and','2013-07-01','2016-06-30'),(941,1,3,4,NULL,NULL,NULL,NULL,'5 - Results are not available for this reporting period.','2013-04-01','2016-03-31'),(942,3,3,4,NULL,NULL,NULL,NULL,'5 - Results are not available for this reporting period.','2013-04-01','2016-03-31'),(943,4,3,4,NULL,NULL,NULL,NULL,'5 - Results are not available for this reporting period.','2013-04-01','2016-03-31'),(944,7,3,4,NULL,NULL,NULL,NULL,'5 - Results are not available for this reporting period.','2013-04-01','2016-03-31'),(945,11,3,4,NULL,NULL,NULL,NULL,'5 - Results are not available for this reporting period.','2013-04-01','2016-03-31'),(946,19,3,4,NULL,NULL,NULL,NULL,'5 - Results are not available for this reporting period.','2013-04-01','2016-03-31'),(947,23,3,4,NULL,NULL,NULL,NULL,'5 - Results are not available for this reporting period.','2013-04-01','2016-03-31'),(948,25,3,4,NULL,NULL,NULL,NULL,'5 - Results are not available for this reporting period.','2013-04-01','2016-03-31'),(949,27,3,4,NULL,NULL,NULL,NULL,'5 - Results are not available for this reporting period.','2013-04-01','2016-03-31'),(950,30,3,4,NULL,NULL,NULL,NULL,'5 - Results are not available for this reporting period.','2013-04-01','2016-03-31'),(951,33,3,4,NULL,NULL,NULL,NULL,'5 - Results are not available for this reporting period.','2013-04-01','2016-03-31'),(952,41,3,4,NULL,NULL,NULL,NULL,'5 - Results are not available for this reporting period.','2013-04-01','2016-03-31'),(953,45,3,4,NULL,NULL,NULL,NULL,'5 - Results are not available for this reporting period.','2013-04-01','2016-03-31'),(954,71,3,4,NULL,NULL,NULL,NULL,'5 - Results are not available for this reporting period.','2013-04-01','2016-03-31'),(955,81,3,4,NULL,NULL,NULL,NULL,'5 - Results are not available for this reporting period.','2013-04-01','2016-03-31'),(956,102,3,4,NULL,NULL,NULL,NULL,'5 - Results are not available for this reporting period.','2013-04-01','2016-03-31'),(957,108,3,4,NULL,NULL,NULL,NULL,'5 - Results are not available for this reporting period.','2013-04-01','2016-03-31'),(958,109,3,4,NULL,NULL,NULL,NULL,'5 - Results are not available for this reporting period.','2013-04-01','2016-03-31'),(959,110,3,4,NULL,NULL,NULL,NULL,'5 - Results are not available for this reporting period.','2013-04-01','2016-03-31'),(960,118,3,4,NULL,NULL,NULL,NULL,'5 - Results are not available for this reporting period.','2013-04-01','2016-03-31'),(961,120,3,4,NULL,NULL,NULL,NULL,'5 - Results are not available for this reporting period.','2013-04-01','2016-03-31'),(962,121,3,4,NULL,NULL,NULL,NULL,'5 - Results are not available for this reporting period.','2013-04-01','2016-03-31'),(963,123,3,4,NULL,NULL,NULL,NULL,'5 - Results are not available for this reporting period.','2013-04-01','2016-03-31'),(964,125,3,4,NULL,NULL,NULL,NULL,'19 - Data are shown only for hospitals that participate in the Inpatient Quality Reporting (IQR) and','2013-04-01','2016-03-31'),(965,128,3,4,NULL,NULL,NULL,NULL,'5 - Results are not available for this reporting period.','2013-04-01','2016-03-31'),(966,140,3,4,NULL,NULL,NULL,NULL,'5 - Results are not available for this reporting period.','2013-04-01','2016-03-31'),(967,141,3,4,NULL,NULL,NULL,NULL,'5 - Results are not available for this reporting period.','2013-04-01','2016-03-31'),(968,142,3,4,NULL,NULL,NULL,NULL,'5 - Results are not available for this reporting period.','2013-04-01','2016-03-31'),(969,143,3,4,NULL,NULL,NULL,NULL,'5 - Results are not available for this reporting period.','2013-04-01','2016-03-31'),(970,144,3,4,NULL,NULL,NULL,NULL,'5 - Results are not available for this reporting period.','2013-04-01','2016-03-31'),(971,146,3,4,NULL,NULL,NULL,NULL,'5 - Results are not available for this reporting period.','2013-04-01','2016-03-31'),(972,163,3,4,NULL,NULL,NULL,NULL,'5 - Results are not available for this reporting period.','2013-04-01','2016-03-31'),(973,166,3,4,NULL,NULL,NULL,NULL,'5 - Results are not available for this reporting period.','2013-04-01','2016-03-31'),(974,167,3,4,NULL,NULL,NULL,NULL,'5 - Results are not available for this reporting period.','2013-04-01','2016-03-31'),(975,168,3,4,NULL,NULL,NULL,NULL,'5 - Results are not available for this reporting period.','2013-04-01','2016-03-31'),(976,171,3,4,NULL,NULL,NULL,NULL,'5 - Results are not available for this reporting period.','2013-04-01','2016-03-31'),(977,176,3,4,NULL,NULL,NULL,NULL,'5 - Results are not available for this reporting period.','2013-04-01','2016-03-31'),(978,179,3,4,NULL,NULL,NULL,NULL,'5 - Results are not available for this reporting period.','2013-04-01','2016-03-31'),(979,190,3,4,NULL,NULL,NULL,NULL,'5 - Results are not available for this reporting period.','2013-04-01','2016-03-31'),(980,191,3,4,NULL,NULL,NULL,NULL,'19 - Data are shown only for hospitals that participate in the Inpatient Quality Reporting (IQR) and','2013-04-01','2016-03-31'),(981,193,3,4,NULL,NULL,NULL,NULL,'5 - Results are not available for this reporting period.','2013-04-01','2016-03-31'),(982,194,3,4,NULL,NULL,NULL,NULL,'5 - Results are not available for this reporting period.','2013-04-01','2016-03-31'),(983,203,3,4,NULL,NULL,NULL,NULL,'5 - Results are not available for this reporting period.','2013-04-01','2016-03-31'),(984,208,3,4,NULL,NULL,NULL,NULL,'5 - Results are not available for this reporting period.','2013-04-01','2016-03-31'),(985,213,3,4,NULL,NULL,NULL,NULL,'5 - Results are not available for this reporting period.','2013-04-01','2016-03-31'),(986,216,3,4,NULL,NULL,NULL,NULL,'5 - Results are not available for this reporting period.','2013-04-01','2016-03-31'),(987,218,3,4,NULL,NULL,NULL,NULL,'5 - Results are not available for this reporting period.','2013-04-01','2016-03-31'),(988,221,3,4,NULL,NULL,NULL,NULL,'5 - Results are not available for this reporting period.','2013-04-01','2016-03-31'),(989,227,3,4,NULL,NULL,NULL,NULL,'5 - Results are not available for this reporting period.','2013-04-01','2016-03-31'),(990,229,3,4,NULL,NULL,NULL,NULL,'19 - Data are shown only for hospitals that participate in the Inpatient Quality Reporting (IQR) and','2013-04-01','2016-03-31'),(991,230,3,4,NULL,NULL,NULL,NULL,'19 - Data are shown only for hospitals that participate in the Inpatient Quality Reporting (IQR) and','2013-04-01','2016-03-31'),(992,243,3,4,NULL,NULL,NULL,NULL,'5 - Results are not available for this reporting period.','2013-04-01','2016-03-31'),(993,250,3,4,NULL,NULL,NULL,NULL,'19 - Data are shown only for hospitals that participate in the Inpatient Quality Reporting (IQR) and','2013-04-01','2016-03-31'),(994,254,3,4,NULL,NULL,NULL,NULL,'19 - Data are shown only for hospitals that participate in the Inpatient Quality Reporting (IQR) and','2013-04-01','2016-03-31'),(995,263,3,4,NULL,NULL,NULL,NULL,'5 - Results are not available for this reporting period.','2013-04-01','2016-03-31'),(996,266,3,4,NULL,NULL,NULL,NULL,'5 - Results are not available for this reporting period.','2013-04-01','2016-03-31'),(997,270,3,4,NULL,NULL,NULL,NULL,'5 - Results are not available for this reporting period.','2013-04-01','2016-03-31'),(998,274,3,4,NULL,NULL,NULL,NULL,'5 - Results are not available for this reporting period.','2013-04-01','2016-03-31'),(999,278,3,4,NULL,NULL,NULL,NULL,'5 - Results are not available for this reporting period.','2013-04-01','2016-03-31'),(1000,281,3,4,NULL,NULL,NULL,NULL,'5 - Results are not available for this reporting period.','2013-04-01','2016-03-31'),(1001,283,3,4,NULL,NULL,NULL,NULL,'5 - Results are not available for this reporting period.','2013-04-01','2016-03-31'),(1002,287,3,4,NULL,NULL,NULL,NULL,'5 - Results are not available for this reporting period.','2013-04-01','2016-03-31'),(1003,290,3,4,NULL,NULL,NULL,NULL,'5 - Results are not available for this reporting period.','2013-04-01','2016-03-31'),(1004,291,3,4,NULL,NULL,NULL,NULL,'5 - Results are not available for this reporting period.','2013-04-01','2016-03-31'),(1005,292,3,4,NULL,NULL,NULL,NULL,'5 - Results are not available for this reporting period.','2013-04-01','2016-03-31'),(1006,293,3,4,NULL,NULL,NULL,NULL,'5 - Results are not available for this reporting period.','2013-04-01','2016-03-31'),(1007,294,3,4,NULL,NULL,NULL,NULL,'5 - Results are not available for this reporting period.','2013-04-01','2016-03-31'),(1008,295,3,4,NULL,NULL,NULL,NULL,'5 - Results are not available for this reporting period.','2013-04-01','2016-03-31'),(1009,296,3,4,NULL,NULL,NULL,NULL,'5 - Results are not available for this reporting period.','2013-04-01','2016-03-31'),(1010,297,3,4,NULL,NULL,NULL,NULL,'5 - Results are not available for this reporting period.','2013-04-01','2016-03-31'),(1011,298,3,4,NULL,NULL,NULL,NULL,'5 - Results are not available for this reporting period.','2013-04-01','2016-03-31'),(1012,299,3,4,NULL,NULL,NULL,NULL,'5 - Results are not available for this reporting period.','2013-04-01','2016-03-31'),(1013,300,3,4,NULL,NULL,NULL,NULL,'5 - Results are not available for this reporting period.','2013-04-01','2016-03-31'),(1014,308,3,4,NULL,NULL,NULL,NULL,'19 - Data are shown only for hospitals that participate in the Inpatient Quality Reporting (IQR) and','2013-04-01','2016-03-31'),(1015,309,3,4,NULL,NULL,NULL,NULL,'19 - Data are shown only for hospitals that participate in the Inpatient Quality Reporting (IQR) and','2013-04-01','2016-03-31'),(1016,310,3,4,NULL,NULL,NULL,NULL,'5 - Results are not available for this reporting period.','2013-04-01','2016-03-31'),(1017,313,3,4,NULL,NULL,NULL,NULL,'5 - Results are not available for this reporting period.','2013-04-01','2016-03-31'),(1018,317,3,4,NULL,NULL,NULL,NULL,'5 - Results are not available for this reporting period.','2013-04-01','2016-03-31'),(1019,318,3,4,NULL,NULL,NULL,NULL,'5 - Results are not available for this reporting period.','2013-04-01','2016-03-31'),(1020,321,3,4,NULL,NULL,NULL,NULL,'19 - Data are shown only for hospitals that participate in the Inpatient Quality Reporting (IQR) and','2013-04-01','2016-03-31'),(1021,327,3,4,NULL,NULL,NULL,NULL,'19 - Data are shown only for hospitals that participate in the Inpatient Quality Reporting (IQR) and','2013-04-01','2016-03-31'),(1022,342,3,4,NULL,NULL,NULL,NULL,'5 - Results are not available for this reporting period.','2013-04-01','2016-03-31'),(1023,343,3,4,NULL,NULL,NULL,NULL,'5 - Results are not available for this reporting period.','2013-04-01','2016-03-31'),(1024,344,3,4,NULL,NULL,NULL,NULL,'5 - Results are not available for this reporting period.','2013-04-01','2016-03-31'),(1025,346,3,4,NULL,NULL,NULL,NULL,'5 - Results are not available for this reporting period.','2013-04-01','2016-03-31'),(1026,347,3,4,NULL,NULL,NULL,NULL,'5 - Results are not available for this reporting period.','2013-04-01','2016-03-31'),(1027,348,3,4,NULL,NULL,NULL,NULL,'5 - Results are not available for this reporting period.','2013-04-01','2016-03-31'),(1028,349,3,4,NULL,NULL,NULL,NULL,'5 - Results are not available for this reporting period.','2013-04-01','2016-03-31'),(1029,350,3,4,NULL,NULL,NULL,NULL,'5 - Results are not available for this reporting period.','2013-04-01','2016-03-31'),(1030,351,3,4,NULL,NULL,NULL,NULL,'5 - Results are not available for this reporting period.','2013-04-01','2016-03-31'),(1031,352,3,4,NULL,NULL,NULL,NULL,'19 - Data are shown only for hospitals that participate in the Inpatient Quality Reporting (IQR) and','2013-04-01','2016-03-31'),(1032,353,3,4,NULL,NULL,NULL,NULL,'5 - Results are not available for this reporting period.','2013-04-01','2016-03-31'),(1033,354,3,4,NULL,NULL,NULL,NULL,'5 - Results are not available for this reporting period.','2013-04-01','2016-03-31'),(1034,355,3,4,NULL,NULL,NULL,NULL,'5 - Results are not available for this reporting period.','2013-04-01','2016-03-31'),(1035,357,3,4,NULL,NULL,NULL,NULL,'5 - Results are not available for this reporting period.','2013-04-01','2016-03-31'),(1036,365,3,4,NULL,NULL,NULL,NULL,'5 - Results are not available for this reporting period.','2013-04-01','2016-03-31'),(1037,366,3,4,NULL,NULL,NULL,NULL,'5 - Results are not available for this reporting period.','2013-04-01','2016-03-31'),(1038,369,3,4,NULL,NULL,NULL,NULL,'5 - Results are not available for this reporting period.','2013-04-01','2016-03-31'),(1039,370,3,4,NULL,NULL,NULL,NULL,'5 - Results are not available for this reporting period.','2013-04-01','2016-03-31'),(1040,371,3,4,NULL,NULL,NULL,NULL,'5 - Results are not available for this reporting period.','2013-04-01','2016-03-31'),(1041,372,3,4,NULL,NULL,NULL,NULL,'5 - Results are not available for this reporting period.','2013-04-01','2016-03-31'),(1042,373,3,4,NULL,NULL,NULL,NULL,'5 - Results are not available for this reporting period.','2013-04-01','2016-03-31'),(1043,374,3,4,NULL,NULL,NULL,NULL,'5 - Results are not available for this reporting period.','2013-04-01','2016-03-31'),(1044,375,3,4,NULL,NULL,NULL,NULL,'5 - Results are not available for this reporting period.','2013-04-01','2016-03-31'),(1045,376,3,4,NULL,NULL,NULL,NULL,'5 - Results are not available for this reporting period.','2013-04-01','2016-03-31'),(1046,379,3,4,NULL,NULL,NULL,NULL,'5 - Results are not available for this reporting period.','2013-04-01','2016-03-31'),(1047,380,3,4,NULL,NULL,NULL,NULL,'5 - Results are not available for this reporting period.','2013-04-01','2016-03-31'),(1048,381,3,4,NULL,NULL,NULL,NULL,'5 - Results are not available for this reporting period.','2013-04-01','2016-03-31'),(1049,384,3,4,NULL,NULL,NULL,NULL,'5 - Results are not available for this reporting period.','2013-04-01','2016-03-31'),(1050,386,3,4,NULL,NULL,NULL,NULL,'5 - Results are not available for this reporting period.','2013-04-01','2016-03-31'),(1051,389,3,4,NULL,NULL,NULL,NULL,'5 - Results are not available for this reporting period.','2013-04-01','2016-03-31'),(1052,392,3,4,NULL,NULL,NULL,NULL,'5 - Results are not available for this reporting period.','2013-04-01','2016-03-31'),(1053,393,3,4,NULL,NULL,NULL,NULL,'5 - Results are not available for this reporting period.','2013-04-01','2016-03-31'),(1054,394,3,4,NULL,NULL,NULL,NULL,'5 - Results are not available for this reporting period.','2013-04-01','2016-03-31'),(1055,397,3,4,NULL,NULL,NULL,NULL,'5 - Results are not available for this reporting period.','2013-04-01','2016-03-31'),(1056,398,3,4,NULL,NULL,NULL,NULL,'5 - Results are not available for this reporting period.','2013-04-01','2016-03-31'),(1057,399,3,4,NULL,NULL,NULL,NULL,'5 - Results are not available for this reporting period.','2013-04-01','2016-03-31'),(1058,403,3,4,NULL,NULL,NULL,NULL,'5 - Results are not available for this reporting period.','2013-04-01','2016-03-31'),(1059,406,3,4,NULL,NULL,NULL,NULL,'5 - Results are not available for this reporting period.','2013-04-01','2016-03-31'),(1060,407,3,4,NULL,NULL,NULL,NULL,'5 - Results are not available for this reporting period.','2013-04-01','2016-03-31'),(1061,408,3,4,NULL,NULL,NULL,NULL,'5 - Results are not available for this reporting period.','2013-04-01','2016-03-31'),(1062,409,3,4,NULL,NULL,NULL,NULL,'5 - Results are not available for this reporting period.','2013-04-01','2016-03-31'),(1063,413,3,4,NULL,NULL,NULL,NULL,'5 - Results are not available for this reporting period.','2013-04-01','2016-03-31'),(1064,418,3,4,NULL,NULL,NULL,NULL,'19 - Data are shown only for hospitals that participate in the Inpatient Quality Reporting (IQR) and','2013-04-01','2016-03-31'),(1065,419,3,4,NULL,NULL,NULL,NULL,'5 - Results are not available for this reporting period.','2013-04-01','2016-03-31'),(1066,420,3,4,NULL,NULL,NULL,NULL,'5 - Results are not available for this reporting period.','2013-04-01','2016-03-31'),(1067,421,3,4,NULL,NULL,NULL,NULL,'5 - Results are not available for this reporting period.','2013-04-01','2016-03-31'),(1068,423,3,4,NULL,NULL,NULL,NULL,'5 - Results are not available for this reporting period.','2013-04-01','2016-03-31'),(1069,424,3,4,NULL,NULL,NULL,NULL,'5 - Results are not available for this reporting period.','2013-04-01','2016-03-31'),(1070,425,3,4,NULL,NULL,NULL,NULL,'5 - Results are not available for this reporting period.','2013-04-01','2016-03-31'),(1071,426,3,4,NULL,NULL,NULL,NULL,'5 - Results are not available for this reporting period.','2013-04-01','2016-03-31'),(1072,428,3,4,NULL,NULL,NULL,NULL,'5 - Results are not available for this reporting period.','2013-04-01','2016-03-31'),(1073,429,3,4,NULL,NULL,NULL,NULL,'5 - Results are not available for this reporting period.','2013-04-01','2016-03-31'),(1074,430,3,4,NULL,NULL,NULL,NULL,'5 - Results are not available for this reporting period.','2013-04-01','2016-03-31'),(1075,436,3,4,NULL,NULL,NULL,NULL,'5 - Results are not available for this reporting period.','2013-04-01','2016-03-31'),(1076,437,3,4,NULL,NULL,NULL,NULL,'5 - Results are not available for this reporting period.','2013-04-01','2016-03-31'),(1077,439,3,4,NULL,NULL,NULL,NULL,'5 - Results are not available for this reporting period.','2013-04-01','2016-03-31'),(1078,446,3,4,NULL,NULL,NULL,NULL,'5 - Results are not available for this reporting period.','2013-04-01','2016-03-31'),(1079,447,3,4,NULL,NULL,NULL,NULL,'19 - Data are shown only for hospitals that participate in the Inpatient Quality Reporting (IQR) and','2013-04-01','2016-03-31'),(1080,449,3,4,NULL,NULL,NULL,NULL,'5 - Results are not available for this reporting period.','2013-04-01','2016-03-31'),(1081,456,3,4,NULL,NULL,NULL,NULL,'19 - Data are shown only for hospitals that participate in the Inpatient Quality Reporting (IQR) and','2013-04-01','2016-03-31'),(1082,460,3,4,NULL,NULL,NULL,NULL,'5 - Results are not available for this reporting period.','2013-04-01','2016-03-31'),(1083,461,3,4,NULL,NULL,NULL,NULL,'19 - Data are shown only for hospitals that participate in the Inpatient Quality Reporting (IQR) and','2013-04-01','2016-03-31'),(1084,468,3,4,NULL,NULL,NULL,NULL,'5 - Results are not available for this reporting period.','2013-04-01','2016-03-31'),(1085,469,3,4,NULL,NULL,NULL,NULL,'5 - Results are not available for this reporting period.','2013-04-01','2016-03-31'),(1086,470,3,4,NULL,NULL,NULL,NULL,'5 - Results are not available for this reporting period.','2013-04-01','2016-03-31'),(1087,471,3,4,NULL,NULL,NULL,NULL,'5 - Results are not available for this reporting period.','2013-04-01','2016-03-31'),(1088,472,3,4,NULL,NULL,NULL,NULL,'19 - Data are shown only for hospitals that participate in the Inpatient Quality Reporting (IQR) and','2013-04-01','2016-03-31'),(1089,473,3,4,NULL,NULL,NULL,NULL,'5 - Results are not available for this reporting period.','2013-04-01','2016-03-31'),(1090,474,3,4,NULL,NULL,NULL,NULL,'5 - Results are not available for this reporting period.','2013-04-01','2016-03-31'),(1091,11,4,4,NULL,NULL,NULL,NULL,'5 - Results are not available for this reporting period.','2013-07-01','2016-06-30'),(1092,101,4,4,NULL,NULL,NULL,NULL,'5 - Results are not available for this reporting period.','2013-07-01','2016-06-30'),(1093,102,4,4,NULL,NULL,NULL,NULL,'5 - Results are not available for this reporting period.','2013-07-01','2016-06-30'),(1094,109,4,4,NULL,NULL,NULL,NULL,'5 - Results are not available for this reporting period.','2013-07-01','2016-06-30'),(1095,110,4,4,NULL,NULL,NULL,NULL,'5 - Results are not available for this reporting period.','2013-07-01','2016-06-30'),(1096,125,4,4,NULL,NULL,NULL,NULL,'19 - Data are shown only for hospitals that participate in the Inpatient Quality Reporting (IQR) and','2013-07-01','2016-06-30'),(1097,185,4,4,NULL,NULL,NULL,NULL,'5 - Results are not available for this reporting period.','2013-07-01','2016-06-30'),(1098,187,4,4,NULL,NULL,NULL,NULL,'5 - Results are not available for this reporting period.','2013-07-01','2016-06-30'),(1099,188,4,4,NULL,NULL,NULL,NULL,'5 - Results are not available for this reporting period.','2013-07-01','2016-06-30'),(1100,190,4,4,NULL,NULL,NULL,NULL,'5 - Results are not available for this reporting period.','2013-07-01','2016-06-30'),(1101,199,4,4,NULL,NULL,NULL,NULL,'5 - Results are not available for this reporting period.','2013-07-01','2016-06-30'),(1102,227,4,4,NULL,NULL,NULL,NULL,'5 - Results are not available for this reporting period.','2013-07-01','2016-06-30'),(1103,229,4,4,NULL,NULL,NULL,NULL,'19 - Data are shown only for hospitals that participate in the Inpatient Quality Reporting (IQR) and','2013-07-01','2016-06-30'),(1104,230,4,4,NULL,NULL,NULL,NULL,'19 - Data are shown only for hospitals that participate in the Inpatient Quality Reporting (IQR) and','2013-07-01','2016-06-30'),(1105,233,4,4,NULL,NULL,NULL,NULL,'5 - Results are not available for this reporting period.','2013-07-01','2016-06-30'),(1106,250,4,4,NULL,NULL,NULL,NULL,'19 - Data are shown only for hospitals that participate in the Inpatient Quality Reporting (IQR) and','2013-07-01','2016-06-30'),(1107,254,4,4,NULL,NULL,NULL,NULL,'19 - Data are shown only for hospitals that participate in the Inpatient Quality Reporting (IQR) and','2013-07-01','2016-06-30'),(1108,285,4,4,NULL,NULL,NULL,NULL,'5 - Results are not available for this reporting period.','2013-07-01','2016-06-30'),(1109,298,4,4,NULL,NULL,NULL,NULL,'5 - Results are not available for this reporting period.','2013-07-01','2016-06-30'),(1110,308,4,4,NULL,NULL,NULL,NULL,'19 - Data are shown only for hospitals that participate in the Inpatient Quality Reporting (IQR) and','2013-07-01','2016-06-30'),(1111,309,4,4,NULL,NULL,NULL,NULL,'19 - Data are shown only for hospitals that participate in the Inpatient Quality Reporting (IQR) and','2013-07-01','2016-06-30'),(1112,321,4,4,NULL,NULL,NULL,NULL,'19 - Data are shown only for hospitals that participate in the Inpatient Quality Reporting (IQR) and','2013-07-01','2016-06-30'),(1113,327,4,4,NULL,NULL,NULL,NULL,'19 - Data are shown only for hospitals that participate in the Inpatient Quality Reporting (IQR) and','2013-07-01','2016-06-30'),(1114,332,4,4,NULL,NULL,NULL,NULL,'19 - Data are shown only for hospitals that participate in the Inpatient Quality Reporting (IQR) and','2013-07-01','2016-06-30'),(1115,352,4,4,NULL,NULL,NULL,NULL,'19 - Data are shown only for hospitals that participate in the Inpatient Quality Reporting (IQR) and','2013-07-01','2016-06-30'),(1116,357,4,4,NULL,NULL,NULL,NULL,'5 - Results are not available for this reporting period.','2013-07-01','2016-06-30'),(1117,389,4,4,NULL,NULL,NULL,NULL,'5 - Results are not available for this reporting period.','2013-07-01','2016-06-30'),(1118,397,4,4,NULL,NULL,NULL,NULL,'5 - Results are not available for this reporting period.','2013-07-01','2016-06-30'),(1119,418,4,4,NULL,NULL,NULL,NULL,'19 - Data are shown only for hospitals that participate in the Inpatient Quality Reporting (IQR) and','2013-07-01','2016-06-30'),(1120,439,4,4,NULL,NULL,NULL,NULL,'5 - Results are not available for this reporting period.','2013-07-01','2016-06-30'),(1121,447,4,4,NULL,NULL,NULL,NULL,'19 - Data are shown only for hospitals that participate in the Inpatient Quality Reporting (IQR) and','2013-07-01','2016-06-30'),(1122,449,4,4,NULL,NULL,NULL,NULL,'5 - Results are not available for this reporting period.','2013-07-01','2016-06-30'),(1123,456,4,4,NULL,NULL,NULL,NULL,'19 - Data are shown only for hospitals that participate in the Inpatient Quality Reporting (IQR) and','2013-07-01','2016-06-30'),(1124,461,4,4,NULL,NULL,NULL,NULL,'19 - Data are shown only for hospitals that participate in the Inpatient Quality Reporting (IQR) and','2013-07-01','2016-06-30'),(1125,472,4,4,NULL,NULL,NULL,NULL,'19 - Data are shown only for hospitals that participate in the Inpatient Quality Reporting (IQR) and','2013-07-01','2016-06-30'),(1126,1,1,5,NULL,NULL,NULL,NULL,'1 - The number of cases/patients is too few to report.','2013-07-01','2016-06-30'),(1127,2,1,5,NULL,NULL,NULL,NULL,'1 - The number of cases/patients is too few to report.','2013-07-01','2016-06-30'),(1128,4,1,5,NULL,NULL,NULL,NULL,'1 - The number of cases/patients is too few to report.','2013-07-01','2016-06-30'),(1129,6,1,5,NULL,NULL,NULL,NULL,'1 - The number of cases/patients is too few to report.','2013-07-01','2016-06-30'),(1130,9,1,5,NULL,NULL,NULL,NULL,'1 - The number of cases/patients is too few to report.','2013-07-01','2016-06-30'),(1131,11,1,5,NULL,NULL,NULL,NULL,'1 - The number of cases/patients is too few to report.','2013-07-01','2016-06-30'),(1132,14,1,5,NULL,NULL,NULL,NULL,'1 - The number of cases/patients is too few to report.','2013-07-01','2016-06-30'),(1133,15,1,5,NULL,NULL,NULL,NULL,'1 - The number of cases/patients is too few to report.','2013-07-01','2016-06-30'),(1134,19,1,5,NULL,NULL,NULL,NULL,'1 - The number of cases/patients is too few to report.','2013-07-01','2016-06-30'),(1135,20,1,5,NULL,NULL,NULL,NULL,'1 - The number of cases/patients is too few to report.','2013-07-01','2016-06-30'),(1136,22,1,5,NULL,NULL,NULL,NULL,'1 - The number of cases/patients is too few to report.','2013-07-01','2016-06-30'),(1137,23,1,5,NULL,NULL,NULL,NULL,'1 - The number of cases/patients is too few to report.','2013-07-01','2016-06-30'),(1138,25,1,5,NULL,NULL,NULL,NULL,'1 - The number of cases/patients is too few to report.','2013-07-01','2016-06-30'),(1139,27,1,5,NULL,NULL,NULL,NULL,'1 - The number of cases/patients is too few to report.','2013-07-01','2016-06-30'),(1140,29,1,5,NULL,NULL,NULL,NULL,'1 - The number of cases/patients is too few to report.','2013-07-01','2016-06-30'),(1141,32,1,5,NULL,NULL,NULL,NULL,'1 - The number of cases/patients is too few to report.','2013-07-01','2016-06-30'),(1142,33,1,5,NULL,NULL,NULL,NULL,'1 - The number of cases/patients is too few to report.','2013-07-01','2016-06-30'),(1143,34,1,5,NULL,NULL,NULL,NULL,'1 - The number of cases/patients is too few to report.','2013-07-01','2016-06-30'),(1144,35,1,5,NULL,NULL,NULL,NULL,'1 - The number of cases/patients is too few to report.','2013-07-01','2016-06-30'),(1145,36,1,5,NULL,NULL,NULL,NULL,'1 - The number of cases/patients is too few to report.','2013-07-01','2016-06-30'),(1146,38,1,5,NULL,NULL,NULL,NULL,'1 - The number of cases/patients is too few to report.','2013-07-01','2016-06-30'),(1147,42,1,5,NULL,NULL,NULL,NULL,'1 - The number of cases/patients is too few to report.','2013-07-01','2016-06-30'),(1148,45,1,5,NULL,NULL,NULL,NULL,'1 - The number of cases/patients is too few to report.','2013-07-01','2016-06-30'),(1149,71,1,5,NULL,NULL,NULL,NULL,'1 - The number of cases/patients is too few to report.','2013-07-01','2016-06-30'),(1150,81,1,5,NULL,NULL,NULL,NULL,'1 - The number of cases/patients is too few to report.','2013-07-01','2016-06-30'),(1151,86,1,5,NULL,NULL,NULL,NULL,'1 - The number of cases/patients is too few to report.','2013-07-01','2016-06-30'),(1152,91,1,5,NULL,NULL,NULL,NULL,'1 - The number of cases/patients is too few to report.','2013-07-01','2016-06-30'),(1153,120,1,5,NULL,NULL,NULL,NULL,'1 - The number of cases/patients is too few to report.','2013-07-01','2016-06-30'),(1154,121,1,5,NULL,NULL,NULL,NULL,'1 - The number of cases/patients is too few to report.','2013-07-01','2016-06-30'),(1155,123,1,5,NULL,NULL,NULL,NULL,'1 - The number of cases/patients is too few to report.','2013-07-01','2016-06-30'),(1156,127,1,5,NULL,NULL,NULL,NULL,'1 - The number of cases/patients is too few to report.','2013-07-01','2016-06-30'),(1157,128,1,5,NULL,NULL,NULL,NULL,'1 - The number of cases/patients is too few to report.','2013-07-01','2016-06-30'),(1158,129,1,5,NULL,NULL,NULL,NULL,'1 - The number of cases/patients is too few to report.','2013-07-01','2016-06-30'),(1159,140,1,5,NULL,NULL,NULL,NULL,'1 - The number of cases/patients is too few to report.','2013-07-01','2016-06-30'),(1160,141,1,5,NULL,NULL,NULL,NULL,'1 - The number of cases/patients is too few to report.','2013-07-01','2016-06-30'),(1161,142,1,5,NULL,NULL,NULL,NULL,'1 - The number of cases/patients is too few to report.','2013-07-01','2016-06-30'),(1162,145,1,5,NULL,NULL,NULL,NULL,'1 - The number of cases/patients is too few to report.','2013-07-01','2016-06-30'),(1163,148,1,5,NULL,NULL,NULL,NULL,'1 - The number of cases/patients is too few to report.','2013-07-01','2016-06-30'),(1164,150,1,5,NULL,NULL,NULL,NULL,'1 - The number of cases/patients is too few to report.','2013-07-01','2016-06-30'),(1165,154,1,5,NULL,NULL,NULL,NULL,'1 - The number of cases/patients is too few to report.','2013-07-01','2016-06-30'),(1166,156,1,5,NULL,NULL,NULL,NULL,'1 - The number of cases/patients is too few to report.','2013-07-01','2016-06-30'),(1167,164,1,5,NULL,NULL,NULL,NULL,'1 - The number of cases/patients is too few to report.','2013-07-01','2016-06-30'),(1168,165,1,5,NULL,NULL,NULL,NULL,'1 - The number of cases/patients is too few to report.','2013-07-01','2016-06-30'),(1169,168,1,5,NULL,NULL,NULL,NULL,'1 - The number of cases/patients is too few to report.','2013-07-01','2016-06-30'),(1170,170,1,5,NULL,NULL,NULL,NULL,'1 - The number of cases/patients is too few to report.','2013-07-01','2016-06-30'),(1171,186,1,5,NULL,NULL,NULL,NULL,'1 - The number of cases/patients is too few to report.','2013-07-01','2016-06-30'),(1172,196,1,5,NULL,NULL,NULL,NULL,'1 - The number of cases/patients is too few to report.','2013-07-01','2016-06-30'),(1173,202,1,5,NULL,NULL,NULL,NULL,'1 - The number of cases/patients is too few to report.','2013-07-01','2016-06-30'),(1174,212,1,5,NULL,NULL,NULL,NULL,'1 - The number of cases/patients is too few to report.','2013-07-01','2016-06-30'),(1175,213,1,5,NULL,NULL,NULL,NULL,'1 - The number of cases/patients is too few to report.','2013-07-01','2016-06-30'),(1176,218,1,5,NULL,NULL,NULL,NULL,'1 - The number of cases/patients is too few to report.','2013-07-01','2016-06-30'),(1177,220,1,5,NULL,NULL,NULL,NULL,'1 - The number of cases/patients is too few to report.','2013-07-01','2016-06-30'),(1178,242,1,5,NULL,NULL,NULL,NULL,'1 - The number of cases/patients is too few to report.','2013-07-01','2016-06-30'),(1179,243,1,5,NULL,NULL,NULL,NULL,'1 - The number of cases/patients is too few to report.','2013-07-01','2016-06-30'),(1180,244,1,5,NULL,NULL,NULL,NULL,'1 - The number of cases/patients is too few to report.','2013-07-01','2016-06-30'),(1181,245,1,5,NULL,NULL,NULL,NULL,'1 - The number of cases/patients is too few to report.','2013-07-01','2016-06-30'),(1182,247,1,5,NULL,NULL,NULL,NULL,'1 - The number of cases/patients is too few to report.','2013-07-01','2016-06-30'),(1183,252,1,5,NULL,NULL,NULL,NULL,'1 - The number of cases/patients is too few to report.','2013-07-01','2016-06-30'),(1184,257,1,5,NULL,NULL,NULL,NULL,'1 - The number of cases/patients is too few to report.','2013-07-01','2016-06-30'),(1185,259,1,5,NULL,NULL,NULL,NULL,'1 - The number of cases/patients is too few to report.','2013-07-01','2016-06-30'),(1186,260,1,5,NULL,NULL,NULL,NULL,'1 - The number of cases/patients is too few to report.','2013-07-01','2016-06-30'),(1187,261,1,5,NULL,NULL,NULL,NULL,'1 - The number of cases/patients is too few to report.','2013-07-01','2016-06-30'),(1188,264,1,5,NULL,NULL,NULL,NULL,'1 - The number of cases/patients is too few to report.','2013-07-01','2016-06-30'),(1189,266,1,5,NULL,NULL,NULL,NULL,'1 - The number of cases/patients is too few to report.','2013-07-01','2016-06-30'),(1190,267,1,5,NULL,NULL,NULL,NULL,'1 - The number of cases/patients is too few to report.','2013-07-01','2016-06-30'),(1191,270,1,5,NULL,NULL,NULL,NULL,'1 - The number of cases/patients is too few to report.','2013-07-01','2016-06-30'),(1192,272,1,5,NULL,NULL,NULL,NULL,'1 - The number of cases/patients is too few to report.','2013-07-01','2016-06-30'),(1193,273,1,5,NULL,NULL,NULL,NULL,'1 - The number of cases/patients is too few to report.','2013-07-01','2016-06-30'),(1194,274,1,5,NULL,NULL,NULL,NULL,'1 - The number of cases/patients is too few to report.','2013-07-01','2016-06-30'),(1195,277,1,5,NULL,NULL,NULL,NULL,'1 - The number of cases/patients is too few to report.','2013-07-01','2016-06-30'),(1196,279,1,5,NULL,NULL,NULL,NULL,'1 - The number of cases/patients is too few to report.','2013-07-01','2016-06-30'),(1197,280,1,5,NULL,NULL,NULL,NULL,'1 - The number of cases/patients is too few to report.','2013-07-01','2016-06-30'),(1198,282,1,5,NULL,NULL,NULL,NULL,'1 - The number of cases/patients is too few to report.','2013-07-01','2016-06-30'),(1199,284,1,5,NULL,NULL,NULL,NULL,'1 - The number of cases/patients is too few to report.','2013-07-01','2016-06-30'),(1200,286,1,5,NULL,NULL,NULL,NULL,'1 - The number of cases/patients is too few to report.','2013-07-01','2016-06-30'),(1201,288,1,5,NULL,NULL,NULL,NULL,'1 - The number of cases/patients is too few to report.','2013-07-01','2016-06-30'),(1202,289,1,5,NULL,NULL,NULL,NULL,'1 - The number of cases/patients is too few to report.','2013-07-01','2016-06-30'),(1203,291,1,5,NULL,NULL,NULL,NULL,'1 - The number of cases/patients is too few to report.','2013-07-01','2016-06-30'),(1204,292,1,5,NULL,NULL,NULL,NULL,'1 - The number of cases/patients is too few to report.','2013-07-01','2016-06-30'),(1205,294,1,5,NULL,NULL,NULL,NULL,'1 - The number of cases/patients is too few to report.','2013-07-01','2016-06-30'),(1206,296,1,5,NULL,NULL,NULL,NULL,'1 - The number of cases/patients is too few to report.','2013-07-01','2016-06-30'),(1207,300,1,5,NULL,NULL,NULL,NULL,'1 - The number of cases/patients is too few to report.','2013-07-01','2016-06-30'),(1208,310,1,5,NULL,NULL,NULL,NULL,'1 - The number of cases/patients is too few to report.','2013-07-01','2016-06-30'),(1209,313,1,5,NULL,NULL,NULL,NULL,'1 - The number of cases/patients is too few to report.','2013-07-01','2016-06-30'),(1210,314,1,5,NULL,NULL,NULL,NULL,'1 - The number of cases/patients is too few to report.','2013-07-01','2016-06-30'),(1211,316,1,5,NULL,NULL,NULL,NULL,'1 - The number of cases/patients is too few to report.','2013-07-01','2016-06-30'),(1212,317,1,5,NULL,NULL,NULL,NULL,'1 - The number of cases/patients is too few to report.','2013-07-01','2016-06-30'),(1213,318,1,5,NULL,NULL,NULL,NULL,'1 - The number of cases/patients is too few to report.','2013-07-01','2016-06-30'),(1214,325,1,5,NULL,NULL,NULL,NULL,'1 - The number of cases/patients is too few to report.','2013-07-01','2016-06-30'),(1215,330,1,5,NULL,NULL,NULL,NULL,'1 - The number of cases/patients is too few to report.','2013-07-01','2016-06-30'),(1216,331,1,5,NULL,NULL,NULL,NULL,'1 - The number of cases/patients is too few to report.','2013-07-01','2016-06-30'),(1217,340,1,5,NULL,NULL,NULL,NULL,'1 - The number of cases/patients is too few to report.','2013-07-01','2016-06-30'),(1218,342,1,5,NULL,NULL,NULL,NULL,'1 - The number of cases/patients is too few to report.','2013-07-01','2016-06-30'),(1219,343,1,5,NULL,NULL,NULL,NULL,'1 - The number of cases/patients is too few to report.','2013-07-01','2016-06-30'),(1220,345,1,5,NULL,NULL,NULL,NULL,'1 - The number of cases/patients is too few to report.','2013-07-01','2016-06-30'),(1221,346,1,5,NULL,NULL,NULL,NULL,'1 - The number of cases/patients is too few to report.','2013-07-01','2016-06-30'),(1222,347,1,5,NULL,NULL,NULL,NULL,'1 - The number of cases/patients is too few to report.','2013-07-01','2016-06-30'),(1223,348,1,5,NULL,NULL,NULL,NULL,'1 - The number of cases/patients is too few to report.','2013-07-01','2016-06-30'),(1224,349,1,5,NULL,NULL,NULL,NULL,'1 - The number of cases/patients is too few to report.','2013-07-01','2016-06-30'),(1225,350,1,5,NULL,NULL,NULL,NULL,'1 - The number of cases/patients is too few to report.','2013-07-01','2016-06-30'),(1226,353,1,5,NULL,NULL,NULL,NULL,'1 - The number of cases/patients is too few to report.','2013-07-01','2016-06-30'),(1227,354,1,5,NULL,NULL,NULL,NULL,'1 - The number of cases/patients is too few to report.','2013-07-01','2016-06-30'),(1228,355,1,5,NULL,NULL,NULL,NULL,'1 - The number of cases/patients is too few to report.','2013-07-01','2016-06-30'),(1229,356,1,5,NULL,NULL,NULL,NULL,'1 - The number of cases/patients is too few to report.','2013-07-01','2016-06-30'),(1230,359,1,5,NULL,NULL,NULL,NULL,'1 - The number of cases/patients is too few to report.','2013-07-01','2016-06-30'),(1231,360,1,5,NULL,NULL,NULL,NULL,'1 - The number of cases/patients is too few to report.','2013-07-01','2016-06-30'),(1232,362,1,5,NULL,NULL,NULL,NULL,'1 - The number of cases/patients is too few to report.','2013-07-01','2016-06-30'),(1233,363,1,5,NULL,NULL,NULL,NULL,'1 - The number of cases/patients is too few to report.','2013-07-01','2016-06-30'),(1234,364,1,5,NULL,NULL,NULL,NULL,'1 - The number of cases/patients is too few to report.','2013-07-01','2016-06-30'),(1235,367,1,5,NULL,NULL,NULL,NULL,'1 - The number of cases/patients is too few to report.','2013-07-01','2016-06-30'),(1236,368,1,5,NULL,NULL,NULL,NULL,'1 - The number of cases/patients is too few to report.','2013-07-01','2016-06-30'),(1237,370,1,5,NULL,NULL,NULL,NULL,'1 - The number of cases/patients is too few to report.','2013-07-01','2016-06-30'),(1238,371,1,5,NULL,NULL,NULL,NULL,'1 - The number of cases/patients is too few to report.','2013-07-01','2016-06-30'),(1239,373,1,5,NULL,NULL,NULL,NULL,'1 - The number of cases/patients is too few to report.','2013-07-01','2016-06-30'),(1240,374,1,5,NULL,NULL,NULL,NULL,'1 - The number of cases/patients is too few to report.','2013-07-01','2016-06-30'),(1241,375,1,5,NULL,NULL,NULL,NULL,'1 - The number of cases/patients is too few to report.','2013-07-01','2016-06-30'),(1242,376,1,5,NULL,NULL,NULL,NULL,'1 - The number of cases/patients is too few to report.','2013-07-01','2016-06-30'),(1243,378,1,5,NULL,NULL,NULL,NULL,'1 - The number of cases/patients is too few to report.','2013-07-01','2016-06-30'),(1244,379,1,5,NULL,NULL,NULL,NULL,'1 - The number of cases/patients is too few to report.','2013-07-01','2016-06-30'),(1245,381,1,5,NULL,NULL,NULL,NULL,'1 - The number of cases/patients is too few to report.','2013-07-01','2016-06-30'),(1246,382,1,5,NULL,NULL,NULL,NULL,'1 - The number of cases/patients is too few to report.','2013-07-01','2016-06-30'),(1247,383,1,5,NULL,NULL,NULL,NULL,'1 - The number of cases/patients is too few to report.','2013-07-01','2016-06-30'),(1248,384,1,5,NULL,NULL,NULL,NULL,'1 - The number of cases/patients is too few to report.','2013-07-01','2016-06-30'),(1249,386,1,5,NULL,NULL,NULL,NULL,'1 - The number of cases/patients is too few to report.','2013-07-01','2016-06-30'),(1250,387,1,5,NULL,NULL,NULL,NULL,'1 - The number of cases/patients is too few to report.','2013-07-01','2016-06-30'),(1251,388,1,5,NULL,NULL,NULL,NULL,'1 - The number of cases/patients is too few to report.','2013-07-01','2016-06-30'),(1252,391,1,5,NULL,NULL,NULL,NULL,'1 - The number of cases/patients is too few to report.','2013-07-01','2016-06-30'),(1253,392,1,5,NULL,NULL,NULL,NULL,'1 - The number of cases/patients is too few to report.','2013-07-01','2016-06-30'),(1254,393,1,5,NULL,NULL,NULL,NULL,'1 - The number of cases/patients is too few to report.','2013-07-01','2016-06-30'),(1255,395,1,5,NULL,NULL,NULL,NULL,'1 - The number of cases/patients is too few to report.','2013-07-01','2016-06-30'),(1256,398,1,5,NULL,NULL,NULL,NULL,'1 - The number of cases/patients is too few to report.','2013-07-01','2016-06-30'),(1257,399,1,5,NULL,NULL,NULL,NULL,'1 - The number of cases/patients is too few to report.','2013-07-01','2016-06-30'),(1258,401,1,5,NULL,NULL,NULL,NULL,'1 - The number of cases/patients is too few to report.','2013-07-01','2016-06-30'),(1259,402,1,5,NULL,NULL,NULL,NULL,'1 - The number of cases/patients is too few to report.','2013-07-01','2016-06-30'),(1260,405,1,5,NULL,NULL,NULL,NULL,'1 - The number of cases/patients is too few to report.','2013-07-01','2016-06-30'),(1261,406,1,5,NULL,NULL,NULL,NULL,'1 - The number of cases/patients is too few to report.','2013-07-01','2016-06-30'),(1262,407,1,5,NULL,NULL,NULL,NULL,'1 - The number of cases/patients is too few to report.','2013-07-01','2016-06-30'),(1263,411,1,5,NULL,NULL,NULL,NULL,'1 - The number of cases/patients is too few to report.','2013-07-01','2016-06-30'),(1264,413,1,5,NULL,NULL,NULL,NULL,'1 - The number of cases/patients is too few to report.','2013-07-01','2016-06-30'),(1265,414,1,5,NULL,NULL,NULL,NULL,'1 - The number of cases/patients is too few to report.','2013-07-01','2016-06-30'),(1266,415,1,5,NULL,NULL,NULL,NULL,'1 - The number of cases/patients is too few to report.','2013-07-01','2016-06-30'),(1267,416,1,5,NULL,NULL,NULL,NULL,'1 - The number of cases/patients is too few to report.','2013-07-01','2016-06-30'),(1268,422,1,5,NULL,NULL,NULL,NULL,'1 - The number of cases/patients is too few to report.','2013-07-01','2016-06-30'),(1269,423,1,5,NULL,NULL,NULL,NULL,'1 - The number of cases/patients is too few to report.','2013-07-01','2016-06-30'),(1270,424,1,5,NULL,NULL,NULL,NULL,'1 - The number of cases/patients is too few to report.','2013-07-01','2016-06-30'),(1271,425,1,5,NULL,NULL,NULL,NULL,'1 - The number of cases/patients is too few to report.','2013-07-01','2016-06-30'),(1272,428,1,5,NULL,NULL,NULL,NULL,'1 - The number of cases/patients is too few to report.','2013-07-01','2016-06-30'),(1273,429,1,5,NULL,NULL,NULL,NULL,'1 - The number of cases/patients is too few to report.','2013-07-01','2016-06-30'),(1274,430,1,5,NULL,NULL,NULL,NULL,'1 - The number of cases/patients is too few to report.','2013-07-01','2016-06-30'),(1275,435,1,5,NULL,NULL,NULL,NULL,'1 - The number of cases/patients is too few to report.','2013-07-01','2016-06-30'),(1276,445,1,5,NULL,NULL,NULL,NULL,'1 - The number of cases/patients is too few to report.','2013-07-01','2016-06-30'),(1277,448,1,5,NULL,NULL,NULL,NULL,'1 - The number of cases/patients is too few to report.','2013-07-01','2016-06-30'),(1278,460,1,5,NULL,NULL,NULL,NULL,'1 - The number of cases/patients is too few to report.','2013-07-01','2016-06-30'),(1279,462,1,5,NULL,NULL,NULL,NULL,'1 - The number of cases/patients is too few to report.','2013-07-01','2016-06-30'),(1280,466,1,5,NULL,NULL,NULL,NULL,'1 - The number of cases/patients is too few to report.','2013-07-01','2016-06-30'),(1281,467,1,5,NULL,NULL,NULL,NULL,'1 - The number of cases/patients is too few to report.','2013-07-01','2016-06-30'),(1282,468,1,5,NULL,NULL,NULL,NULL,'1 - The number of cases/patients is too few to report.','2013-07-01','2016-06-30'),(1283,471,1,5,NULL,NULL,NULL,NULL,'1 - The number of cases/patients is too few to report.','2013-07-01','2016-06-30'),(1284,474,1,5,NULL,NULL,NULL,NULL,'1 - The number of cases/patients is too few to report.','2013-07-01','2016-06-30'),(1285,3,2,5,NULL,NULL,NULL,NULL,'1 - The number of cases/patients is too few to report.','2013-07-01','2016-06-30'),(1286,4,2,5,NULL,NULL,NULL,NULL,'1 - The number of cases/patients is too few to report.','2013-07-01','2016-06-30'),(1287,6,2,5,NULL,NULL,NULL,NULL,'1 - The number of cases/patients is too few to report.','2013-07-01','2016-06-30'),(1288,9,2,5,NULL,NULL,NULL,NULL,'1 - The number of cases/patients is too few to report.','2013-07-01','2016-06-30'),(1289,11,2,5,NULL,NULL,NULL,NULL,'1 - The number of cases/patients is too few to report.','2013-07-01','2016-06-30'),(1290,14,2,5,NULL,NULL,NULL,NULL,'1 - The number of cases/patients is too few to report.','2013-07-01','2016-06-30'),(1291,15,2,5,NULL,NULL,NULL,NULL,'1 - The number of cases/patients is too few to report.','2013-07-01','2016-06-30'),(1292,19,2,5,NULL,NULL,NULL,NULL,'1 - The number of cases/patients is too few to report.','2013-07-01','2016-06-30'),(1293,20,2,5,NULL,NULL,NULL,NULL,'1 - The number of cases/patients is too few to report.','2013-07-01','2016-06-30'),(1294,22,2,5,NULL,NULL,NULL,NULL,'1 - The number of cases/patients is too few to report.','2013-07-01','2016-06-30'),(1295,23,2,5,NULL,NULL,NULL,NULL,'1 - The number of cases/patients is too few to report.','2013-07-01','2016-06-30'),(1296,25,2,5,NULL,NULL,NULL,NULL,'1 - The number of cases/patients is too few to report.','2013-07-01','2016-06-30'),(1297,29,2,5,NULL,NULL,NULL,NULL,'1 - The number of cases/patients is too few to report.','2013-07-01','2016-06-30'),(1298,30,2,5,NULL,NULL,NULL,NULL,'1 - The number of cases/patients is too few to report.','2013-07-01','2016-06-30'),(1299,33,2,5,NULL,NULL,NULL,NULL,'1 - The number of cases/patients is too few to report.','2013-07-01','2016-06-30'),(1300,34,2,5,NULL,NULL,NULL,NULL,'1 - The number of cases/patients is too few to report.','2013-07-01','2016-06-30'),(1301,35,2,5,NULL,NULL,NULL,NULL,'1 - The number of cases/patients is too few to report.','2013-07-01','2016-06-30'),(1302,38,2,5,NULL,NULL,NULL,NULL,'1 - The number of cases/patients is too few to report.','2013-07-01','2016-06-30'),(1303,45,2,5,NULL,NULL,NULL,NULL,'1 - The number of cases/patients is too few to report.','2013-07-01','2016-06-30'),(1304,71,2,5,NULL,NULL,NULL,NULL,'1 - The number of cases/patients is too few to report.','2013-07-01','2016-06-30'),(1305,81,2,5,NULL,NULL,NULL,NULL,'1 - The number of cases/patients is too few to report.','2013-07-01','2016-06-30'),(1306,118,2,5,NULL,NULL,NULL,NULL,'1 - The number of cases/patients is too few to report.','2013-07-01','2016-06-30'),(1307,121,2,5,NULL,NULL,NULL,NULL,'1 - The number of cases/patients is too few to report.','2013-07-01','2016-06-30'),(1308,123,2,5,NULL,NULL,NULL,NULL,'1 - The number of cases/patients is too few to report.','2013-07-01','2016-06-30'),(1309,141,2,5,NULL,NULL,NULL,NULL,'1 - The number of cases/patients is too few to report.','2013-07-01','2016-06-30'),(1310,142,2,5,NULL,NULL,NULL,NULL,'1 - The number of cases/patients is too few to report.','2013-07-01','2016-06-30'),(1311,159,2,5,NULL,NULL,NULL,NULL,'1 - The number of cases/patients is too few to report.','2013-07-01','2016-06-30'),(1312,161,2,5,NULL,NULL,NULL,NULL,'1 - The number of cases/patients is too few to report.','2013-07-01','2016-06-30'),(1313,167,2,5,NULL,NULL,NULL,NULL,'1 - The number of cases/patients is too few to report.','2013-07-01','2016-06-30'),(1314,172,2,5,NULL,NULL,NULL,NULL,'1 - The number of cases/patients is too few to report.','2013-07-01','2016-06-30'),(1315,179,2,5,NULL,NULL,NULL,NULL,'1 - The number of cases/patients is too few to report.','2013-07-01','2016-06-30'),(1316,193,2,5,NULL,NULL,NULL,NULL,'1 - The number of cases/patients is too few to report.','2013-07-01','2016-06-30'),(1317,195,2,5,NULL,NULL,NULL,NULL,'1 - The number of cases/patients is too few to report.','2013-07-01','2016-06-30'),(1318,204,2,5,NULL,NULL,NULL,NULL,'1 - The number of cases/patients is too few to report.','2013-07-01','2016-06-30'),(1319,216,2,5,NULL,NULL,NULL,NULL,'1 - The number of cases/patients is too few to report.','2013-07-01','2016-06-30'),(1320,248,2,5,NULL,NULL,NULL,NULL,'1 - The number of cases/patients is too few to report.','2013-07-01','2016-06-30'),(1321,258,2,5,NULL,NULL,NULL,NULL,'1 - The number of cases/patients is too few to report.','2013-07-01','2016-06-30'),(1322,260,2,5,NULL,NULL,NULL,NULL,'1 - The number of cases/patients is too few to report.','2013-07-01','2016-06-30'),(1323,261,2,5,NULL,NULL,NULL,NULL,'1 - The number of cases/patients is too few to report.','2013-07-01','2016-06-30'),(1324,262,2,5,NULL,NULL,NULL,NULL,'1 - The number of cases/patients is too few to report.','2013-07-01','2016-06-30'),(1325,263,2,5,NULL,NULL,NULL,NULL,'1 - The number of cases/patients is too few to report.','2013-07-01','2016-06-30'),(1326,264,2,5,NULL,NULL,NULL,NULL,'1 - The number of cases/patients is too few to report.','2013-07-01','2016-06-30'),(1327,265,2,5,NULL,NULL,NULL,NULL,'1 - The number of cases/patients is too few to report.','2013-07-01','2016-06-30'),(1328,270,2,5,NULL,NULL,NULL,NULL,'1 - The number of cases/patients is too few to report.','2013-07-01','2016-06-30'),(1329,273,2,5,NULL,NULL,NULL,NULL,'1 - The number of cases/patients is too few to report.','2013-07-01','2016-06-30'),(1330,281,2,5,NULL,NULL,NULL,NULL,'1 - The number of cases/patients is too few to report.','2013-07-01','2016-06-30'),(1331,283,2,5,NULL,NULL,NULL,NULL,'1 - The number of cases/patients is too few to report.','2013-07-01','2016-06-30'),(1332,286,2,5,NULL,NULL,NULL,NULL,'1 - The number of cases/patients is too few to report.','2013-07-01','2016-06-30'),(1333,287,2,5,NULL,NULL,NULL,NULL,'1 - The number of cases/patients is too few to report.','2013-07-01','2016-06-30'),(1334,289,2,5,NULL,NULL,NULL,NULL,'1 - The number of cases/patients is too few to report.','2013-07-01','2016-06-30'),(1335,290,2,5,NULL,NULL,NULL,NULL,'1 - The number of cases/patients is too few to report.','2013-07-01','2016-06-30'),(1336,291,2,5,NULL,NULL,NULL,NULL,'1 - The number of cases/patients is too few to report.','2013-07-01','2016-06-30'),(1337,292,2,5,NULL,NULL,NULL,NULL,'1 - The number of cases/patients is too few to report.','2013-07-01','2016-06-30'),(1338,293,2,5,NULL,NULL,NULL,NULL,'1 - The number of cases/patients is too few to report.','2013-07-01','2016-06-30'),(1339,296,2,5,NULL,NULL,NULL,NULL,'1 - The number of cases/patients is too few to report.','2013-07-01','2016-06-30'),(1340,297,2,5,NULL,NULL,NULL,NULL,'1 - The number of cases/patients is too few to report.','2013-07-01','2016-06-30'),(1341,300,2,5,NULL,NULL,NULL,NULL,'1 - The number of cases/patients is too few to report.','2013-07-01','2016-06-30'),(1342,310,2,5,NULL,NULL,NULL,NULL,'1 - The number of cases/patients is too few to report.','2013-07-01','2016-06-30'),(1343,313,2,5,NULL,NULL,NULL,NULL,'1 - The number of cases/patients is too few to report.','2013-07-01','2016-06-30'),(1344,326,2,5,NULL,NULL,NULL,NULL,'1 - The number of cases/patients is too few to report.','2013-07-01','2016-06-30'),(1345,346,2,5,NULL,NULL,NULL,NULL,'1 - The number of cases/patients is too few to report.','2013-07-01','2016-06-30'),(1346,348,2,5,NULL,NULL,NULL,NULL,'1 - The number of cases/patients is too few to report.','2013-07-01','2016-06-30'),(1347,349,2,5,NULL,NULL,NULL,NULL,'1 - The number of cases/patients is too few to report.','2013-07-01','2016-06-30'),(1348,350,2,5,NULL,NULL,NULL,NULL,'1 - The number of cases/patients is too few to report.','2013-07-01','2016-06-30'),(1349,351,2,5,NULL,NULL,NULL,NULL,'1 - The number of cases/patients is too few to report.','2013-07-01','2016-06-30'),(1350,353,2,5,NULL,NULL,NULL,NULL,'1 - The number of cases/patients is too few to report.','2013-07-01','2016-06-30'),(1351,354,2,5,NULL,NULL,NULL,NULL,'1 - The number of cases/patients is too few to report.','2013-07-01','2016-06-30'),(1352,356,2,5,NULL,NULL,NULL,NULL,'1 - The number of cases/patients is too few to report.','2013-07-01','2016-06-30'),(1353,360,2,5,NULL,NULL,NULL,NULL,'1 - The number of cases/patients is too few to report.','2013-07-01','2016-06-30'),(1354,361,2,5,NULL,NULL,NULL,NULL,'1 - The number of cases/patients is too few to report.','2013-07-01','2016-06-30'),(1355,363,2,5,NULL,NULL,NULL,NULL,'1 - The number of cases/patients is too few to report.','2013-07-01','2016-06-30'),(1356,365,2,5,NULL,NULL,NULL,NULL,'1 - The number of cases/patients is too few to report.','2013-07-01','2016-06-30'),(1357,366,2,5,NULL,NULL,NULL,NULL,'1 - The number of cases/patients is too few to report.','2013-07-01','2016-06-30'),(1358,369,2,5,NULL,NULL,NULL,NULL,'1 - The number of cases/patients is too few to report.','2013-07-01','2016-06-30'),(1359,370,2,5,NULL,NULL,NULL,NULL,'1 - The number of cases/patients is too few to report.','2013-07-01','2016-06-30'),(1360,371,2,5,NULL,NULL,NULL,NULL,'1 - The number of cases/patients is too few to report.','2013-07-01','2016-06-30'),(1361,372,2,5,NULL,NULL,NULL,NULL,'1 - The number of cases/patients is too few to report.','2013-07-01','2016-06-30'),(1362,373,2,5,NULL,NULL,NULL,NULL,'1 - The number of cases/patients is too few to report.','2013-07-01','2016-06-30'),(1363,374,2,5,NULL,NULL,NULL,NULL,'1 - The number of cases/patients is too few to report.','2013-07-01','2016-06-30'),(1364,375,2,5,NULL,NULL,NULL,NULL,'1 - The number of cases/patients is too few to report.','2013-07-01','2016-06-30'),(1365,376,2,5,NULL,NULL,NULL,NULL,'1 - The number of cases/patients is too few to report.','2013-07-01','2016-06-30'),(1366,378,2,5,NULL,NULL,NULL,NULL,'1 - The number of cases/patients is too few to report.','2013-07-01','2016-06-30'),(1367,379,2,5,NULL,NULL,NULL,NULL,'1 - The number of cases/patients is too few to report.','2013-07-01','2016-06-30'),(1368,380,2,5,NULL,NULL,NULL,NULL,'1 - The number of cases/patients is too few to report.','2013-07-01','2016-06-30'),(1369,381,2,5,NULL,NULL,NULL,NULL,'1 - The number of cases/patients is too few to report.','2013-07-01','2016-06-30'),(1370,384,2,5,NULL,NULL,NULL,NULL,'1 - The number of cases/patients is too few to report.','2013-07-01','2016-06-30'),(1371,385,2,5,NULL,NULL,NULL,NULL,'1 - The number of cases/patients is too few to report.','2013-07-01','2016-06-30'),(1372,386,2,5,NULL,NULL,NULL,NULL,'1 - The number of cases/patients is too few to report.','2013-07-01','2016-06-30'),(1373,387,2,5,NULL,NULL,NULL,NULL,'1 - The number of cases/patients is too few to report.','2013-07-01','2016-06-30'),(1374,403,2,5,NULL,NULL,NULL,NULL,'1 - The number of cases/patients is too few to report.','2013-07-01','2016-06-30'),(1375,405,2,5,NULL,NULL,NULL,NULL,'1 - The number of cases/patients is too few to report.','2013-07-01','2016-06-30'),(1376,406,2,5,NULL,NULL,NULL,NULL,'1 - The number of cases/patients is too few to report.','2013-07-01','2016-06-30'),(1377,407,2,5,NULL,NULL,NULL,NULL,'1 - The number of cases/patients is too few to report.','2013-07-01','2016-06-30'),(1378,409,2,5,NULL,NULL,NULL,NULL,'1 - The number of cases/patients is too few to report.','2013-07-01','2016-06-30'),(1379,414,2,5,NULL,NULL,NULL,NULL,'1 - The number of cases/patients is too few to report.','2013-07-01','2016-06-30'),(1380,415,2,5,NULL,NULL,NULL,NULL,'1 - The number of cases/patients is too few to report.','2013-07-01','2016-06-30'),(1381,416,2,5,NULL,NULL,NULL,NULL,'1 - The number of cases/patients is too few to report.','2013-07-01','2016-06-30'),(1382,419,2,5,NULL,NULL,NULL,NULL,'1 - The number of cases/patients is too few to report.','2013-07-01','2016-06-30'),(1383,420,2,5,NULL,NULL,NULL,NULL,'1 - The number of cases/patients is too few to report.','2013-07-01','2016-06-30'),(1384,421,2,5,NULL,NULL,NULL,NULL,'1 - The number of cases/patients is too few to report.','2013-07-01','2016-06-30'),(1385,423,2,5,NULL,NULL,NULL,NULL,'1 - The number of cases/patients is too few to report.','2013-07-01','2016-06-30'),(1386,424,2,5,NULL,NULL,NULL,NULL,'1 - The number of cases/patients is too few to report.','2013-07-01','2016-06-30'),(1387,425,2,5,NULL,NULL,NULL,NULL,'1 - The number of cases/patients is too few to report.','2013-07-01','2016-06-30'),(1388,426,2,5,NULL,NULL,NULL,NULL,'1 - The number of cases/patients is too few to report.','2013-07-01','2016-06-30'),(1389,428,2,5,NULL,NULL,NULL,NULL,'1 - The number of cases/patients is too few to report.','2013-07-01','2016-06-30'),(1390,429,2,5,NULL,NULL,NULL,NULL,'1 - The number of cases/patients is too few to report.','2013-07-01','2016-06-30'),(1391,432,2,5,NULL,NULL,NULL,NULL,'1 - The number of cases/patients is too few to report.','2013-07-01','2016-06-30'),(1392,436,2,5,NULL,NULL,NULL,NULL,'1 - The number of cases/patients is too few to report.','2013-07-01','2016-06-30'),(1393,448,2,5,NULL,NULL,NULL,NULL,'1 - The number of cases/patients is too few to report.','2013-07-01','2016-06-30'),(1394,469,2,5,NULL,NULL,NULL,NULL,'1 - The number of cases/patients is too few to report.','2013-07-01','2016-06-30'),(1395,470,2,5,NULL,NULL,NULL,NULL,'1 - The number of cases/patients is too few to report.','2013-07-01','2016-06-30'),(1396,471,2,5,NULL,NULL,NULL,NULL,'1 - The number of cases/patients is too few to report.','2013-07-01','2016-06-30'),(1397,473,2,5,NULL,NULL,NULL,NULL,'1 - The number of cases/patients is too few to report.','2013-07-01','2016-06-30'),(1398,474,2,5,NULL,NULL,NULL,NULL,'1 - The number of cases/patients is too few to report.','2013-07-01','2016-06-30'),(1399,2,3,5,NULL,NULL,NULL,NULL,'NA','2013-04-01','2016-03-31'),(1400,8,3,5,NULL,NULL,NULL,NULL,'NA','2013-04-01','2016-03-31'),(1401,9,3,5,NULL,NULL,NULL,NULL,'NA','2013-04-01','2016-03-31'),(1402,12,3,5,NULL,NULL,NULL,NULL,'NA','2013-04-01','2016-03-31'),(1403,14,3,5,NULL,NULL,NULL,NULL,'NA','2013-04-01','2016-03-31'),(1404,15,3,5,NULL,NULL,NULL,NULL,'NA','2013-04-01','2016-03-31'),(1405,16,3,5,NULL,NULL,NULL,NULL,'NA','2013-04-01','2016-03-31'),(1406,17,3,5,NULL,NULL,NULL,NULL,'NA','2013-04-01','2016-03-31'),(1407,18,3,5,NULL,NULL,NULL,NULL,'NA','2013-04-01','2016-03-31'),(1408,20,3,5,NULL,NULL,NULL,NULL,'NA','2013-04-01','2016-03-31'),(1409,21,3,5,NULL,NULL,NULL,NULL,'NA','2013-04-01','2016-03-31'),(1410,22,3,5,NULL,NULL,NULL,NULL,'NA','2013-04-01','2016-03-31'),(1411,26,3,5,NULL,NULL,NULL,NULL,'NA','2013-04-01','2016-03-31'),(1412,29,3,5,NULL,NULL,NULL,NULL,'NA','2013-04-01','2016-03-31'),(1413,31,3,5,NULL,NULL,NULL,NULL,'NA','2013-04-01','2016-03-31'),(1414,32,3,5,NULL,NULL,NULL,NULL,'NA','2013-04-01','2016-03-31'),(1415,34,3,5,NULL,NULL,NULL,NULL,'NA','2013-04-01','2016-03-31'),(1416,35,3,5,NULL,NULL,NULL,NULL,'NA','2013-04-01','2016-03-31'),(1417,36,3,5,NULL,NULL,NULL,NULL,'NA','2013-04-01','2016-03-31'),(1418,38,3,5,NULL,NULL,NULL,NULL,'NA','2013-04-01','2016-03-31'),(1419,58,3,5,NULL,NULL,NULL,NULL,'NA','2013-04-01','2016-03-31'),(1420,82,3,5,NULL,NULL,NULL,NULL,'NA','2013-04-01','2016-03-31'),(1421,105,3,5,NULL,NULL,NULL,NULL,'NA','2013-04-01','2016-03-31'),(1422,112,3,5,NULL,NULL,NULL,NULL,'NA','2013-04-01','2016-03-31'),(1423,115,3,5,NULL,NULL,NULL,NULL,'NA','2013-04-01','2016-03-31'),(1424,129,3,5,NULL,NULL,NULL,NULL,'NA','2013-04-01','2016-03-31'),(1425,139,3,5,NULL,NULL,NULL,NULL,'NA','2013-04-01','2016-03-31'),(1426,152,3,5,NULL,NULL,NULL,NULL,'NA','2013-04-01','2016-03-31'),(1427,154,3,5,NULL,NULL,NULL,NULL,'NA','2013-04-01','2016-03-31'),(1428,160,3,5,NULL,NULL,NULL,NULL,'NA','2013-04-01','2016-03-31'),(1429,212,3,5,NULL,NULL,NULL,NULL,'NA','2013-04-01','2016-03-31'),(1430,224,3,5,NULL,NULL,NULL,NULL,'NA','2013-04-01','2016-03-31'),(1431,247,3,5,NULL,NULL,NULL,NULL,'NA','2013-04-01','2016-03-31'),(1432,248,3,5,NULL,NULL,NULL,NULL,'NA','2013-04-01','2016-03-31'),(1433,251,3,5,NULL,NULL,NULL,NULL,'NA','2013-04-01','2016-03-31'),(1434,256,3,5,NULL,NULL,NULL,NULL,'NA','2013-04-01','2016-03-31'),(1435,272,3,5,NULL,NULL,NULL,NULL,'NA','2013-04-01','2016-03-31'),(1436,275,3,5,NULL,NULL,NULL,NULL,'NA','2013-04-01','2016-03-31'),(1437,276,3,5,NULL,NULL,NULL,NULL,'NA','2013-04-01','2016-03-31'),(1438,280,3,5,NULL,NULL,NULL,NULL,'NA','2013-04-01','2016-03-31'),(1439,288,3,5,NULL,NULL,NULL,NULL,'NA','2013-04-01','2016-03-31'),(1440,307,3,5,NULL,NULL,NULL,NULL,'NA','2013-04-01','2016-03-31'),(1441,314,3,5,NULL,NULL,NULL,NULL,'NA','2013-04-01','2016-03-31'),(1442,316,3,5,NULL,NULL,NULL,NULL,'NA','2013-04-01','2016-03-31'),(1443,360,3,5,NULL,NULL,NULL,NULL,'NA','2013-04-01','2016-03-31'),(1444,378,3,5,NULL,NULL,NULL,NULL,'NA','2013-04-01','2016-03-31'),(1445,385,3,5,NULL,NULL,NULL,NULL,'NA','2013-04-01','2016-03-31'),(1446,391,3,5,NULL,NULL,NULL,NULL,'NA','2013-04-01','2016-03-31'),(1447,401,3,5,NULL,NULL,NULL,NULL,'NA','2013-04-01','2016-03-31'),(1448,402,3,5,NULL,NULL,NULL,NULL,'NA','2013-04-01','2016-03-31'),(1449,405,3,5,NULL,NULL,NULL,NULL,'NA','2013-04-01','2016-03-31'),(1450,411,3,5,NULL,NULL,NULL,NULL,'NA','2013-04-01','2016-03-31'),(1451,415,3,5,NULL,NULL,NULL,NULL,'NA','2013-04-01','2016-03-31'),(1452,448,3,5,NULL,NULL,NULL,NULL,'NA','2013-04-01','2016-03-31'),(1453,451,3,5,NULL,NULL,NULL,NULL,'NA','2013-04-01','2016-03-31'),(1454,453,3,5,NULL,NULL,NULL,NULL,'NA','2013-04-01','2016-03-31'),(1455,454,3,5,NULL,NULL,NULL,NULL,'NA','2013-04-01','2016-03-31'),(1456,3,4,5,NULL,NULL,NULL,NULL,'1 - The number of cases/patients is too few to report.','2013-07-01','2016-06-30'),(1457,9,4,5,NULL,NULL,NULL,NULL,'1 - The number of cases/patients is too few to report.','2013-07-01','2016-06-30'),(1458,15,4,5,NULL,NULL,NULL,NULL,'1 - The number of cases/patients is too few to report.','2013-07-01','2016-06-30'),(1459,19,4,5,NULL,NULL,NULL,NULL,'1 - The number of cases/patients is too few to report.','2013-07-01','2016-06-30'),(1460,20,4,5,NULL,NULL,NULL,NULL,'1 - The number of cases/patients is too few to report.','2013-07-01','2016-06-30'),(1461,22,4,5,NULL,NULL,NULL,NULL,'1 - The number of cases/patients is too few to report.','2013-07-01','2016-06-30'),(1462,23,4,5,NULL,NULL,NULL,NULL,'1 - The number of cases/patients is too few to report.','2013-07-01','2016-06-30'),(1463,30,4,5,NULL,NULL,NULL,NULL,'1 - The number of cases/patients is too few to report.','2013-07-01','2016-06-30'),(1464,31,4,5,NULL,NULL,NULL,NULL,'1 - The number of cases/patients is too few to report.','2013-07-01','2016-06-30'),(1465,33,4,5,NULL,NULL,NULL,NULL,'1 - The number of cases/patients is too few to report.','2013-07-01','2016-06-30'),(1466,34,4,5,NULL,NULL,NULL,NULL,'1 - The number of cases/patients is too few to report.','2013-07-01','2016-06-30'),(1467,35,4,5,NULL,NULL,NULL,NULL,'1 - The number of cases/patients is too few to report.','2013-07-01','2016-06-30'),(1468,45,4,5,NULL,NULL,NULL,NULL,'1 - The number of cases/patients is too few to report.','2013-07-01','2016-06-30'),(1469,81,4,5,NULL,NULL,NULL,NULL,'1 - The number of cases/patients is too few to report.','2013-07-01','2016-06-30'),(1470,118,4,5,NULL,NULL,NULL,NULL,'1 - The number of cases/patients is too few to report.','2013-07-01','2016-06-30'),(1471,167,4,5,NULL,NULL,NULL,NULL,'1 - The number of cases/patients is too few to report.','2013-07-01','2016-06-30'),(1472,179,4,5,NULL,NULL,NULL,NULL,'1 - The number of cases/patients is too few to report.','2013-07-01','2016-06-30'),(1473,193,4,5,NULL,NULL,NULL,NULL,'1 - The number of cases/patients is too few to report.','2013-07-01','2016-06-30'),(1474,248,4,5,NULL,NULL,NULL,NULL,'1 - The number of cases/patients is too few to report.','2013-07-01','2016-06-30'),(1475,262,4,5,NULL,NULL,NULL,NULL,'1 - The number of cases/patients is too few to report.','2013-07-01','2016-06-30'),(1476,281,4,5,NULL,NULL,NULL,NULL,'1 - The number of cases/patients is too few to report.','2013-07-01','2016-06-30'),(1477,283,4,5,NULL,NULL,NULL,NULL,'1 - The number of cases/patients is too few to report.','2013-07-01','2016-06-30'),(1478,287,4,5,NULL,NULL,NULL,NULL,'1 - The number of cases/patients is too few to report.','2013-07-01','2016-06-30'),(1479,289,4,5,NULL,NULL,NULL,NULL,'1 - The number of cases/patients is too few to report.','2013-07-01','2016-06-30'),(1480,291,4,5,NULL,NULL,NULL,NULL,'1 - The number of cases/patients is too few to report.','2013-07-01','2016-06-30'),(1481,295,4,5,NULL,NULL,NULL,NULL,'1 - The number of cases/patients is too few to report.','2013-07-01','2016-06-30'),(1482,296,4,5,NULL,NULL,NULL,NULL,'1 - The number of cases/patients is too few to report.','2013-07-01','2016-06-30'),(1483,297,4,5,NULL,NULL,NULL,NULL,'1 - The number of cases/patients is too few to report.','2013-07-01','2016-06-30'),(1484,299,4,5,NULL,NULL,NULL,NULL,'1 - The number of cases/patients is too few to report.','2013-07-01','2016-06-30'),(1485,300,4,5,NULL,NULL,NULL,NULL,'1 - The number of cases/patients is too few to report.','2013-07-01','2016-06-30'),(1486,310,4,5,NULL,NULL,NULL,NULL,'1 - The number of cases/patients is too few to report.','2013-07-01','2016-06-30'),(1487,349,4,5,NULL,NULL,NULL,NULL,'1 - The number of cases/patients is too few to report.','2013-07-01','2016-06-30'),(1488,354,4,5,NULL,NULL,NULL,NULL,'1 - The number of cases/patients is too few to report.','2013-07-01','2016-06-30'),(1489,365,4,5,NULL,NULL,NULL,NULL,'1 - The number of cases/patients is too few to report.','2013-07-01','2016-06-30'),(1490,369,4,5,NULL,NULL,NULL,NULL,'1 - The number of cases/patients is too few to report.','2013-07-01','2016-06-30'),(1491,372,4,5,NULL,NULL,NULL,NULL,'1 - The number of cases/patients is too few to report.','2013-07-01','2016-06-30'),(1492,385,4,5,NULL,NULL,NULL,NULL,'1 - The number of cases/patients is too few to report.','2013-07-01','2016-06-30'),(1493,403,4,5,NULL,NULL,NULL,NULL,'1 - The number of cases/patients is too few to report.','2013-07-01','2016-06-30'),(1494,404,4,5,NULL,NULL,NULL,NULL,'1 - The number of cases/patients is too few to report.','2013-07-01','2016-06-30'),(1495,419,4,5,NULL,NULL,NULL,NULL,'1 - The number of cases/patients is too few to report.','2013-07-01','2016-06-30'),(1496,420,4,5,NULL,NULL,NULL,NULL,'1 - The number of cases/patients is too few to report.','2013-07-01','2016-06-30'),(1497,426,4,5,NULL,NULL,NULL,NULL,'1 - The number of cases/patients is too few to report.','2013-07-01','2016-06-30'),(1498,436,4,5,NULL,NULL,NULL,NULL,'1 - The number of cases/patients is too few to report.','2013-07-01','2016-06-30'),(1499,448,4,5,NULL,NULL,NULL,NULL,'1 - The number of cases/patients is too few to report.','2013-07-01','2016-06-30'),(1500,451,4,5,NULL,NULL,NULL,NULL,'1 - The number of cases/patients is too few to report.','2013-07-01','2016-06-30'),(1501,469,4,5,NULL,NULL,NULL,NULL,'1 - The number of cases/patients is too few to report.','2013-07-01','2016-06-30'),(1502,470,4,5,NULL,NULL,NULL,NULL,'1 - The number of cases/patients is too few to report.','2013-07-01','2016-06-30'),(1503,471,4,5,NULL,NULL,NULL,NULL,'1 - The number of cases/patients is too few to report.','2013-07-01','2016-06-30'),(1504,474,4,5,NULL,NULL,NULL,NULL,'1 - The number of cases/patients is too few to report.','2013-07-01','2016-06-30');
/*!40000 ALTER TABLE `hospital_payment` ENABLE KEYS */;
UNLOCK TABLES;

--
-- Table structure for table `hospital_value`
--

DROP TABLE IF EXISTS `hospital_value`;
/*!40101 SET @saved_cs_client     = @@character_set_client */;
 SET character_set_client = utf8mb4 ;
CREATE TABLE `hospital_value` (
  `hospital_value_id` int(11) NOT NULL AUTO_INCREMENT,
  `hospital_id` int(11) DEFAULT NULL,
  `value_id` int(11) DEFAULT NULL,
  `value_category_id` int(11) DEFAULT NULL,
  `value_footnote` varchar(100) DEFAULT NULL,
  `start_date` date DEFAULT NULL,
  `end_date` date DEFAULT NULL,
  PRIMARY KEY (`hospital_value_id`),
  UNIQUE KEY `hospital_value_id` (`hospital_value_id`),
  KEY `hospital_id` (`hospital_id`),
  KEY `value_id` (`value_id`),
  KEY `value_category_id` (`value_category_id`),
  CONSTRAINT `hospital_value_ibfk_1` FOREIGN KEY (`hospital_id`) REFERENCES `hospital` (`hospital_id`) ON UPDATE CASCADE,
  CONSTRAINT `hospital_value_ibfk_2` FOREIGN KEY (`value_id`) REFERENCES `value` (`value_id`) ON UPDATE CASCADE,
  CONSTRAINT `hospital_value_ibfk_3` FOREIGN KEY (`value_category_id`) REFERENCES `value_category` (`value_category_id`) ON UPDATE CASCADE
) ENGINE=InnoDB AUTO_INCREMENT=2048 DEFAULT CHARSET=utf8mb4 COLLATE=utf8mb4_0900_ai_ci;
/*!40101 SET character_set_client = @saved_cs_client */;

--
-- Dumping data for table `hospital_value`
--

LOCK TABLES `hospital_value` WRITE;
/*!40000 ALTER TABLE `hospital_value` DISABLE KEYS */;
INSERT INTO `hospital_value` VALUES (1,24,1,1,'NA','2013-04-01','2016-03-31'),(2,37,1,1,'NA','2013-04-01','2016-03-31'),(3,42,1,1,'NA','2013-04-01','2016-03-31'),(4,46,1,1,'NA','2013-04-01','2016-03-31'),(5,48,1,1,'NA','2013-04-01','2016-03-31'),(6,53,1,1,'NA','2013-04-01','2016-03-31'),(7,54,1,1,'NA','2013-04-01','2016-03-31'),(8,59,1,1,'NA','2013-04-01','2016-03-31'),(9,60,1,1,'NA','2013-04-01','2016-03-31'),(10,63,1,1,'NA','2013-04-01','2016-03-31'),(11,65,1,1,'NA','2013-04-01','2016-03-31'),(12,78,1,1,'NA','2013-04-01','2016-03-31'),(13,85,1,1,'NA','2013-04-01','2016-03-31'),(14,87,1,1,'NA','2013-04-01','2016-03-31'),(15,88,1,1,'NA','2013-04-01','2016-03-31'),(16,94,1,1,'NA','2013-04-01','2016-03-31'),(17,95,1,1,'NA','2013-04-01','2016-03-31'),(18,104,1,1,'NA','2013-04-01','2016-03-31'),(19,111,1,1,'NA','2013-04-01','2016-03-31'),(20,113,1,1,'NA','2013-04-01','2016-03-31'),(21,119,1,1,'NA','2013-04-01','2016-03-31'),(22,122,1,1,'NA','2013-04-01','2016-03-31'),(23,126,1,1,'NA','2013-04-01','2016-03-31'),(24,127,1,1,'NA','2013-04-01','2016-03-31'),(25,130,1,1,'NA','2013-04-01','2016-03-31'),(26,131,1,1,'NA','2013-04-01','2016-03-31'),(27,135,1,1,'NA','2013-04-01','2016-03-31'),(28,137,1,1,'NA','2013-04-01','2016-03-31'),(29,138,1,1,'NA','2013-04-01','2016-03-31'),(30,147,1,1,'NA','2013-04-01','2016-03-31'),(31,184,1,1,'NA','2013-04-01','2016-03-31'),(32,197,1,1,'NA','2013-04-01','2016-03-31'),(33,207,1,1,'NA','2013-04-01','2016-03-31'),(34,211,1,1,'NA','2013-04-01','2016-03-31'),(35,222,1,1,'NA','2013-04-01','2016-03-31'),(36,223,1,1,'NA','2013-04-01','2016-03-31'),(37,231,1,1,'NA','2013-04-01','2016-03-31'),(38,237,1,1,'NA','2013-04-01','2016-03-31'),(39,239,1,1,'NA','2013-04-01','2016-03-31'),(40,244,1,1,'NA','2013-04-01','2016-03-31'),(41,245,1,1,'NA','2013-04-01','2016-03-31'),(42,257,1,1,'NA','2013-04-01','2016-03-31'),(43,259,1,1,'NA','2013-04-01','2016-03-31'),(44,269,1,1,'NA','2013-04-01','2016-03-31'),(45,273,1,1,'NA','2013-04-01','2016-03-31'),(46,305,1,1,'NA','2013-04-01','2016-03-31'),(47,312,1,1,'NA','2013-04-01','2016-03-31'),(48,315,1,1,'NA','2013-04-01','2016-03-31'),(49,334,1,1,'NA','2013-04-01','2016-03-31'),(50,345,1,1,'NA','2013-04-01','2016-03-31'),(51,356,1,1,'NA','2013-04-01','2016-03-31'),(52,359,1,1,'NA','2013-04-01','2016-03-31'),(53,361,1,1,'NA','2013-04-01','2016-03-31'),(54,362,1,1,'NA','2013-04-01','2016-03-31'),(55,368,1,1,'NA','2013-04-01','2016-03-31'),(56,383,1,1,'NA','2013-04-01','2016-03-31'),(57,388,1,1,'NA','2013-04-01','2016-03-31'),(58,390,1,1,'NA','2013-04-01','2016-03-31'),(59,395,1,1,'NA','2013-04-01','2016-03-31'),(60,412,1,1,'NA','2013-04-01','2016-03-31'),(61,414,1,1,'NA','2013-04-01','2016-03-31'),(62,435,1,1,'NA','2013-04-01','2016-03-31'),(63,445,1,1,'NA','2013-04-01','2016-03-31'),(64,459,1,1,'NA','2013-04-01','2016-03-31'),(65,466,1,1,'NA','2013-04-01','2016-03-31'),(66,6,1,2,'NA','2013-04-01','2016-03-31'),(67,40,1,2,'NA','2013-04-01','2016-03-31'),(68,47,1,2,'NA','2013-04-01','2016-03-31'),(69,49,1,2,'NA','2013-04-01','2016-03-31'),(70,50,1,2,'NA','2013-04-01','2016-03-31'),(71,57,1,2,'NA','2013-04-01','2016-03-31'),(72,61,1,2,'NA','2013-04-01','2016-03-31'),(73,64,1,2,'NA','2013-04-01','2016-03-31'),(74,69,1,2,'NA','2013-04-01','2016-03-31'),(75,70,1,2,'NA','2013-04-01','2016-03-31'),(76,72,1,2,'NA','2013-04-01','2016-03-31'),(77,74,1,2,'NA','2013-04-01','2016-03-31'),(78,75,1,2,'NA','2013-04-01','2016-03-31'),(79,76,1,2,'NA','2013-04-01','2016-03-31'),(80,77,1,2,'NA','2013-04-01','2016-03-31'),(81,93,1,2,'NA','2013-04-01','2016-03-31'),(82,96,1,2,'NA','2013-04-01','2016-03-31'),(83,97,1,2,'NA','2013-04-01','2016-03-31'),(84,133,1,2,'NA','2013-04-01','2016-03-31'),(85,134,1,2,'NA','2013-04-01','2016-03-31'),(86,136,1,2,'NA','2013-04-01','2016-03-31'),(87,151,1,2,'NA','2013-04-01','2016-03-31'),(88,174,1,2,'NA','2013-04-01','2016-03-31'),(89,182,1,2,'NA','2013-04-01','2016-03-31'),(90,183,1,2,'NA','2013-04-01','2016-03-31'),(91,214,1,2,'NA','2013-04-01','2016-03-31'),(92,225,1,2,'NA','2013-04-01','2016-03-31'),(93,226,1,2,'NA','2013-04-01','2016-03-31'),(94,228,1,2,'NA','2013-04-01','2016-03-31'),(95,233,1,2,'NA','2013-04-01','2016-03-31'),(96,238,1,2,'NA','2013-04-01','2016-03-31'),(97,255,1,2,'NA','2013-04-01','2016-03-31'),(98,302,1,2,'NA','2013-04-01','2016-03-31'),(99,304,1,2,'NA','2013-04-01','2016-03-31'),(100,306,1,2,'NA','2013-04-01','2016-03-31'),(101,329,1,2,'NA','2013-04-01','2016-03-31'),(102,340,1,2,'NA','2013-04-01','2016-03-31'),(103,358,1,2,'NA','2013-04-01','2016-03-31'),(104,382,1,2,'NA','2013-04-01','2016-03-31'),(105,444,1,2,'NA','2013-04-01','2016-03-31'),(106,450,1,2,'NA','2013-04-01','2016-03-31'),(107,10,1,3,'NA','2013-04-01','2016-03-31'),(108,28,1,3,'NA','2013-04-01','2016-03-31'),(109,44,1,3,'NA','2013-04-01','2016-03-31'),(110,83,1,3,'NA','2013-04-01','2016-03-31'),(111,91,1,3,'NA','2013-04-01','2016-03-31'),(112,98,1,3,'NA','2013-04-01','2016-03-31'),(113,100,1,3,'NA','2013-04-01','2016-03-31'),(114,101,1,3,'NA','2013-04-01','2016-03-31'),(115,103,1,3,'NA','2013-04-01','2016-03-31'),(116,106,1,3,'NA','2013-04-01','2016-03-31'),(117,107,1,3,'NA','2013-04-01','2016-03-31'),(118,114,1,3,'NA','2013-04-01','2016-03-31'),(119,117,1,3,'NA','2013-04-01','2016-03-31'),(120,124,1,3,'NA','2013-04-01','2016-03-31'),(121,155,1,3,'NA','2013-04-01','2016-03-31'),(122,232,1,3,'NA','2013-04-01','2016-03-31'),(123,234,1,3,'NA','2013-04-01','2016-03-31'),(124,235,1,3,'NA','2013-04-01','2016-03-31'),(125,236,1,3,'NA','2013-04-01','2016-03-31'),(126,241,1,3,'NA','2013-04-01','2016-03-31'),(127,242,1,3,'NA','2013-04-01','2016-03-31'),(128,246,1,3,'NA','2013-04-01','2016-03-31'),(129,249,1,3,'NA','2013-04-01','2016-03-31'),(130,301,1,3,'NA','2013-04-01','2016-03-31'),(131,303,1,3,'NA','2013-04-01','2016-03-31'),(132,311,1,3,'NA','2013-04-01','2016-03-31'),(133,323,1,3,'NA','2013-04-01','2016-03-31'),(134,328,1,3,'NA','2013-04-01','2016-03-31'),(135,331,1,3,'NA','2013-04-01','2016-03-31'),(136,336,1,3,'NA','2013-04-01','2016-03-31'),(137,339,1,3,'NA','2013-04-01','2016-03-31'),(138,363,1,3,'NA','2013-04-01','2016-03-31'),(139,367,1,3,'NA','2013-04-01','2016-03-31'),(140,377,1,3,'NA','2013-04-01','2016-03-31'),(141,387,1,3,'NA','2013-04-01','2016-03-31'),(142,400,1,3,'NA','2013-04-01','2016-03-31'),(143,410,1,3,'NA','2013-04-01','2016-03-31'),(144,416,1,3,'NA','2013-04-01','2016-03-31'),(145,417,1,3,'NA','2013-04-01','2016-03-31'),(146,422,1,3,'NA','2013-04-01','2016-03-31'),(147,434,1,3,'NA','2013-04-01','2016-03-31'),(148,452,1,3,'NA','2013-04-01','2016-03-31'),(149,455,1,3,'NA','2013-04-01','2016-03-31'),(150,457,1,3,'NA','2013-04-01','2016-03-31'),(151,462,1,3,'NA','2013-04-01','2016-03-31'),(152,464,1,3,'NA','2013-04-01','2016-03-31'),(153,465,1,3,'NA','2013-04-01','2016-03-31'),(154,467,1,3,'NA','2013-04-01','2016-03-31'),(155,7,2,4,'NA','2013-07-01','2016-06-30'),(156,10,2,4,'NA','2013-07-01','2016-06-30'),(157,12,2,4,'NA','2013-07-01','2016-06-30'),(158,17,2,4,'NA','2013-07-01','2016-06-30'),(159,18,2,4,'NA','2013-07-01','2016-06-30'),(160,24,2,4,'NA','2013-07-01','2016-06-30'),(161,39,2,4,'NA','2013-07-01','2016-06-30'),(162,40,2,4,'NA','2013-07-01','2016-06-30'),(163,47,2,4,'NA','2013-07-01','2016-06-30'),(164,48,2,4,'NA','2013-07-01','2016-06-30'),(165,49,2,4,'NA','2013-07-01','2016-06-30'),(166,52,2,4,'NA','2013-07-01','2016-06-30'),(167,54,2,4,'NA','2013-07-01','2016-06-30'),(168,58,2,4,'NA','2013-07-01','2016-06-30'),(169,61,2,4,'NA','2013-07-01','2016-06-30'),(170,69,2,4,'NA','2013-07-01','2016-06-30'),(171,74,2,4,'NA','2013-07-01','2016-06-30'),(172,76,2,4,'NA','2013-07-01','2016-06-30'),(173,77,2,4,'NA','2013-07-01','2016-06-30'),(174,79,2,4,'NA','2013-07-01','2016-06-30'),(175,80,2,4,'NA','2013-07-01','2016-06-30'),(176,82,2,4,'NA','2013-07-01','2016-06-30'),(177,83,2,4,'NA','2013-07-01','2016-06-30'),(178,92,2,4,'NA','2013-07-01','2016-06-30'),(179,93,2,4,'NA','2013-07-01','2016-06-30'),(180,94,2,4,'NA','2013-07-01','2016-06-30'),(181,95,2,4,'NA','2013-07-01','2016-06-30'),(182,96,2,4,'NA','2013-07-01','2016-06-30'),(183,97,2,4,'NA','2013-07-01','2016-06-30'),(184,98,2,4,'NA','2013-07-01','2016-06-30'),(185,100,2,4,'NA','2013-07-01','2016-06-30'),(186,104,2,4,'NA','2013-07-01','2016-06-30'),(187,105,2,4,'NA','2013-07-01','2016-06-30'),(188,106,2,4,'NA','2013-07-01','2016-06-30'),(189,107,2,4,'NA','2013-07-01','2016-06-30'),(190,111,2,4,'NA','2013-07-01','2016-06-30'),(191,112,2,4,'NA','2013-07-01','2016-06-30'),(192,113,2,4,'NA','2013-07-01','2016-06-30'),(193,115,2,4,'NA','2013-07-01','2016-06-30'),(194,116,2,4,'NA','2013-07-01','2016-06-30'),(195,122,2,4,'NA','2013-07-01','2016-06-30'),(196,124,2,4,'NA','2013-07-01','2016-06-30'),(197,126,2,4,'NA','2013-07-01','2016-06-30'),(198,130,2,4,'NA','2013-07-01','2016-06-30'),(199,131,2,4,'NA','2013-07-01','2016-06-30'),(200,132,2,4,'NA','2013-07-01','2016-06-30'),(201,133,2,4,'NA','2013-07-01','2016-06-30'),(202,135,2,4,'NA','2013-07-01','2016-06-30'),(203,138,2,4,'NA','2013-07-01','2016-06-30'),(204,139,2,4,'NA','2013-07-01','2016-06-30'),(205,147,2,4,'NA','2013-07-01','2016-06-30'),(206,149,2,4,'NA','2013-07-01','2016-06-30'),(207,162,2,4,'NA','2013-07-01','2016-06-30'),(208,174,2,4,'NA','2013-07-01','2016-06-30'),(209,201,2,4,'NA','2013-07-01','2016-06-30'),(210,217,2,4,'NA','2013-07-01','2016-06-30'),(211,223,2,4,'NA','2013-07-01','2016-06-30'),(212,224,2,4,'NA','2013-07-01','2016-06-30'),(213,225,2,4,'NA','2013-07-01','2016-06-30'),(214,226,2,4,'NA','2013-07-01','2016-06-30'),(215,228,2,4,'NA','2013-07-01','2016-06-30'),(216,231,2,4,'NA','2013-07-01','2016-06-30'),(217,232,2,4,'NA','2013-07-01','2016-06-30'),(218,234,2,4,'NA','2013-07-01','2016-06-30'),(219,235,2,4,'NA','2013-07-01','2016-06-30'),(220,236,2,4,'NA','2013-07-01','2016-06-30'),(221,238,2,4,'NA','2013-07-01','2016-06-30'),(222,240,2,4,'NA','2013-07-01','2016-06-30'),(223,241,2,4,'NA','2013-07-01','2016-06-30'),(224,246,2,4,'NA','2013-07-01','2016-06-30'),(225,303,2,4,'NA','2013-07-01','2016-06-30'),(226,304,2,4,'NA','2013-07-01','2016-06-30'),(227,311,2,4,'NA','2013-07-01','2016-06-30'),(228,312,2,4,'NA','2013-07-01','2016-06-30'),(229,319,2,4,'NA','2013-07-01','2016-06-30'),(230,320,2,4,'NA','2013-07-01','2016-06-30'),(231,322,2,4,'NA','2013-07-01','2016-06-30'),(232,323,2,4,'NA','2013-07-01','2016-06-30'),(233,328,2,4,'NA','2013-07-01','2016-06-30'),(234,339,2,4,'NA','2013-07-01','2016-06-30'),(235,358,2,4,'NA','2013-07-01','2016-06-30'),(236,390,2,4,'NA','2013-07-01','2016-06-30'),(237,400,2,4,'NA','2013-07-01','2016-06-30'),(238,410,2,4,'NA','2013-07-01','2016-06-30'),(239,412,2,4,'NA','2013-07-01','2016-06-30'),(240,417,2,4,'NA','2013-07-01','2016-06-30'),(241,440,2,4,'NA','2013-07-01','2016-06-30'),(242,444,2,4,'NA','2013-07-01','2016-06-30'),(243,450,2,4,'NA','2013-07-01','2016-06-30'),(244,452,2,4,'NA','2013-07-01','2016-06-30'),(245,453,2,4,'NA','2013-07-01','2016-06-30'),(246,454,2,4,'NA','2013-07-01','2016-06-30'),(247,455,2,4,'NA','2013-07-01','2016-06-30'),(248,457,2,4,'NA','2013-07-01','2016-06-30'),(249,459,2,4,'NA','2013-07-01','2016-06-30'),(250,8,3,4,'NA','2013-07-01','2016-06-30'),(251,10,3,4,'NA','2013-07-01','2016-06-30'),(252,17,3,4,'NA','2013-07-01','2016-06-30'),(253,18,3,4,'NA','2013-07-01','2016-06-30'),(254,21,3,4,'NA','2013-07-01','2016-06-30'),(255,24,3,4,'NA','2013-07-01','2016-06-30'),(256,27,3,4,'NA','2013-07-01','2016-06-30'),(257,36,3,4,'NA','2013-07-01','2016-06-30'),(258,42,3,4,'NA','2013-07-01','2016-06-30'),(259,44,3,4,'NA','2013-07-01','2016-06-30'),(260,47,3,4,'NA','2013-07-01','2016-06-30'),(261,58,3,4,'NA','2013-07-01','2016-06-30'),(262,68,3,4,'NA','2013-07-01','2016-06-30'),(263,74,3,4,'NA','2013-07-01','2016-06-30'),(264,75,3,4,'NA','2013-07-01','2016-06-30'),(265,79,3,4,'NA','2013-07-01','2016-06-30'),(266,91,3,4,'NA','2013-07-01','2016-06-30'),(267,93,3,4,'NA','2013-07-01','2016-06-30'),(268,94,3,4,'NA','2013-07-01','2016-06-30'),(269,95,3,4,'NA','2013-07-01','2016-06-30'),(270,96,3,4,'NA','2013-07-01','2016-06-30'),(271,97,3,4,'NA','2013-07-01','2016-06-30'),(272,99,3,4,'NA','2013-07-01','2016-06-30'),(273,100,3,4,'NA','2013-07-01','2016-06-30'),(274,103,3,4,'NA','2013-07-01','2016-06-30'),(275,105,3,4,'NA','2013-07-01','2016-06-30'),(276,112,3,4,'NA','2013-07-01','2016-06-30'),(277,113,3,4,'NA','2013-07-01','2016-06-30'),(278,114,3,4,'NA','2013-07-01','2016-06-30'),(279,116,3,4,'NA','2013-07-01','2016-06-30'),(280,117,3,4,'NA','2013-07-01','2016-06-30'),(281,119,3,4,'NA','2013-07-01','2016-06-30'),(282,120,3,4,'NA','2013-07-01','2016-06-30'),(283,122,3,4,'NA','2013-07-01','2016-06-30'),(284,124,3,4,'NA','2013-07-01','2016-06-30'),(285,127,3,4,'NA','2013-07-01','2016-06-30'),(286,128,3,4,'NA','2013-07-01','2016-06-30'),(287,129,3,4,'NA','2013-07-01','2016-06-30'),(288,130,3,4,'NA','2013-07-01','2016-06-30'),(289,131,3,4,'NA','2013-07-01','2016-06-30'),(290,134,3,4,'NA','2013-07-01','2016-06-30'),(291,135,3,4,'NA','2013-07-01','2016-06-30'),(292,136,3,4,'NA','2013-07-01','2016-06-30'),(293,137,3,4,'NA','2013-07-01','2016-06-30'),(294,139,3,4,'NA','2013-07-01','2016-06-30'),(295,140,3,4,'NA','2013-07-01','2016-06-30'),(296,145,3,4,'NA','2013-07-01','2016-06-30'),(297,148,3,4,'NA','2013-07-01','2016-06-30'),(298,150,3,4,'NA','2013-07-01','2016-06-30'),(299,152,3,4,'NA','2013-07-01','2016-06-30'),(300,153,3,4,'NA','2013-07-01','2016-06-30'),(301,155,3,4,'NA','2013-07-01','2016-06-30'),(302,158,3,4,'NA','2013-07-01','2016-06-30'),(303,164,3,4,'NA','2013-07-01','2016-06-30'),(304,165,3,4,'NA','2013-07-01','2016-06-30'),(305,169,3,4,'NA','2013-07-01','2016-06-30'),(306,173,3,4,'NA','2013-07-01','2016-06-30'),(307,174,3,4,'NA','2013-07-01','2016-06-30'),(308,175,3,4,'NA','2013-07-01','2016-06-30'),(309,177,3,4,'NA','2013-07-01','2016-06-30'),(310,178,3,4,'NA','2013-07-01','2016-06-30'),(311,180,3,4,'NA','2013-07-01','2016-06-30'),(312,183,3,4,'NA','2013-07-01','2016-06-30'),(313,198,3,4,'NA','2013-07-01','2016-06-30'),(314,206,3,4,'NA','2013-07-01','2016-06-30'),(315,207,3,4,'NA','2013-07-01','2016-06-30'),(316,208,3,4,'NA','2013-07-01','2016-06-30'),(317,209,3,4,'NA','2013-07-01','2016-06-30'),(318,212,3,4,'NA','2013-07-01','2016-06-30'),(319,213,3,4,'NA','2013-07-01','2016-06-30'),(320,219,3,4,'NA','2013-07-01','2016-06-30'),(321,220,3,4,'NA','2013-07-01','2016-06-30'),(322,221,3,4,'NA','2013-07-01','2016-06-30'),(323,222,3,4,'NA','2013-07-01','2016-06-30'),(324,223,3,4,'NA','2013-07-01','2016-06-30'),(325,224,3,4,'NA','2013-07-01','2016-06-30'),(326,225,3,4,'NA','2013-07-01','2016-06-30'),(327,231,3,4,'NA','2013-07-01','2016-06-30'),(328,232,3,4,'NA','2013-07-01','2016-06-30'),(329,234,3,4,'NA','2013-07-01','2016-06-30'),(330,235,3,4,'NA','2013-07-01','2016-06-30'),(331,239,3,4,'NA','2013-07-01','2016-06-30'),(332,240,3,4,'NA','2013-07-01','2016-06-30'),(333,241,3,4,'NA','2013-07-01','2016-06-30'),(334,242,3,4,'NA','2013-07-01','2016-06-30'),(335,243,3,4,'NA','2013-07-01','2016-06-30'),(336,244,3,4,'NA','2013-07-01','2016-06-30'),(337,245,3,4,'NA','2013-07-01','2016-06-30'),(338,246,3,4,'NA','2013-07-01','2016-06-30'),(339,247,3,4,'NA','2013-07-01','2016-06-30'),(340,249,3,4,'NA','2013-07-01','2016-06-30'),(341,255,3,4,'NA','2013-07-01','2016-06-30'),(342,268,3,4,'NA','2013-07-01','2016-06-30'),(343,280,3,4,'NA','2013-07-01','2016-06-30'),(344,294,3,4,'NA','2013-07-01','2016-06-30'),(345,301,3,4,'NA','2013-07-01','2016-06-30'),(346,303,3,4,'NA','2013-07-01','2016-06-30'),(347,304,3,4,'NA','2013-07-01','2016-06-30'),(348,307,3,4,'NA','2013-07-01','2016-06-30'),(349,312,3,4,'NA','2013-07-01','2016-06-30'),(350,314,3,4,'NA','2013-07-01','2016-06-30'),(351,316,3,4,'NA','2013-07-01','2016-06-30'),(352,317,3,4,'NA','2013-07-01','2016-06-30'),(353,318,3,4,'NA','2013-07-01','2016-06-30'),(354,320,3,4,'NA','2013-07-01','2016-06-30'),(355,331,3,4,'NA','2013-07-01','2016-06-30'),(356,333,3,4,'NA','2013-07-01','2016-06-30'),(357,335,3,4,'NA','2013-07-01','2016-06-30'),(358,337,3,4,'NA','2013-07-01','2016-06-30'),(359,339,3,4,'NA','2013-07-01','2016-06-30'),(360,342,3,4,'NA','2013-07-01','2016-06-30'),(361,343,3,4,'NA','2013-07-01','2016-06-30'),(362,345,3,4,'NA','2013-07-01','2016-06-30'),(363,359,3,4,'NA','2013-07-01','2016-06-30'),(364,362,3,4,'NA','2013-07-01','2016-06-30'),(365,367,3,4,'NA','2013-07-01','2016-06-30'),(366,368,3,4,'NA','2013-07-01','2016-06-30'),(367,377,3,4,'NA','2013-07-01','2016-06-30'),(368,382,3,4,'NA','2013-07-01','2016-06-30'),(369,383,3,4,'NA','2013-07-01','2016-06-30'),(370,388,3,4,'NA','2013-07-01','2016-06-30'),(371,390,3,4,'NA','2013-07-01','2016-06-30'),(372,391,3,4,'NA','2013-07-01','2016-06-30'),(373,392,3,4,'NA','2013-07-01','2016-06-30'),(374,393,3,4,'NA','2013-07-01','2016-06-30'),(375,394,3,4,'NA','2013-07-01','2016-06-30'),(376,395,3,4,'NA','2013-07-01','2016-06-30'),(377,399,3,4,'NA','2013-07-01','2016-06-30'),(378,401,3,4,'NA','2013-07-01','2016-06-30'),(379,402,3,4,'NA','2013-07-01','2016-06-30'),(380,408,3,4,'NA','2013-07-01','2016-06-30'),(381,410,3,4,'NA','2013-07-01','2016-06-30'),(382,411,3,4,'NA','2013-07-01','2016-06-30'),(383,412,3,4,'NA','2013-07-01','2016-06-30'),(384,413,3,4,'NA','2013-07-01','2016-06-30'),(385,417,3,4,'NA','2013-07-01','2016-06-30'),(386,430,3,4,'NA','2013-07-01','2016-06-30'),(387,431,3,4,'NA','2013-07-01','2016-06-30'),(388,435,3,4,'NA','2013-07-01','2016-06-30'),(389,445,3,4,'NA','2013-07-01','2016-06-30'),(390,452,3,4,'NA','2013-07-01','2016-06-30'),(391,453,3,4,'NA','2013-07-01','2016-06-30'),(392,454,3,4,'NA','2013-07-01','2016-06-30'),(393,457,3,4,'NA','2013-07-01','2016-06-30'),(394,462,3,4,'NA','2013-07-01','2016-06-30'),(395,466,3,4,'NA','2013-07-01','2016-06-30'),(396,467,3,4,'NA','2013-07-01','2016-06-30'),(397,468,3,4,'NA','2013-07-01','2016-06-30'),(398,2,4,4,'NA','2013-07-01','2016-06-30'),(399,5,4,4,'NA','2013-07-01','2016-06-30'),(400,7,4,4,'NA','2013-07-01','2016-06-30'),(401,8,4,4,'NA','2013-07-01','2016-06-30'),(402,16,4,4,'NA','2013-07-01','2016-06-30'),(403,18,4,4,'NA','2013-07-01','2016-06-30'),(404,21,4,4,'NA','2013-07-01','2016-06-30'),(405,24,4,4,'NA','2013-07-01','2016-06-30'),(406,25,4,4,'NA','2013-07-01','2016-06-30'),(407,37,4,4,'NA','2013-07-01','2016-06-30'),(408,38,4,4,'NA','2013-07-01','2016-06-30'),(409,40,4,4,'NA','2013-07-01','2016-06-30'),(410,42,4,4,'NA','2013-07-01','2016-06-30'),(411,43,4,4,'NA','2013-07-01','2016-06-30'),(412,44,4,4,'NA','2013-07-01','2016-06-30'),(413,47,4,4,'NA','2013-07-01','2016-06-30'),(414,48,4,4,'NA','2013-07-01','2016-06-30'),(415,49,4,4,'NA','2013-07-01','2016-06-30'),(416,51,4,4,'NA','2013-07-01','2016-06-30'),(417,61,4,4,'NA','2013-07-01','2016-06-30'),(418,64,4,4,'NA','2013-07-01','2016-06-30'),(419,71,4,4,'NA','2013-07-01','2016-06-30'),(420,73,4,4,'NA','2013-07-01','2016-06-30'),(421,74,4,4,'NA','2013-07-01','2016-06-30'),(422,76,4,4,'NA','2013-07-01','2016-06-30'),(423,79,4,4,'NA','2013-07-01','2016-06-30'),(424,82,4,4,'NA','2013-07-01','2016-06-30'),(425,83,4,4,'NA','2013-07-01','2016-06-30'),(426,89,4,4,'NA','2013-07-01','2016-06-30'),(427,91,4,4,'NA','2013-07-01','2016-06-30'),(428,94,4,4,'NA','2013-07-01','2016-06-30'),(429,95,4,4,'NA','2013-07-01','2016-06-30'),(430,96,4,4,'NA','2013-07-01','2016-06-30'),(431,99,4,4,'NA','2013-07-01','2016-06-30'),(432,100,4,4,'NA','2013-07-01','2016-06-30'),(433,105,4,4,'NA','2013-07-01','2016-06-30'),(434,106,4,4,'NA','2013-07-01','2016-06-30'),(435,107,4,4,'NA','2013-07-01','2016-06-30'),(436,108,4,4,'NA','2013-07-01','2016-06-30'),(437,112,4,4,'NA','2013-07-01','2016-06-30'),(438,115,4,4,'NA','2013-07-01','2016-06-30'),(439,116,4,4,'NA','2013-07-01','2016-06-30'),(440,117,4,4,'NA','2013-07-01','2016-06-30'),(441,119,4,4,'NA','2013-07-01','2016-06-30'),(442,120,4,4,'NA','2013-07-01','2016-06-30'),(443,122,4,4,'NA','2013-07-01','2016-06-30'),(444,123,4,4,'NA','2013-07-01','2016-06-30'),(445,124,4,4,'NA','2013-07-01','2016-06-30'),(446,126,4,4,'NA','2013-07-01','2016-06-30'),(447,127,4,4,'NA','2013-07-01','2016-06-30'),(448,128,4,4,'NA','2013-07-01','2016-06-30'),(449,129,4,4,'NA','2013-07-01','2016-06-30'),(450,130,4,4,'NA','2013-07-01','2016-06-30'),(451,133,4,4,'NA','2013-07-01','2016-06-30'),(452,136,4,4,'NA','2013-07-01','2016-06-30'),(453,140,4,4,'NA','2013-07-01','2016-06-30'),(454,141,4,4,'NA','2013-07-01','2016-06-30'),(455,142,4,4,'NA','2013-07-01','2016-06-30'),(456,144,4,4,'NA','2013-07-01','2016-06-30'),(457,148,4,4,'NA','2013-07-01','2016-06-30'),(458,149,4,4,'NA','2013-07-01','2016-06-30'),(459,157,4,4,'NA','2013-07-01','2016-06-30'),(460,159,4,4,'NA','2013-07-01','2016-06-30'),(461,162,4,4,'NA','2013-07-01','2016-06-30'),(462,174,4,4,'NA','2013-07-01','2016-06-30'),(463,175,4,4,'NA','2013-07-01','2016-06-30'),(464,180,4,4,'NA','2013-07-01','2016-06-30'),(465,182,4,4,'NA','2013-07-01','2016-06-30'),(466,200,4,4,'NA','2013-07-01','2016-06-30'),(467,205,4,4,'NA','2013-07-01','2016-06-30'),(468,207,4,4,'NA','2013-07-01','2016-06-30'),(469,210,4,4,'NA','2013-07-01','2016-06-30'),(470,212,4,4,'NA','2013-07-01','2016-06-30'),(471,213,4,4,'NA','2013-07-01','2016-06-30'),(472,214,4,4,'NA','2013-07-01','2016-06-30'),(473,225,4,4,'NA','2013-07-01','2016-06-30'),(474,231,4,4,'NA','2013-07-01','2016-06-30'),(475,238,4,4,'NA','2013-07-01','2016-06-30'),(476,239,4,4,'NA','2013-07-01','2016-06-30'),(477,241,4,4,'NA','2013-07-01','2016-06-30'),(478,242,4,4,'NA','2013-07-01','2016-06-30'),(479,243,4,4,'NA','2013-07-01','2016-06-30'),(480,245,4,4,'NA','2013-07-01','2016-06-30'),(481,247,4,4,'NA','2013-07-01','2016-06-30'),(482,252,4,4,'NA','2013-07-01','2016-06-30'),(483,255,4,4,'NA','2013-07-01','2016-06-30'),(484,259,4,4,'NA','2013-07-01','2016-06-30'),(485,260,4,4,'NA','2013-07-01','2016-06-30'),(486,265,4,4,'NA','2013-07-01','2016-06-30'),(487,267,4,4,'NA','2013-07-01','2016-06-30'),(488,270,4,4,'NA','2013-07-01','2016-06-30'),(489,271,4,4,'NA','2013-07-01','2016-06-30'),(490,272,4,4,'NA','2013-07-01','2016-06-30'),(491,273,4,4,'NA','2013-07-01','2016-06-30'),(492,275,4,4,'NA','2013-07-01','2016-06-30'),(493,277,4,4,'NA','2013-07-01','2016-06-30'),(494,278,4,4,'NA','2013-07-01','2016-06-30'),(495,282,4,4,'NA','2013-07-01','2016-06-30'),(496,288,4,4,'NA','2013-07-01','2016-06-30'),(497,293,4,4,'NA','2013-07-01','2016-06-30'),(498,294,4,4,'NA','2013-07-01','2016-06-30'),(499,303,4,4,'NA','2013-07-01','2016-06-30'),(500,305,4,4,'NA','2013-07-01','2016-06-30'),(501,307,4,4,'NA','2013-07-01','2016-06-30'),(502,311,4,4,'NA','2013-07-01','2016-06-30'),(503,312,4,4,'NA','2013-07-01','2016-06-30'),(504,313,4,4,'NA','2013-07-01','2016-06-30'),(505,314,4,4,'NA','2013-07-01','2016-06-30'),(506,316,4,4,'NA','2013-07-01','2016-06-30'),(507,318,4,4,'NA','2013-07-01','2016-06-30'),(508,320,4,4,'NA','2013-07-01','2016-06-30'),(509,324,4,4,'NA','2013-07-01','2016-06-30'),(510,331,4,4,'NA','2013-07-01','2016-06-30'),(511,339,4,4,'NA','2013-07-01','2016-06-30'),(512,340,4,4,'NA','2013-07-01','2016-06-30'),(513,344,4,4,'NA','2013-07-01','2016-06-30'),(514,345,4,4,'NA','2013-07-01','2016-06-30'),(515,346,4,4,'NA','2013-07-01','2016-06-30'),(516,353,4,4,'NA','2013-07-01','2016-06-30'),(517,356,4,4,'NA','2013-07-01','2016-06-30'),(518,358,4,4,'NA','2013-07-01','2016-06-30'),(519,359,4,4,'NA','2013-07-01','2016-06-30'),(520,360,4,4,'NA','2013-07-01','2016-06-30'),(521,361,4,4,'NA','2013-07-01','2016-06-30'),(522,362,4,4,'NA','2013-07-01','2016-06-30'),(523,363,4,4,'NA','2013-07-01','2016-06-30'),(524,366,4,4,'NA','2013-07-01','2016-06-30'),(525,370,4,4,'NA','2013-07-01','2016-06-30'),(526,373,4,4,'NA','2013-07-01','2016-06-30'),(527,378,4,4,'NA','2013-07-01','2016-06-30'),(528,379,4,4,'NA','2013-07-01','2016-06-30'),(529,380,4,4,'NA','2013-07-01','2016-06-30'),(530,382,4,4,'NA','2013-07-01','2016-06-30'),(531,384,4,4,'NA','2013-07-01','2016-06-30'),(532,386,4,4,'NA','2013-07-01','2016-06-30'),(533,388,4,4,'NA','2013-07-01','2016-06-30'),(534,390,4,4,'NA','2013-07-01','2016-06-30'),(535,391,4,4,'NA','2013-07-01','2016-06-30'),(536,394,4,4,'NA','2013-07-01','2016-06-30'),(537,399,4,4,'NA','2013-07-01','2016-06-30'),(538,402,4,4,'NA','2013-07-01','2016-06-30'),(539,405,4,4,'NA','2013-07-01','2016-06-30'),(540,406,4,4,'NA','2013-07-01','2016-06-30'),(541,407,4,4,'NA','2013-07-01','2016-06-30'),(542,408,4,4,'NA','2013-07-01','2016-06-30'),(543,410,4,4,'NA','2013-07-01','2016-06-30'),(544,412,4,4,'NA','2013-07-01','2016-06-30'),(545,414,4,4,'NA','2013-07-01','2016-06-30'),(546,415,4,4,'NA','2013-07-01','2016-06-30'),(547,416,4,4,'NA','2013-07-01','2016-06-30'),(548,417,4,4,'NA','2013-07-01','2016-06-30'),(549,427,4,4,'NA','2013-07-01','2016-06-30'),(550,433,4,4,'NA','2013-07-01','2016-06-30'),(551,453,4,4,'NA','2013-07-01','2016-06-30'),(552,455,4,4,'NA','2013-07-01','2016-06-30'),(553,457,4,4,'NA','2013-07-01','2016-06-30'),(554,460,4,4,'NA','2013-07-01','2016-06-30'),(555,462,4,4,'NA','2013-07-01','2016-06-30'),(556,464,4,4,'NA','2013-07-01','2016-06-30'),(557,466,4,4,'NA','2013-07-01','2016-06-30'),(558,467,4,4,'NA','2013-07-01','2016-06-30'),(559,50,2,5,'NA','2013-07-01','2016-06-30'),(560,53,2,5,'NA','2013-07-01','2016-06-30'),(561,63,2,5,'NA','2013-07-01','2016-06-30'),(562,64,2,5,'NA','2013-07-01','2016-06-30'),(563,65,2,5,'NA','2013-07-01','2016-06-30'),(564,67,2,5,'NA','2013-07-01','2016-06-30'),(565,72,2,5,'NA','2013-07-01','2016-06-30'),(566,108,2,5,'NA','2013-07-01','2016-06-30'),(567,134,2,5,'NA','2013-07-01','2016-06-30'),(568,136,2,5,'NA','2013-07-01','2016-06-30'),(569,155,2,5,'NA','2013-07-01','2016-06-30'),(570,211,2,5,'NA','2013-07-01','2016-06-30'),(571,222,2,5,'NA','2013-07-01','2016-06-30'),(572,302,2,5,'NA','2013-07-01','2016-06-30'),(573,306,2,5,'NA','2013-07-01','2016-06-30'),(574,315,2,5,'NA','2013-07-01','2016-06-30'),(575,377,2,5,'NA','2013-07-01','2016-06-30'),(576,40,3,5,'NA','2013-07-01','2016-06-30'),(577,48,3,5,'NA','2013-07-01','2016-06-30'),(578,49,3,5,'NA','2013-07-01','2016-06-30'),(579,50,3,5,'NA','2013-07-01','2016-06-30'),(580,53,3,5,'NA','2013-07-01','2016-06-30'),(581,54,3,5,'NA','2013-07-01','2016-06-30'),(582,55,3,5,'NA','2013-07-01','2016-06-30'),(583,56,3,5,'NA','2013-07-01','2016-06-30'),(584,61,3,5,'NA','2013-07-01','2016-06-30'),(585,63,3,5,'NA','2013-07-01','2016-06-30'),(586,64,3,5,'NA','2013-07-01','2016-06-30'),(587,65,3,5,'NA','2013-07-01','2016-06-30'),(588,72,3,5,'NA','2013-07-01','2016-06-30'),(589,76,3,5,'NA','2013-07-01','2016-06-30'),(590,77,3,5,'NA','2013-07-01','2016-06-30'),(591,78,3,5,'NA','2013-07-01','2016-06-30'),(592,82,3,5,'NA','2013-07-01','2016-06-30'),(593,104,3,5,'NA','2013-07-01','2016-06-30'),(594,106,3,5,'NA','2013-07-01','2016-06-30'),(595,108,3,5,'NA','2013-07-01','2016-06-30'),(596,111,3,5,'NA','2013-07-01','2016-06-30'),(597,133,3,5,'NA','2013-07-01','2016-06-30'),(598,154,3,5,'NA','2013-07-01','2016-06-30'),(599,182,3,5,'NA','2013-07-01','2016-06-30'),(600,228,3,5,'NA','2013-07-01','2016-06-30'),(601,358,3,5,'NA','2013-07-01','2016-06-30'),(602,400,3,5,'NA','2013-07-01','2016-06-30'),(603,442,3,5,'NA','2013-07-01','2016-06-30'),(604,444,3,5,'NA','2013-07-01','2016-06-30'),(605,450,3,5,'NA','2013-07-01','2016-06-30'),(606,455,3,5,'NA','2013-07-01','2016-06-30'),(607,459,3,5,'NA','2013-07-01','2016-06-30'),(608,50,4,5,'NA','2013-07-01','2016-06-30'),(609,53,4,5,'NA','2013-07-01','2016-06-30'),(610,54,4,5,'NA','2013-07-01','2016-06-30'),(611,58,4,5,'NA','2013-07-01','2016-06-30'),(612,62,4,5,'NA','2013-07-01','2016-06-30'),(613,63,4,5,'NA','2013-07-01','2016-06-30'),(614,65,4,5,'NA','2013-07-01','2016-06-30'),(615,67,4,5,'NA','2013-07-01','2016-06-30'),(616,72,4,5,'NA','2013-07-01','2016-06-30'),(617,93,4,5,'NA','2013-07-01','2016-06-30'),(618,134,4,5,'NA','2013-07-01','2016-06-30'),(619,152,4,5,'NA','2013-07-01','2016-06-30'),(620,160,4,5,'NA','2013-07-01','2016-06-30'),(621,186,4,5,'NA','2013-07-01','2016-06-30'),(622,218,4,5,'NA','2013-07-01','2016-06-30'),(623,222,4,5,'NA','2013-07-01','2016-06-30'),(624,223,4,5,'NA','2013-07-01','2016-06-30'),(625,226,4,5,'NA','2013-07-01','2016-06-30'),(626,228,4,5,'NA','2013-07-01','2016-06-30'),(627,232,4,5,'NA','2013-07-01','2016-06-30'),(628,246,4,5,'NA','2013-07-01','2016-06-30'),(629,304,4,5,'NA','2013-07-01','2016-06-30'),(630,323,4,5,'NA','2013-07-01','2016-06-30'),(631,338,4,5,'NA','2013-07-01','2016-06-30'),(632,342,4,5,'NA','2013-07-01','2016-06-30'),(633,347,4,5,'NA','2013-07-01','2016-06-30'),(634,348,4,5,'NA','2013-07-01','2016-06-30'),(635,350,4,5,'NA','2013-07-01','2016-06-30'),(636,351,4,5,'NA','2013-07-01','2016-06-30'),(637,368,4,5,'NA','2013-07-01','2016-06-30'),(638,371,4,5,'NA','2013-07-01','2016-06-30'),(639,374,4,5,'NA','2013-07-01','2016-06-30'),(640,375,4,5,'NA','2013-07-01','2016-06-30'),(641,381,4,5,'NA','2013-07-01','2016-06-30'),(642,383,4,5,'NA','2013-07-01','2016-06-30'),(643,392,4,5,'NA','2013-07-01','2016-06-30'),(644,400,4,5,'NA','2013-07-01','2016-06-30'),(645,440,4,5,'NA','2013-07-01','2016-06-30'),(646,441,4,5,'NA','2013-07-01','2016-06-30'),(647,444,4,5,'NA','2013-07-01','2016-06-30'),(648,452,4,5,'NA','2013-07-01','2016-06-30'),(649,458,4,5,'NA','2013-07-01','2016-06-30'),(650,459,4,5,'NA','2013-07-01','2016-06-30'),(651,8,2,6,'NA','2013-07-01','2016-06-30'),(652,16,2,6,'NA','2013-07-01','2016-06-30'),(653,21,2,6,'NA','2013-07-01','2016-06-30'),(654,26,2,6,'NA','2013-07-01','2016-06-30'),(655,28,2,6,'NA','2013-07-01','2016-06-30'),(656,37,2,6,'NA','2013-07-01','2016-06-30'),(657,44,2,6,'NA','2013-07-01','2016-06-30'),(658,46,2,6,'NA','2013-07-01','2016-06-30'),(659,75,2,6,'NA','2013-07-01','2016-06-30'),(660,85,2,6,'NA','2013-07-01','2016-06-30'),(661,99,2,6,'NA','2013-07-01','2016-06-30'),(662,114,2,6,'NA','2013-07-01','2016-06-30'),(663,117,2,6,'NA','2013-07-01','2016-06-30'),(664,119,2,6,'NA','2013-07-01','2016-06-30'),(665,137,2,6,'NA','2013-07-01','2016-06-30'),(666,189,2,6,'NA','2013-07-01','2016-06-30'),(667,214,2,6,'NA','2013-07-01','2016-06-30'),(668,301,2,6,'NA','2013-07-01','2016-06-30'),(669,305,2,6,'NA','2013-07-01','2016-06-30'),(670,463,2,6,'NA','2013-07-01','2016-06-30'),(671,464,2,6,'NA','2013-07-01','2016-06-30'),(672,1,3,6,'NA','2013-07-01','2016-06-30'),(673,2,3,6,'NA','2013-07-01','2016-06-30'),(674,12,3,6,'NA','2013-07-01','2016-06-30'),(675,16,3,6,'NA','2013-07-01','2016-06-30'),(676,26,3,6,'NA','2013-07-01','2016-06-30'),(677,32,3,6,'NA','2013-07-01','2016-06-30'),(678,37,3,6,'NA','2013-07-01','2016-06-30'),(679,46,3,6,'NA','2013-07-01','2016-06-30'),(680,83,3,6,'NA','2013-07-01','2016-06-30'),(681,85,3,6,'NA','2013-07-01','2016-06-30'),(682,90,3,6,'NA','2013-07-01','2016-06-30'),(683,98,3,6,'NA','2013-07-01','2016-06-30'),(684,115,3,6,'NA','2013-07-01','2016-06-30'),(685,126,3,6,'NA','2013-07-01','2016-06-30'),(686,144,3,6,'NA','2013-07-01','2016-06-30'),(687,147,3,6,'NA','2013-07-01','2016-06-30'),(688,171,3,6,'NA','2013-07-01','2016-06-30'),(689,192,3,6,'NA','2013-07-01','2016-06-30'),(690,196,3,6,'NA','2013-07-01','2016-06-30'),(691,201,3,6,'NA','2013-07-01','2016-06-30'),(692,214,3,6,'NA','2013-07-01','2016-06-30'),(693,328,3,6,'NA','2013-07-01','2016-06-30'),(694,340,3,6,'NA','2013-07-01','2016-06-30'),(695,355,3,6,'NA','2013-07-01','2016-06-30'),(696,398,3,6,'NA','2013-07-01','2016-06-30'),(697,422,3,6,'NA','2013-07-01','2016-06-30'),(698,460,3,6,'NA','2013-07-01','2016-06-30'),(699,4,4,6,'NA','2013-07-01','2016-06-30'),(700,6,4,6,'NA','2013-07-01','2016-06-30'),(701,10,4,6,'NA','2013-07-01','2016-06-30'),(702,12,4,6,'NA','2013-07-01','2016-06-30'),(703,14,4,6,'NA','2013-07-01','2016-06-30'),(704,17,4,6,'NA','2013-07-01','2016-06-30'),(705,26,4,6,'NA','2013-07-01','2016-06-30'),(706,32,4,6,'NA','2013-07-01','2016-06-30'),(707,36,4,6,'NA','2013-07-01','2016-06-30'),(708,46,4,6,'NA','2013-07-01','2016-06-30'),(709,84,4,6,'NA','2013-07-01','2016-06-30'),(710,85,4,6,'NA','2013-07-01','2016-06-30'),(711,97,4,6,'NA','2013-07-01','2016-06-30'),(712,98,4,6,'NA','2013-07-01','2016-06-30'),(713,121,4,6,'NA','2013-07-01','2016-06-30'),(714,131,4,6,'NA','2013-07-01','2016-06-30'),(715,135,4,6,'NA','2013-07-01','2016-06-30'),(716,137,4,6,'NA','2013-07-01','2016-06-30'),(717,147,4,6,'NA','2013-07-01','2016-06-30'),(718,150,4,6,'NA','2013-07-01','2016-06-30'),(719,153,4,6,'NA','2013-07-01','2016-06-30'),(720,166,4,6,'NA','2013-07-01','2016-06-30'),(721,171,4,6,'NA','2013-07-01','2016-06-30'),(722,192,4,6,'NA','2013-07-01','2016-06-30'),(723,201,4,6,'NA','2013-07-01','2016-06-30'),(724,215,4,6,'NA','2013-07-01','2016-06-30'),(725,221,4,6,'NA','2013-07-01','2016-06-30'),(726,224,4,6,'NA','2013-07-01','2016-06-30'),(727,235,4,6,'NA','2013-07-01','2016-06-30'),(728,244,4,6,'NA','2013-07-01','2016-06-30'),(729,290,4,6,'NA','2013-07-01','2016-06-30'),(730,292,4,6,'NA','2013-07-01','2016-06-30'),(731,301,4,6,'NA','2013-07-01','2016-06-30'),(732,317,4,6,'NA','2013-07-01','2016-06-30'),(733,328,4,6,'NA','2013-07-01','2016-06-30'),(734,336,4,6,'NA','2013-07-01','2016-06-30'),(735,343,4,6,'NA','2013-07-01','2016-06-30'),(736,355,4,6,'NA','2013-07-01','2016-06-30'),(737,367,4,6,'NA','2013-07-01','2016-06-30'),(738,376,4,6,'NA','2013-07-01','2016-06-30'),(739,377,4,6,'NA','2013-07-01','2016-06-30'),(740,387,4,6,'NA','2013-07-01','2016-06-30'),(741,393,4,6,'NA','2013-07-01','2016-06-30'),(742,395,4,6,'NA','2013-07-01','2016-06-30'),(743,398,4,6,'NA','2013-07-01','2016-06-30'),(744,401,4,6,'NA','2013-07-01','2016-06-30'),(745,409,4,6,'NA','2013-07-01','2016-06-30'),(746,411,4,6,'NA','2013-07-01','2016-06-30'),(747,413,4,6,'NA','2013-07-01','2016-06-30'),(748,421,4,6,'NA','2013-07-01','2016-06-30'),(749,422,4,6,'NA','2013-07-01','2016-06-30'),(750,423,4,6,'NA','2013-07-01','2016-06-30'),(751,424,4,6,'NA','2013-07-01','2016-06-30'),(752,425,4,6,'NA','2013-07-01','2016-06-30'),(753,428,4,6,'NA','2013-07-01','2016-06-30'),(754,429,4,6,'NA','2013-07-01','2016-06-30'),(755,430,4,6,'NA','2013-07-01','2016-06-30'),(756,435,4,6,'NA','2013-07-01','2016-06-30'),(757,445,4,6,'NA','2013-07-01','2016-06-30'),(758,468,4,6,'NA','2013-07-01','2016-06-30'),(759,473,4,6,'NA','2013-07-01','2016-06-30'),(760,79,1,7,'NA','2013-04-01','2016-03-31'),(761,78,2,8,'NA','2013-07-01','2016-06-30'),(762,237,2,8,'NA','2013-07-01','2016-06-30'),(763,239,2,8,'NA','2013-07-01','2016-06-30'),(764,226,3,8,'NA','2013-07-01','2016-06-30'),(765,236,3,8,'NA','2013-07-01','2016-06-30'),(766,238,3,8,'NA','2013-07-01','2016-06-30'),(767,305,3,8,'NA','2013-07-01','2016-06-30'),(768,323,3,8,'NA','2013-07-01','2016-06-30'),(769,78,4,8,'NA','2013-07-01','2016-06-30'),(770,114,4,8,'NA','2013-07-01','2016-06-30'),(771,450,4,8,'NA','2013-07-01','2016-06-30'),(772,69,3,9,'NA','2013-07-01','2016-06-30'),(773,107,3,9,'NA','2013-07-01','2016-06-30'),(774,302,3,9,'NA','2013-07-01','2016-06-30'),(775,302,4,9,'NA','2013-07-01','2016-06-30'),(776,103,2,10,'NA','2013-07-01','2016-06-30'),(777,103,4,10,'NA','2013-07-01','2016-06-30'),(778,1,1,11,'13 - Results cannot be calculated for this reporting period.','2013-04-01','2016-03-31'),(779,2,1,11,'13 - Results cannot be calculated for this reporting period.','2013-04-01','2016-03-31'),(780,3,1,11,'13 - Results cannot be calculated for this reporting period.','2013-04-01','2016-03-31'),(781,4,1,11,'13 - Results cannot be calculated for this reporting period.','2013-04-01','2016-03-31'),(782,7,1,11,'13 - Results cannot be calculated for this reporting period.','2013-04-01','2016-03-31'),(783,8,1,11,'13 - Results cannot be calculated for this reporting period.','2013-04-01','2016-03-31'),(784,9,1,11,'13 - Results cannot be calculated for this reporting period.','2013-04-01','2016-03-31'),(785,11,1,11,'13 - Results cannot be calculated for this reporting period.','2013-04-01','2016-03-31'),(786,12,1,11,'13 - Results cannot be calculated for this reporting period.','2013-04-01','2016-03-31'),(787,14,1,11,'13 - Results cannot be calculated for this reporting period.','2013-04-01','2016-03-31'),(788,15,1,11,'13 - Results cannot be calculated for this reporting period.','2013-04-01','2016-03-31'),(789,16,1,11,'13 - Results cannot be calculated for this reporting period.','2013-04-01','2016-03-31'),(790,17,1,11,'13 - Results cannot be calculated for this reporting period.','2013-04-01','2016-03-31'),(791,18,1,11,'13 - Results cannot be calculated for this reporting period.','2013-04-01','2016-03-31'),(792,19,1,11,'13 - Results cannot be calculated for this reporting period.','2013-04-01','2016-03-31'),(793,20,1,11,'13 - Results cannot be calculated for this reporting period.','2013-04-01','2016-03-31'),(794,21,1,11,'13 - Results cannot be calculated for this reporting period.','2013-04-01','2016-03-31'),(795,22,1,11,'13 - Results cannot be calculated for this reporting period.','2013-04-01','2016-03-31'),(796,23,1,11,'13 - Results cannot be calculated for this reporting period.','2013-04-01','2016-03-31'),(797,25,1,11,'13 - Results cannot be calculated for this reporting period.','2013-04-01','2016-03-31'),(798,26,1,11,'13 - Results cannot be calculated for this reporting period.','2013-04-01','2016-03-31'),(799,27,1,11,'13 - Results cannot be calculated for this reporting period.','2013-04-01','2016-03-31'),(800,29,1,11,'13 - Results cannot be calculated for this reporting period.','2013-04-01','2016-03-31'),(801,30,1,11,'13 - Results cannot be calculated for this reporting period.','2013-04-01','2016-03-31'),(802,31,1,11,'13 - Results cannot be calculated for this reporting period.','2013-04-01','2016-03-31'),(803,32,1,11,'13 - Results cannot be calculated for this reporting period.','2013-04-01','2016-03-31'),(804,33,1,11,'13 - Results cannot be calculated for this reporting period.','2013-04-01','2016-03-31'),(805,34,1,11,'13 - Results cannot be calculated for this reporting period.','2013-04-01','2016-03-31'),(806,35,1,11,'13 - Results cannot be calculated for this reporting period.','2013-04-01','2016-03-31'),(807,36,1,11,'13 - Results cannot be calculated for this reporting period.','2013-04-01','2016-03-31'),(808,38,1,11,'13 - Results cannot be calculated for this reporting period.','2013-04-01','2016-03-31'),(809,41,1,11,'13 - Results cannot be calculated for this reporting period.','2013-04-01','2016-03-31'),(810,45,1,11,'13 - Results cannot be calculated for this reporting period.','2013-04-01','2016-03-31'),(811,58,1,11,'13 - Results cannot be calculated for this reporting period.','2013-04-01','2016-03-31'),(812,71,1,11,'13 - Results cannot be calculated for this reporting period.','2013-04-01','2016-03-31'),(813,81,1,11,'13 - Results cannot be calculated for this reporting period.','2013-04-01','2016-03-31'),(814,82,1,11,'13 - Results cannot be calculated for this reporting period.','2013-04-01','2016-03-31'),(815,102,1,11,'13 - Results cannot be calculated for this reporting period.','2013-04-01','2016-03-31'),(816,105,1,11,'13 - Results cannot be calculated for this reporting period.','2013-04-01','2016-03-31'),(817,108,1,11,'13 - Results cannot be calculated for this reporting period.','2013-04-01','2016-03-31'),(818,109,1,11,'5 - Results are not available for this reporting period.','2013-04-01','2016-03-31'),(819,110,1,11,'13 - Results cannot be calculated for this reporting period.','2013-04-01','2016-03-31'),(820,112,1,11,'13 - Results cannot be calculated for this reporting period.','2013-04-01','2016-03-31'),(821,115,1,11,'13 - Results cannot be calculated for this reporting period.','2013-04-01','2016-03-31'),(822,118,1,11,'13 - Results cannot be calculated for this reporting period.','2013-04-01','2016-03-31'),(823,120,1,11,'13 - Results cannot be calculated for this reporting period.','2013-04-01','2016-03-31'),(824,121,1,11,'13 - Results cannot be calculated for this reporting period.','2013-04-01','2016-03-31'),(825,123,1,11,'13 - Results cannot be calculated for this reporting period.','2013-04-01','2016-03-31'),(826,125,1,11,'19 - Data are shown only for hospitals that participate in the Inpatient Quality Reporting (IQR) and','2013-04-01','2016-03-31'),(827,128,1,11,'13 - Results cannot be calculated for this reporting period.','2013-04-01','2016-03-31'),(828,129,1,11,'13 - Results cannot be calculated for this reporting period.','2013-04-01','2016-03-31'),(829,139,1,11,'13 - Results cannot be calculated for this reporting period.','2013-04-01','2016-03-31'),(830,140,1,11,'13 - Results cannot be calculated for this reporting period.','2013-04-01','2016-03-31'),(831,141,1,11,'13 - Results cannot be calculated for this reporting period.','2013-04-01','2016-03-31'),(832,142,1,11,'13 - Results cannot be calculated for this reporting period.','2013-04-01','2016-03-31'),(833,143,1,11,'13 - Results cannot be calculated for this reporting period.','2013-04-01','2016-03-31'),(834,144,1,11,'13 - Results cannot be calculated for this reporting period.','2013-04-01','2016-03-31'),(835,146,1,11,'5 - Results are not available for this reporting period.','2013-04-01','2016-03-31'),(836,152,1,11,'13 - Results cannot be calculated for this reporting period.','2013-04-01','2016-03-31'),(837,154,1,11,'13 - Results cannot be calculated for this reporting period.','2013-04-01','2016-03-31'),(838,160,1,11,'13 - Results cannot be calculated for this reporting period.','2013-04-01','2016-03-31'),(839,163,1,11,'13 - Results cannot be calculated for this reporting period.','2013-04-01','2016-03-31'),(840,166,1,11,'13 - Results cannot be calculated for this reporting period.','2013-04-01','2016-03-31'),(841,167,1,11,'13 - Results cannot be calculated for this reporting period.','2013-04-01','2016-03-31'),(842,168,1,11,'13 - Results cannot be calculated for this reporting period.','2013-04-01','2016-03-31'),(843,171,1,11,'13 - Results cannot be calculated for this reporting period.','2013-04-01','2016-03-31'),(844,176,1,11,'13 - Results cannot be calculated for this reporting period.','2013-04-01','2016-03-31'),(845,179,1,11,'13 - Results cannot be calculated for this reporting period.','2013-04-01','2016-03-31'),(846,190,1,11,'13 - Results cannot be calculated for this reporting period.','2013-04-01','2016-03-31'),(847,191,1,11,'19 - Data are shown only for hospitals that participate in the Inpatient Quality Reporting (IQR) and','2013-04-01','2016-03-31'),(848,193,1,11,'13 - Results cannot be calculated for this reporting period.','2013-04-01','2016-03-31'),(849,194,1,11,'13 - Results cannot be calculated for this reporting period.','2013-04-01','2016-03-31'),(850,203,1,11,'13 - Results cannot be calculated for this reporting period.','2013-04-01','2016-03-31'),(851,208,1,11,'13 - Results cannot be calculated for this reporting period.','2013-04-01','2016-03-31'),(852,212,1,11,'13 - Results cannot be calculated for this reporting period.','2013-04-01','2016-03-31'),(853,213,1,11,'13 - Results cannot be calculated for this reporting period.','2013-04-01','2016-03-31'),(854,216,1,11,'13 - Results cannot be calculated for this reporting period.','2013-04-01','2016-03-31'),(855,218,1,11,'13 - Results cannot be calculated for this reporting period.','2013-04-01','2016-03-31'),(856,221,1,11,'13 - Results cannot be calculated for this reporting period.','2013-04-01','2016-03-31'),(857,224,1,11,'13 - Results cannot be calculated for this reporting period.','2013-04-01','2016-03-31'),(858,227,1,11,'13 - Results cannot be calculated for this reporting period.','2013-04-01','2016-03-31'),(859,229,1,11,'19 - Data are shown only for hospitals that participate in the Inpatient Quality Reporting (IQR) and','2013-04-01','2016-03-31'),(860,230,1,11,'19 - Data are shown only for hospitals that participate in the Inpatient Quality Reporting (IQR) and','2013-04-01','2016-03-31'),(861,243,1,11,'13 - Results cannot be calculated for this reporting period.','2013-04-01','2016-03-31'),(862,247,1,11,'13 - Results cannot be calculated for this reporting period.','2013-04-01','2016-03-31'),(863,248,1,11,'13 - Results cannot be calculated for this reporting period.','2013-04-01','2016-03-31'),(864,250,1,11,'19 - Data are shown only for hospitals that participate in the Inpatient Quality Reporting (IQR) and','2013-04-01','2016-03-31'),(865,251,1,11,'13 - Results cannot be calculated for this reporting period.','2013-04-01','2016-03-31'),(866,254,1,11,'19 - Data are shown only for hospitals that participate in the Inpatient Quality Reporting (IQR) and','2013-04-01','2016-03-31'),(867,256,1,11,'13 - Results cannot be calculated for this reporting period.','2013-04-01','2016-03-31'),(868,263,1,11,'13 - Results cannot be calculated for this reporting period.','2013-04-01','2016-03-31'),(869,266,1,11,'13 - Results cannot be calculated for this reporting period.','2013-04-01','2016-03-31'),(870,270,1,11,'13 - Results cannot be calculated for this reporting period.','2013-04-01','2016-03-31'),(871,272,1,11,'13 - Results cannot be calculated for this reporting period.','2013-04-01','2016-03-31'),(872,274,1,11,'13 - Results cannot be calculated for this reporting period.','2013-04-01','2016-03-31'),(873,275,1,11,'13 - Results cannot be calculated for this reporting period.','2013-04-01','2016-03-31'),(874,276,1,11,'13 - Results cannot be calculated for this reporting period.','2013-04-01','2016-03-31'),(875,278,1,11,'13 - Results cannot be calculated for this reporting period.','2013-04-01','2016-03-31'),(876,280,1,11,'13 - Results cannot be calculated for this reporting period.','2013-04-01','2016-03-31'),(877,281,1,11,'13 - Results cannot be calculated for this reporting period.','2013-04-01','2016-03-31'),(878,283,1,11,'13 - Results cannot be calculated for this reporting period.','2013-04-01','2016-03-31'),(879,287,1,11,'13 - Results cannot be calculated for this reporting period.','2013-04-01','2016-03-31'),(880,288,1,11,'13 - Results cannot be calculated for this reporting period.','2013-04-01','2016-03-31'),(881,290,1,11,'13 - Results cannot be calculated for this reporting period.','2013-04-01','2016-03-31'),(882,291,1,11,'13 - Results cannot be calculated for this reporting period.','2013-04-01','2016-03-31'),(883,292,1,11,'13 - Results cannot be calculated for this reporting period.','2013-04-01','2016-03-31'),(884,293,1,11,'13 - Results cannot be calculated for this reporting period.','2013-04-01','2016-03-31'),(885,294,1,11,'13 - Results cannot be calculated for this reporting period.','2013-04-01','2016-03-31'),(886,295,1,11,'13 - Results cannot be calculated for this reporting period.','2013-04-01','2016-03-31'),(887,296,1,11,'13 - Results cannot be calculated for this reporting period.','2013-04-01','2016-03-31'),(888,297,1,11,'13 - Results cannot be calculated for this reporting period.','2013-04-01','2016-03-31'),(889,298,1,11,'5 - Results are not available for this reporting period.','2013-04-01','2016-03-31'),(890,299,1,11,'13 - Results cannot be calculated for this reporting period.','2013-04-01','2016-03-31'),(891,300,1,11,'13 - Results cannot be calculated for this reporting period.','2013-04-01','2016-03-31'),(892,307,1,11,'13 - Results cannot be calculated for this reporting period.','2013-04-01','2016-03-31'),(893,308,1,11,'19 - Data are shown only for hospitals that participate in the Inpatient Quality Reporting (IQR) and','2013-04-01','2016-03-31'),(894,309,1,11,'19 - Data are shown only for hospitals that participate in the Inpatient Quality Reporting (IQR) and','2013-04-01','2016-03-31'),(895,310,1,11,'13 - Results cannot be calculated for this reporting period.','2013-04-01','2016-03-31'),(896,313,1,11,'13 - Results cannot be calculated for this reporting period.','2013-04-01','2016-03-31'),(897,314,1,11,'13 - Results cannot be calculated for this reporting period.','2013-04-01','2016-03-31'),(898,316,1,11,'13 - Results cannot be calculated for this reporting period.','2013-04-01','2016-03-31'),(899,317,1,11,'13 - Results cannot be calculated for this reporting period.','2013-04-01','2016-03-31'),(900,318,1,11,'13 - Results cannot be calculated for this reporting period.','2013-04-01','2016-03-31'),(901,321,1,11,'19 - Data are shown only for hospitals that participate in the Inpatient Quality Reporting (IQR) and','2013-04-01','2016-03-31'),(902,327,1,11,'19 - Data are shown only for hospitals that participate in the Inpatient Quality Reporting (IQR) and','2013-04-01','2016-03-31'),(903,342,1,11,'13 - Results cannot be calculated for this reporting period.','2013-04-01','2016-03-31'),(904,343,1,11,'13 - Results cannot be calculated for this reporting period.','2013-04-01','2016-03-31'),(905,344,1,11,'13 - Results cannot be calculated for this reporting period.','2013-04-01','2016-03-31'),(906,346,1,11,'13 - Results cannot be calculated for this reporting period.','2013-04-01','2016-03-31'),(907,347,1,11,'13 - Results cannot be calculated for this reporting period.','2013-04-01','2016-03-31'),(908,348,1,11,'13 - Results cannot be calculated for this reporting period.','2013-04-01','2016-03-31'),(909,349,1,11,'13 - Results cannot be calculated for this reporting period.','2013-04-01','2016-03-31'),(910,350,1,11,'13 - Results cannot be calculated for this reporting period.','2013-04-01','2016-03-31'),(911,351,1,11,'13 - Results cannot be calculated for this reporting period.','2013-04-01','2016-03-31'),(912,352,1,11,'19 - Data are shown only for hospitals that participate in the Inpatient Quality Reporting (IQR) and','2013-04-01','2016-03-31'),(913,353,1,11,'13 - Results cannot be calculated for this reporting period.','2013-04-01','2016-03-31'),(914,354,1,11,'13 - Results cannot be calculated for this reporting period.','2013-04-01','2016-03-31'),(915,355,1,11,'13 - Results cannot be calculated for this reporting period.','2013-04-01','2016-03-31'),(916,357,1,11,'13 - Results cannot be calculated for this reporting period.','2013-04-01','2016-03-31'),(917,360,1,11,'13 - Results cannot be calculated for this reporting period.','2013-04-01','2016-03-31'),(918,365,1,11,'13 - Results cannot be calculated for this reporting period.','2013-04-01','2016-03-31'),(919,366,1,11,'13 - Results cannot be calculated for this reporting period.','2013-04-01','2016-03-31'),(920,369,1,11,'13 - Results cannot be calculated for this reporting period.','2013-04-01','2016-03-31'),(921,370,1,11,'13 - Results cannot be calculated for this reporting period.','2013-04-01','2016-03-31'),(922,371,1,11,'13 - Results cannot be calculated for this reporting period.','2013-04-01','2016-03-31'),(923,372,1,11,'13 - Results cannot be calculated for this reporting period.','2013-04-01','2016-03-31'),(924,373,1,11,'13 - Results cannot be calculated for this reporting period.','2013-04-01','2016-03-31'),(925,374,1,11,'13 - Results cannot be calculated for this reporting period.','2013-04-01','2016-03-31'),(926,375,1,11,'13 - Results cannot be calculated for this reporting period.','2013-04-01','2016-03-31'),(927,376,1,11,'13 - Results cannot be calculated for this reporting period.','2013-04-01','2016-03-31'),(928,378,1,11,'13 - Results cannot be calculated for this reporting period.','2013-04-01','2016-03-31'),(929,379,1,11,'13 - Results cannot be calculated for this reporting period.','2013-04-01','2016-03-31'),(930,380,1,11,'13 - Results cannot be calculated for this reporting period.','2013-04-01','2016-03-31'),(931,381,1,11,'13 - Results cannot be calculated for this reporting period.','2013-04-01','2016-03-31'),(932,384,1,11,'13 - Results cannot be calculated for this reporting period.','2013-04-01','2016-03-31'),(933,385,1,11,'13 - Results cannot be calculated for this reporting period.','2013-04-01','2016-03-31'),(934,386,1,11,'13 - Results cannot be calculated for this reporting period.','2013-04-01','2016-03-31'),(935,389,1,11,'13 - Results cannot be calculated for this reporting period.','2013-04-01','2016-03-31'),(936,391,1,11,'13 - Results cannot be calculated for this reporting period.','2013-04-01','2016-03-31'),(937,392,1,11,'13 - Results cannot be calculated for this reporting period.','2013-04-01','2016-03-31'),(938,393,1,11,'13 - Results cannot be calculated for this reporting period.','2013-04-01','2016-03-31'),(939,394,1,11,'13 - Results cannot be calculated for this reporting period.','2013-04-01','2016-03-31'),(940,397,1,11,'13 - Results cannot be calculated for this reporting period.','2013-04-01','2016-03-31'),(941,398,1,11,'13 - Results cannot be calculated for this reporting period.','2013-04-01','2016-03-31'),(942,399,1,11,'13 - Results cannot be calculated for this reporting period.','2013-04-01','2016-03-31'),(943,401,1,11,'13 - Results cannot be calculated for this reporting period.','2013-04-01','2016-03-31'),(944,402,1,11,'13 - Results cannot be calculated for this reporting period.','2013-04-01','2016-03-31'),(945,403,1,11,'13 - Results cannot be calculated for this reporting period.','2013-04-01','2016-03-31'),(946,405,1,11,'13 - Results cannot be calculated for this reporting period.','2013-04-01','2016-03-31'),(947,406,1,11,'13 - Results cannot be calculated for this reporting period.','2013-04-01','2016-03-31'),(948,407,1,11,'13 - Results cannot be calculated for this reporting period.','2013-04-01','2016-03-31'),(949,408,1,11,'13 - Results cannot be calculated for this reporting period.','2013-04-01','2016-03-31'),(950,409,1,11,'13 - Results cannot be calculated for this reporting period.','2013-04-01','2016-03-31'),(951,411,1,11,'13 - Results cannot be calculated for this reporting period.','2013-04-01','2016-03-31'),(952,413,1,11,'13 - Results cannot be calculated for this reporting period.','2013-04-01','2016-03-31'),(953,415,1,11,'13 - Results cannot be calculated for this reporting period.','2013-04-01','2016-03-31'),(954,418,1,11,'19 - Data are shown only for hospitals that participate in the Inpatient Quality Reporting (IQR) and','2013-04-01','2016-03-31'),(955,419,1,11,'13 - Results cannot be calculated for this reporting period.','2013-04-01','2016-03-31'),(956,420,1,11,'13 - Results cannot be calculated for this reporting period.','2013-04-01','2016-03-31'),(957,421,1,11,'13 - Results cannot be calculated for this reporting period.','2013-04-01','2016-03-31'),(958,423,1,11,'13 - Results cannot be calculated for this reporting period.','2013-04-01','2016-03-31'),(959,424,1,11,'13 - Results cannot be calculated for this reporting period.','2013-04-01','2016-03-31'),(960,425,1,11,'13 - Results cannot be calculated for this reporting period.','2013-04-01','2016-03-31'),(961,426,1,11,'13 - Results cannot be calculated for this reporting period.','2013-04-01','2016-03-31'),(962,428,1,11,'13 - Results cannot be calculated for this reporting period.','2013-04-01','2016-03-31'),(963,429,1,11,'13 - Results cannot be calculated for this reporting period.','2013-04-01','2016-03-31'),(964,430,1,11,'13 - Results cannot be calculated for this reporting period.','2013-04-01','2016-03-31'),(965,436,1,11,'13 - Results cannot be calculated for this reporting period.','2013-04-01','2016-03-31'),(966,437,1,11,'13 - Results cannot be calculated for this reporting period.','2013-04-01','2016-03-31'),(967,439,1,11,'13 - Results cannot be calculated for this reporting period.','2013-04-01','2016-03-31'),(968,446,1,11,'13 - Results cannot be calculated for this reporting period.','2013-04-01','2016-03-31'),(969,447,1,11,'19 - Data are shown only for hospitals that participate in the Inpatient Quality Reporting (IQR) and','2013-04-01','2016-03-31'),(970,448,1,11,'13 - Results cannot be calculated for this reporting period.','2013-04-01','2016-03-31'),(971,449,1,11,'5 - Results are not available for this reporting period.','2013-04-01','2016-03-31'),(972,451,1,11,'13 - Results cannot be calculated for this reporting period.','2013-04-01','2016-03-31'),(973,453,1,11,'13 - Results cannot be calculated for this reporting period.','2013-04-01','2016-03-31'),(974,454,1,11,'13 - Results cannot be calculated for this reporting period.','2013-04-01','2016-03-31'),(975,456,1,11,'19 - Data are shown only for hospitals that participate in the Inpatient Quality Reporting (IQR) and','2013-04-01','2016-03-31'),(976,460,1,11,'13 - Results cannot be calculated for this reporting period.','2013-04-01','2016-03-31'),(977,461,1,11,'19 - Data are shown only for hospitals that participate in the Inpatient Quality Reporting (IQR) and','2013-04-01','2016-03-31'),(978,468,1,11,'13 - Results cannot be calculated for this reporting period.','2013-04-01','2016-03-31'),(979,469,1,11,'13 - Results cannot be calculated for this reporting period.','2013-04-01','2016-03-31'),(980,470,1,11,'13 - Results cannot be calculated for this reporting period.','2013-04-01','2016-03-31'),(981,471,1,11,'13 - Results cannot be calculated for this reporting period.','2013-04-01','2016-03-31'),(982,472,1,11,'19 - Data are shown only for hospitals that participate in the Inpatient Quality Reporting (IQR) and','2013-04-01','2016-03-31'),(983,473,1,11,'13 - Results cannot be calculated for this reporting period.','2013-04-01','2016-03-31'),(984,474,1,11,'13 - Results cannot be calculated for this reporting period.','2013-04-01','2016-03-31'),(985,1,2,11,'13 - Results cannot be calculated for this reporting period.','2013-07-01','2016-06-30'),(986,2,2,11,'13 - Results cannot be calculated for this reporting period.','2013-07-01','2016-06-30'),(987,3,2,11,'13 - Results cannot be calculated for this reporting period.','2013-07-01','2016-06-30'),(988,4,2,11,'13 - Results cannot be calculated for this reporting period.','2013-07-01','2016-06-30'),(989,6,2,11,'13 - Results cannot be calculated for this reporting period.','2013-07-01','2016-06-30'),(990,9,2,11,'13 - Results cannot be calculated for this reporting period.','2013-07-01','2016-06-30'),(991,11,2,11,'13 - Results cannot be calculated for this reporting period.','2013-07-01','2016-06-30'),(992,14,2,11,'13 - Results cannot be calculated for this reporting period.','2013-07-01','2016-06-30'),(993,15,2,11,'13 - Results cannot be calculated for this reporting period.','2013-07-01','2016-06-30'),(994,19,2,11,'13 - Results cannot be calculated for this reporting period.','2013-07-01','2016-06-30'),(995,20,2,11,'13 - Results cannot be calculated for this reporting period.','2013-07-01','2016-06-30'),(996,22,2,11,'13 - Results cannot be calculated for this reporting period.','2013-07-01','2016-06-30'),(997,23,2,11,'13 - Results cannot be calculated for this reporting period.','2013-07-01','2016-06-30'),(998,25,2,11,'13 - Results cannot be calculated for this reporting period.','2013-07-01','2016-06-30'),(999,27,2,11,'13 - Results cannot be calculated for this reporting period.','2013-07-01','2016-06-30'),(1000,29,2,11,'13 - Results cannot be calculated for this reporting period.','2013-07-01','2016-06-30'),(1001,30,2,11,'13 - Results cannot be calculated for this reporting period.','2013-07-01','2016-06-30'),(1002,31,2,11,'13 - Results cannot be calculated for this reporting period.','2013-07-01','2016-06-30'),(1003,32,2,11,'13 - Results cannot be calculated for this reporting period.','2013-07-01','2016-06-30'),(1004,33,2,11,'13 - Results cannot be calculated for this reporting period.','2013-07-01','2016-06-30'),(1005,34,2,11,'13 - Results cannot be calculated for this reporting period.','2013-07-01','2016-06-30'),(1006,35,2,11,'13 - Results cannot be calculated for this reporting period.','2013-07-01','2016-06-30'),(1007,36,2,11,'13 - Results cannot be calculated for this reporting period.','2013-07-01','2016-06-30'),(1008,38,2,11,'13 - Results cannot be calculated for this reporting period.','2013-07-01','2016-06-30'),(1009,42,2,11,'13 - Results cannot be calculated for this reporting period.','2013-07-01','2016-06-30'),(1010,45,2,11,'13 - Results cannot be calculated for this reporting period.','2013-07-01','2016-06-30'),(1011,71,2,11,'13 - Results cannot be calculated for this reporting period.','2013-07-01','2016-06-30'),(1012,81,2,11,'13 - Results cannot be calculated for this reporting period.','2013-07-01','2016-06-30'),(1013,86,2,11,'13 - Results cannot be calculated for this reporting period.','2013-07-01','2016-06-30'),(1014,91,2,11,'13 - Results cannot be calculated for this reporting period.','2013-07-01','2016-06-30'),(1015,101,2,11,'13 - Results cannot be calculated for this reporting period.','2013-07-01','2016-06-30'),(1016,102,2,11,'13 - Results cannot be calculated for this reporting period.','2013-07-01','2016-06-30'),(1017,109,2,11,'5 - Results are not available for this reporting period.','2013-07-01','2016-06-30'),(1018,110,2,11,'13 - Results cannot be calculated for this reporting period.','2013-07-01','2016-06-30'),(1019,118,2,11,'13 - Results cannot be calculated for this reporting period.','2013-07-01','2016-06-30'),(1020,120,2,11,'13 - Results cannot be calculated for this reporting period.','2013-07-01','2016-06-30'),(1021,121,2,11,'13 - Results cannot be calculated for this reporting period.','2013-07-01','2016-06-30'),(1022,123,2,11,'13 - Results cannot be calculated for this reporting period.','2013-07-01','2016-06-30'),(1023,125,2,11,'19 - Data are shown only for hospitals that participate in the Inpatient Quality Reporting (IQR) and','2013-07-01','2016-06-30'),(1024,127,2,11,'13 - Results cannot be calculated for this reporting period.','2013-07-01','2016-06-30'),(1025,128,2,11,'13 - Results cannot be calculated for this reporting period.','2013-07-01','2016-06-30'),(1026,129,2,11,'13 - Results cannot be calculated for this reporting period.','2013-07-01','2016-06-30'),(1027,140,2,11,'13 - Results cannot be calculated for this reporting period.','2013-07-01','2016-06-30'),(1028,141,2,11,'13 - Results cannot be calculated for this reporting period.','2013-07-01','2016-06-30'),(1029,142,2,11,'13 - Results cannot be calculated for this reporting period.','2013-07-01','2016-06-30'),(1030,145,2,11,'13 - Results cannot be calculated for this reporting period.','2013-07-01','2016-06-30'),(1031,148,2,11,'13 - Results cannot be calculated for this reporting period.','2013-07-01','2016-06-30'),(1032,150,2,11,'13 - Results cannot be calculated for this reporting period.','2013-07-01','2016-06-30'),(1033,154,2,11,'13 - Results cannot be calculated for this reporting period.','2013-07-01','2016-06-30'),(1034,156,2,11,'13 - Results cannot be calculated for this reporting period.','2013-07-01','2016-06-30'),(1035,164,2,11,'13 - Results cannot be calculated for this reporting period.','2013-07-01','2016-06-30'),(1036,165,2,11,'13 - Results cannot be calculated for this reporting period.','2013-07-01','2016-06-30'),(1037,167,2,11,'13 - Results cannot be calculated for this reporting period.','2013-07-01','2016-06-30'),(1038,168,2,11,'13 - Results cannot be calculated for this reporting period.','2013-07-01','2016-06-30'),(1039,170,2,11,'13 - Results cannot be calculated for this reporting period.','2013-07-01','2016-06-30'),(1040,172,2,11,'13 - Results cannot be calculated for this reporting period.','2013-07-01','2016-06-30'),(1041,179,2,11,'13 - Results cannot be calculated for this reporting period.','2013-07-01','2016-06-30'),(1042,185,2,11,'5 - Results are not available for this reporting period.','2013-07-01','2016-06-30'),(1043,186,2,11,'13 - Results cannot be calculated for this reporting period.','2013-07-01','2016-06-30'),(1044,188,2,11,'13 - Results cannot be calculated for this reporting period.','2013-07-01','2016-06-30'),(1045,193,2,11,'13 - Results cannot be calculated for this reporting period.','2013-07-01','2016-06-30'),(1046,194,2,11,'13 - Results cannot be calculated for this reporting period.','2013-07-01','2016-06-30'),(1047,196,2,11,'13 - Results cannot be calculated for this reporting period.','2013-07-01','2016-06-30'),(1048,199,2,11,'5 - Results are not available for this reporting period.','2013-07-01','2016-06-30'),(1049,202,2,11,'13 - Results cannot be calculated for this reporting period.','2013-07-01','2016-06-30'),(1050,212,2,11,'13 - Results cannot be calculated for this reporting period.','2013-07-01','2016-06-30'),(1051,213,2,11,'13 - Results cannot be calculated for this reporting period.','2013-07-01','2016-06-30'),(1052,218,2,11,'13 - Results cannot be calculated for this reporting period.','2013-07-01','2016-06-30'),(1053,220,2,11,'13 - Results cannot be calculated for this reporting period.','2013-07-01','2016-06-30'),(1054,227,2,11,'13 - Results cannot be calculated for this reporting period.','2013-07-01','2016-06-30'),(1055,229,2,11,'19 - Data are shown only for hospitals that participate in the Inpatient Quality Reporting (IQR) and','2013-07-01','2016-06-30'),(1056,230,2,11,'19 - Data are shown only for hospitals that participate in the Inpatient Quality Reporting (IQR) and','2013-07-01','2016-06-30'),(1057,233,2,11,'13 - Results cannot be calculated for this reporting period.','2013-07-01','2016-06-30'),(1058,242,2,11,'13 - Results cannot be calculated for this reporting period.','2013-07-01','2016-06-30'),(1059,243,2,11,'13 - Results cannot be calculated for this reporting period.','2013-07-01','2016-06-30'),(1060,244,2,11,'13 - Results cannot be calculated for this reporting period.','2013-07-01','2016-06-30'),(1061,245,2,11,'13 - Results cannot be calculated for this reporting period.','2013-07-01','2016-06-30'),(1062,247,2,11,'13 - Results cannot be calculated for this reporting period.','2013-07-01','2016-06-30'),(1063,252,2,11,'13 - Results cannot be calculated for this reporting period.','2013-07-01','2016-06-30'),(1064,253,2,11,'5 - Results are not available for this reporting period.','2013-07-01','2016-06-30'),(1065,257,2,11,'13 - Results cannot be calculated for this reporting period.','2013-07-01','2016-06-30'),(1066,259,2,11,'13 - Results cannot be calculated for this reporting period.','2013-07-01','2016-06-30'),(1067,260,2,11,'13 - Results cannot be calculated for this reporting period.','2013-07-01','2016-06-30'),(1068,261,2,11,'13 - Results cannot be calculated for this reporting period.','2013-07-01','2016-06-30'),(1069,262,2,11,'13 - Results cannot be calculated for this reporting period.','2013-07-01','2016-06-30'),(1070,263,2,11,'13 - Results cannot be calculated for this reporting period.','2013-07-01','2016-06-30'),(1071,264,2,11,'13 - Results cannot be calculated for this reporting period.','2013-07-01','2016-06-30'),(1072,266,2,11,'13 - Results cannot be calculated for this reporting period.','2013-07-01','2016-06-30'),(1073,267,2,11,'13 - Results cannot be calculated for this reporting period.','2013-07-01','2016-06-30'),(1074,270,2,11,'13 - Results cannot be calculated for this reporting period.','2013-07-01','2016-06-30'),(1075,272,2,11,'13 - Results cannot be calculated for this reporting period.','2013-07-01','2016-06-30'),(1076,273,2,11,'13 - Results cannot be calculated for this reporting period.','2013-07-01','2016-06-30'),(1077,274,2,11,'13 - Results cannot be calculated for this reporting period.','2013-07-01','2016-06-30'),(1078,277,2,11,'13 - Results cannot be calculated for this reporting period.','2013-07-01','2016-06-30'),(1079,279,2,11,'13 - Results cannot be calculated for this reporting period.','2013-07-01','2016-06-30'),(1080,280,2,11,'13 - Results cannot be calculated for this reporting period.','2013-07-01','2016-06-30'),(1081,281,2,11,'13 - Results cannot be calculated for this reporting period.','2013-07-01','2016-06-30'),(1082,282,2,11,'13 - Results cannot be calculated for this reporting period.','2013-07-01','2016-06-30'),(1083,283,2,11,'13 - Results cannot be calculated for this reporting period.','2013-07-01','2016-06-30'),(1084,284,2,11,'13 - Results cannot be calculated for this reporting period.','2013-07-01','2016-06-30'),(1085,286,2,11,'13 - Results cannot be calculated for this reporting period.','2013-07-01','2016-06-30'),(1086,287,2,11,'13 - Results cannot be calculated for this reporting period.','2013-07-01','2016-06-30'),(1087,288,2,11,'13 - Results cannot be calculated for this reporting period.','2013-07-01','2016-06-30'),(1088,289,2,11,'13 - Results cannot be calculated for this reporting period.','2013-07-01','2016-06-30'),(1089,290,2,11,'13 - Results cannot be calculated for this reporting period.','2013-07-01','2016-06-30'),(1090,291,2,11,'13 - Results cannot be calculated for this reporting period.','2013-07-01','2016-06-30'),(1091,292,2,11,'13 - Results cannot be calculated for this reporting period.','2013-07-01','2016-06-30'),(1092,293,2,11,'13 - Results cannot be calculated for this reporting period.','2013-07-01','2016-06-30'),(1093,294,2,11,'13 - Results cannot be calculated for this reporting period.','2013-07-01','2016-06-30'),(1094,295,2,11,'13 - Results cannot be calculated for this reporting period.','2013-07-01','2016-06-30'),(1095,296,2,11,'13 - Results cannot be calculated for this reporting period.','2013-07-01','2016-06-30'),(1096,297,2,11,'13 - Results cannot be calculated for this reporting period.','2013-07-01','2016-06-30'),(1097,298,2,11,'5 - Results are not available for this reporting period.','2013-07-01','2016-06-30'),(1098,299,2,11,'13 - Results cannot be calculated for this reporting period.','2013-07-01','2016-06-30'),(1099,300,2,11,'13 - Results cannot be calculated for this reporting period.','2013-07-01','2016-06-30'),(1100,308,2,11,'19 - Data are shown only for hospitals that participate in the Inpatient Quality Reporting (IQR) and','2013-07-01','2016-06-30'),(1101,309,2,11,'19 - Data are shown only for hospitals that participate in the Inpatient Quality Reporting (IQR) and','2013-07-01','2016-06-30'),(1102,310,2,11,'13 - Results cannot be calculated for this reporting period.','2013-07-01','2016-06-30'),(1103,313,2,11,'13 - Results cannot be calculated for this reporting period.','2013-07-01','2016-06-30'),(1104,314,2,11,'13 - Results cannot be calculated for this reporting period.','2013-07-01','2016-06-30'),(1105,316,2,11,'13 - Results cannot be calculated for this reporting period.','2013-07-01','2016-06-30'),(1106,317,2,11,'13 - Results cannot be calculated for this reporting period.','2013-07-01','2016-06-30'),(1107,318,2,11,'13 - Results cannot be calculated for this reporting period.','2013-07-01','2016-06-30'),(1108,321,2,11,'19 - Data are shown only for hospitals that participate in the Inpatient Quality Reporting (IQR) and','2013-07-01','2016-06-30'),(1109,325,2,11,'13 - Results cannot be calculated for this reporting period.','2013-07-01','2016-06-30'),(1110,327,2,11,'19 - Data are shown only for hospitals that participate in the Inpatient Quality Reporting (IQR) and','2013-07-01','2016-06-30'),(1111,330,2,11,'13 - Results cannot be calculated for this reporting period.','2013-07-01','2016-06-30'),(1112,331,2,11,'13 - Results cannot be calculated for this reporting period.','2013-07-01','2016-06-30'),(1113,340,2,11,'13 - Results cannot be calculated for this reporting period.','2013-07-01','2016-06-30'),(1114,342,2,11,'13 - Results cannot be calculated for this reporting period.','2013-07-01','2016-06-30'),(1115,343,2,11,'13 - Results cannot be calculated for this reporting period.','2013-07-01','2016-06-30'),(1116,345,2,11,'13 - Results cannot be calculated for this reporting period.','2013-07-01','2016-06-30'),(1117,346,2,11,'13 - Results cannot be calculated for this reporting period.','2013-07-01','2016-06-30'),(1118,347,2,11,'13 - Results cannot be calculated for this reporting period.','2013-07-01','2016-06-30'),(1119,348,2,11,'13 - Results cannot be calculated for this reporting period.','2013-07-01','2016-06-30'),(1120,349,2,11,'13 - Results cannot be calculated for this reporting period.','2013-07-01','2016-06-30'),(1121,350,2,11,'13 - Results cannot be calculated for this reporting period.','2013-07-01','2016-06-30'),(1122,351,2,11,'13 - Results cannot be calculated for this reporting period.','2013-07-01','2016-06-30'),(1123,352,2,11,'19 - Data are shown only for hospitals that participate in the Inpatient Quality Reporting (IQR) and','2013-07-01','2016-06-30'),(1124,353,2,11,'13 - Results cannot be calculated for this reporting period.','2013-07-01','2016-06-30'),(1125,354,2,11,'13 - Results cannot be calculated for this reporting period.','2013-07-01','2016-06-30'),(1126,355,2,11,'13 - Results cannot be calculated for this reporting period.','2013-07-01','2016-06-30'),(1127,356,2,11,'13 - Results cannot be calculated for this reporting period.','2013-07-01','2016-06-30'),(1128,357,2,11,'13 - Results cannot be calculated for this reporting period.','2013-07-01','2016-06-30'),(1129,359,2,11,'13 - Results cannot be calculated for this reporting period.','2013-07-01','2016-06-30'),(1130,360,2,11,'13 - Results cannot be calculated for this reporting period.','2013-07-01','2016-06-30'),(1131,361,2,11,'13 - Results cannot be calculated for this reporting period.','2013-07-01','2016-06-30'),(1132,362,2,11,'13 - Results cannot be calculated for this reporting period.','2013-07-01','2016-06-30'),(1133,363,2,11,'13 - Results cannot be calculated for this reporting period.','2013-07-01','2016-06-30'),(1134,364,2,11,'13 - Results cannot be calculated for this reporting period.','2013-07-01','2016-06-30'),(1135,365,2,11,'13 - Results cannot be calculated for this reporting period.','2013-07-01','2016-06-30'),(1136,366,2,11,'13 - Results cannot be calculated for this reporting period.','2013-07-01','2016-06-30'),(1137,367,2,11,'13 - Results cannot be calculated for this reporting period.','2013-07-01','2016-06-30'),(1138,368,2,11,'13 - Results cannot be calculated for this reporting period.','2013-07-01','2016-06-30'),(1139,369,2,11,'13 - Results cannot be calculated for this reporting period.','2013-07-01','2016-06-30'),(1140,370,2,11,'13 - Results cannot be calculated for this reporting period.','2013-07-01','2016-06-30'),(1141,371,2,11,'13 - Results cannot be calculated for this reporting period.','2013-07-01','2016-06-30'),(1142,372,2,11,'13 - Results cannot be calculated for this reporting period.','2013-07-01','2016-06-30'),(1143,373,2,11,'13 - Results cannot be calculated for this reporting period.','2013-07-01','2016-06-30'),(1144,374,2,11,'13 - Results cannot be calculated for this reporting period.','2013-07-01','2016-06-30'),(1145,375,2,11,'13 - Results cannot be calculated for this reporting period.','2013-07-01','2016-06-30'),(1146,376,2,11,'13 - Results cannot be calculated for this reporting period.','2013-07-01','2016-06-30'),(1147,378,2,11,'13 - Results cannot be calculated for this reporting period.','2013-07-01','2016-06-30'),(1148,379,2,11,'13 - Results cannot be calculated for this reporting period.','2013-07-01','2016-06-30'),(1149,380,2,11,'13 - Results cannot be calculated for this reporting period.','2013-07-01','2016-06-30'),(1150,381,2,11,'13 - Results cannot be calculated for this reporting period.','2013-07-01','2016-06-30'),(1151,382,2,11,'13 - Results cannot be calculated for this reporting period.','2013-07-01','2016-06-30'),(1152,383,2,11,'13 - Results cannot be calculated for this reporting period.','2013-07-01','2016-06-30'),(1153,384,2,11,'13 - Results cannot be calculated for this reporting period.','2013-07-01','2016-06-30'),(1154,385,2,11,'13 - Results cannot be calculated for this reporting period.','2013-07-01','2016-06-30'),(1155,386,2,11,'13 - Results cannot be calculated for this reporting period.','2013-07-01','2016-06-30'),(1156,387,2,11,'13 - Results cannot be calculated for this reporting period.','2013-07-01','2016-06-30'),(1157,388,2,11,'13 - Results cannot be calculated for this reporting period.','2013-07-01','2016-06-30'),(1158,389,2,11,'13 - Results cannot be calculated for this reporting period.','2013-07-01','2016-06-30'),(1159,391,2,11,'13 - Results cannot be calculated for this reporting period.','2013-07-01','2016-06-30'),(1160,392,2,11,'13 - Results cannot be calculated for this reporting period.','2013-07-01','2016-06-30'),(1161,393,2,11,'13 - Results cannot be calculated for this reporting period.','2013-07-01','2016-06-30'),(1162,394,2,11,'13 - Results cannot be calculated for this reporting period.','2013-07-01','2016-06-30'),(1163,395,2,11,'13 - Results cannot be calculated for this reporting period.','2013-07-01','2016-06-30'),(1164,397,2,11,'13 - Results cannot be calculated for this reporting period.','2013-07-01','2016-06-30'),(1165,398,2,11,'13 - Results cannot be calculated for this reporting period.','2013-07-01','2016-06-30'),(1166,399,2,11,'13 - Results cannot be calculated for this reporting period.','2013-07-01','2016-06-30'),(1167,401,2,11,'13 - Results cannot be calculated for this reporting period.','2013-07-01','2016-06-30'),(1168,402,2,11,'13 - Results cannot be calculated for this reporting period.','2013-07-01','2016-06-30'),(1169,403,2,11,'13 - Results cannot be calculated for this reporting period.','2013-07-01','2016-06-30'),(1170,404,2,11,'13 - Results cannot be calculated for this reporting period.','2013-07-01','2016-06-30'),(1171,405,2,11,'13 - Results cannot be calculated for this reporting period.','2013-07-01','2016-06-30'),(1172,406,2,11,'13 - Results cannot be calculated for this reporting period.','2013-07-01','2016-06-30'),(1173,407,2,11,'13 - Results cannot be calculated for this reporting period.','2013-07-01','2016-06-30'),(1174,408,2,11,'13 - Results cannot be calculated for this reporting period.','2013-07-01','2016-06-30'),(1175,409,2,11,'13 - Results cannot be calculated for this reporting period.','2013-07-01','2016-06-30'),(1176,411,2,11,'13 - Results cannot be calculated for this reporting period.','2013-07-01','2016-06-30'),(1177,413,2,11,'13 - Results cannot be calculated for this reporting period.','2013-07-01','2016-06-30'),(1178,414,2,11,'13 - Results cannot be calculated for this reporting period.','2013-07-01','2016-06-30'),(1179,415,2,11,'13 - Results cannot be calculated for this reporting period.','2013-07-01','2016-06-30'),(1180,416,2,11,'13 - Results cannot be calculated for this reporting period.','2013-07-01','2016-06-30'),(1181,418,2,11,'19 - Data are shown only for hospitals that participate in the Inpatient Quality Reporting (IQR) and','2013-07-01','2016-06-30'),(1182,419,2,11,'13 - Results cannot be calculated for this reporting period.','2013-07-01','2016-06-30'),(1183,420,2,11,'13 - Results cannot be calculated for this reporting period.','2013-07-01','2016-06-30'),(1184,421,2,11,'13 - Results cannot be calculated for this reporting period.','2013-07-01','2016-06-30'),(1185,422,2,11,'13 - Results cannot be calculated for this reporting period.','2013-07-01','2016-06-30'),(1186,423,2,11,'13 - Results cannot be calculated for this reporting period.','2013-07-01','2016-06-30'),(1187,424,2,11,'13 - Results cannot be calculated for this reporting period.','2013-07-01','2016-06-30'),(1188,425,2,11,'13 - Results cannot be calculated for this reporting period.','2013-07-01','2016-06-30'),(1189,426,2,11,'13 - Results cannot be calculated for this reporting period.','2013-07-01','2016-06-30'),(1190,428,2,11,'13 - Results cannot be calculated for this reporting period.','2013-07-01','2016-06-30'),(1191,429,2,11,'13 - Results cannot be calculated for this reporting period.','2013-07-01','2016-06-30'),(1192,430,2,11,'13 - Results cannot be calculated for this reporting period.','2013-07-01','2016-06-30'),(1193,435,2,11,'13 - Results cannot be calculated for this reporting period.','2013-07-01','2016-06-30'),(1194,436,2,11,'13 - Results cannot be calculated for this reporting period.','2013-07-01','2016-06-30'),(1195,438,2,11,'13 - Results cannot be calculated for this reporting period.','2013-07-01','2016-06-30'),(1196,439,2,11,'13 - Results cannot be calculated for this reporting period.','2013-07-01','2016-06-30'),(1197,445,2,11,'13 - Results cannot be calculated for this reporting period.','2013-07-01','2016-06-30'),(1198,447,2,11,'19 - Data are shown only for hospitals that participate in the Inpatient Quality Reporting (IQR) and','2013-07-01','2016-06-30'),(1199,448,2,11,'13 - Results cannot be calculated for this reporting period.','2013-07-01','2016-06-30'),(1200,449,2,11,'5 - Results are not available for this reporting period.','2013-07-01','2016-06-30'),(1201,451,2,11,'13 - Results cannot be calculated for this reporting period.','2013-07-01','2016-06-30'),(1202,456,2,11,'19 - Data are shown only for hospitals that participate in the Inpatient Quality Reporting (IQR) and','2013-07-01','2016-06-30'),(1203,460,2,11,'13 - Results cannot be calculated for this reporting period.','2013-07-01','2016-06-30'),(1204,461,2,11,'19 - Data are shown only for hospitals that participate in the Inpatient Quality Reporting (IQR) and','2013-07-01','2016-06-30'),(1205,462,2,11,'13 - Results cannot be calculated for this reporting period.','2013-07-01','2016-06-30'),(1206,466,2,11,'13 - Results cannot be calculated for this reporting period.','2013-07-01','2016-06-30'),(1207,467,2,11,'13 - Results cannot be calculated for this reporting period.','2013-07-01','2016-06-30'),(1208,468,2,11,'13 - Results cannot be calculated for this reporting period.','2013-07-01','2016-06-30'),(1209,469,2,11,'13 - Results cannot be calculated for this reporting period.','2013-07-01','2016-06-30'),(1210,470,2,11,'13 - Results cannot be calculated for this reporting period.','2013-07-01','2016-06-30'),(1211,471,2,11,'13 - Results cannot be calculated for this reporting period.','2013-07-01','2016-06-30'),(1212,472,2,11,'19 - Data are shown only for hospitals that participate in the Inpatient Quality Reporting (IQR) and','2013-07-01','2016-06-30'),(1213,473,2,11,'13 - Results cannot be calculated for this reporting period.','2013-07-01','2016-06-30'),(1214,474,2,11,'13 - Results cannot be calculated for this reporting period.','2013-07-01','2016-06-30'),(1215,3,3,11,'13 - Results cannot be calculated for this reporting period.','2013-07-01','2016-06-30'),(1216,4,3,11,'13 - Results cannot be calculated for this reporting period.','2013-07-01','2016-06-30'),(1217,6,3,11,'13 - Results cannot be calculated for this reporting period.','2013-07-01','2016-06-30'),(1218,7,3,11,'13 - Results cannot be calculated for this reporting period.','2013-07-01','2016-06-30'),(1219,9,3,11,'13 - Results cannot be calculated for this reporting period.','2013-07-01','2016-06-30'),(1220,11,3,11,'13 - Results cannot be calculated for this reporting period.','2013-07-01','2016-06-30'),(1221,14,3,11,'13 - Results cannot be calculated for this reporting period.','2013-07-01','2016-06-30'),(1222,15,3,11,'13 - Results cannot be calculated for this reporting period.','2013-07-01','2016-06-30'),(1223,19,3,11,'13 - Results cannot be calculated for this reporting period.','2013-07-01','2016-06-30'),(1224,20,3,11,'13 - Results cannot be calculated for this reporting period.','2013-07-01','2016-06-30'),(1225,22,3,11,'13 - Results cannot be calculated for this reporting period.','2013-07-01','2016-06-30'),(1226,23,3,11,'13 - Results cannot be calculated for this reporting period.','2013-07-01','2016-06-30'),(1227,25,3,11,'13 - Results cannot be calculated for this reporting period.','2013-07-01','2016-06-30'),(1228,29,3,11,'13 - Results cannot be calculated for this reporting period.','2013-07-01','2016-06-30'),(1229,30,3,11,'13 - Results cannot be calculated for this reporting period.','2013-07-01','2016-06-30'),(1230,31,3,11,'13 - Results cannot be calculated for this reporting period.','2013-07-01','2016-06-30'),(1231,33,3,11,'13 - Results cannot be calculated for this reporting period.','2013-07-01','2016-06-30'),(1232,34,3,11,'13 - Results cannot be calculated for this reporting period.','2013-07-01','2016-06-30'),(1233,35,3,11,'13 - Results cannot be calculated for this reporting period.','2013-07-01','2016-06-30'),(1234,38,3,11,'13 - Results cannot be calculated for this reporting period.','2013-07-01','2016-06-30'),(1235,45,3,11,'13 - Results cannot be calculated for this reporting period.','2013-07-01','2016-06-30'),(1236,71,3,11,'13 - Results cannot be calculated for this reporting period.','2013-07-01','2016-06-30'),(1237,81,3,11,'13 - Results cannot be calculated for this reporting period.','2013-07-01','2016-06-30'),(1238,101,3,11,'13 - Results cannot be calculated for this reporting period.','2013-07-01','2016-06-30'),(1239,102,3,11,'13 - Results cannot be calculated for this reporting period.','2013-07-01','2016-06-30'),(1240,109,3,11,'5 - Results are not available for this reporting period.','2013-07-01','2016-06-30'),(1241,110,3,11,'13 - Results cannot be calculated for this reporting period.','2013-07-01','2016-06-30'),(1242,118,3,11,'13 - Results cannot be calculated for this reporting period.','2013-07-01','2016-06-30'),(1243,121,3,11,'13 - Results cannot be calculated for this reporting period.','2013-07-01','2016-06-30'),(1244,123,3,11,'13 - Results cannot be calculated for this reporting period.','2013-07-01','2016-06-30'),(1245,125,3,11,'19 - Data are shown only for hospitals that participate in the Inpatient Quality Reporting (IQR) and','2013-07-01','2016-06-30'),(1246,141,3,11,'13 - Results cannot be calculated for this reporting period.','2013-07-01','2016-06-30'),(1247,142,3,11,'13 - Results cannot be calculated for this reporting period.','2013-07-01','2016-06-30'),(1248,159,3,11,'13 - Results cannot be calculated for this reporting period.','2013-07-01','2016-06-30'),(1249,161,3,11,'13 - Results cannot be calculated for this reporting period.','2013-07-01','2016-06-30'),(1250,167,3,11,'13 - Results cannot be calculated for this reporting period.','2013-07-01','2016-06-30'),(1251,172,3,11,'13 - Results cannot be calculated for this reporting period.','2013-07-01','2016-06-30'),(1252,176,3,11,'13 - Results cannot be calculated for this reporting period.','2013-07-01','2016-06-30'),(1253,179,3,11,'13 - Results cannot be calculated for this reporting period.','2013-07-01','2016-06-30'),(1254,190,3,11,'13 - Results cannot be calculated for this reporting period.','2013-07-01','2016-06-30'),(1255,191,3,11,'19 - Data are shown only for hospitals that participate in the Inpatient Quality Reporting (IQR) and','2013-07-01','2016-06-30'),(1256,193,3,11,'13 - Results cannot be calculated for this reporting period.','2013-07-01','2016-06-30'),(1257,195,3,11,'13 - Results cannot be calculated for this reporting period.','2013-07-01','2016-06-30'),(1258,204,3,11,'13 - Results cannot be calculated for this reporting period.','2013-07-01','2016-06-30'),(1259,216,3,11,'13 - Results cannot be calculated for this reporting period.','2013-07-01','2016-06-30'),(1260,227,3,11,'13 - Results cannot be calculated for this reporting period.','2013-07-01','2016-06-30'),(1261,229,3,11,'19 - Data are shown only for hospitals that participate in the Inpatient Quality Reporting (IQR) and','2013-07-01','2016-06-30'),(1262,230,3,11,'19 - Data are shown only for hospitals that participate in the Inpatient Quality Reporting (IQR) and','2013-07-01','2016-06-30'),(1263,233,3,11,'13 - Results cannot be calculated for this reporting period.','2013-07-01','2016-06-30'),(1264,248,3,11,'13 - Results cannot be calculated for this reporting period.','2013-07-01','2016-06-30'),(1265,253,3,11,'5 - Results are not available for this reporting period.','2013-07-01','2016-06-30'),(1266,258,3,11,'13 - Results cannot be calculated for this reporting period.','2013-07-01','2016-06-30'),(1267,260,3,11,'13 - Results cannot be calculated for this reporting period.','2013-07-01','2016-06-30'),(1268,261,3,11,'13 - Results cannot be calculated for this reporting period.','2013-07-01','2016-06-30'),(1269,262,3,11,'13 - Results cannot be calculated for this reporting period.','2013-07-01','2016-06-30'),(1270,263,3,11,'13 - Results cannot be calculated for this reporting period.','2013-07-01','2016-06-30'),(1271,264,3,11,'13 - Results cannot be calculated for this reporting period.','2013-07-01','2016-06-30'),(1272,265,3,11,'13 - Results cannot be calculated for this reporting period.','2013-07-01','2016-06-30'),(1273,270,3,11,'13 - Results cannot be calculated for this reporting period.','2013-07-01','2016-06-30'),(1274,273,3,11,'13 - Results cannot be calculated for this reporting period.','2013-07-01','2016-06-30'),(1275,281,3,11,'13 - Results cannot be calculated for this reporting period.','2013-07-01','2016-06-30'),(1276,283,3,11,'13 - Results cannot be calculated for this reporting period.','2013-07-01','2016-06-30'),(1277,286,3,11,'13 - Results cannot be calculated for this reporting period.','2013-07-01','2016-06-30'),(1278,287,3,11,'13 - Results cannot be calculated for this reporting period.','2013-07-01','2016-06-30'),(1279,289,3,11,'13 - Results cannot be calculated for this reporting period.','2013-07-01','2016-06-30'),(1280,290,3,11,'13 - Results cannot be calculated for this reporting period.','2013-07-01','2016-06-30'),(1281,291,3,11,'13 - Results cannot be calculated for this reporting period.','2013-07-01','2016-06-30'),(1282,292,3,11,'13 - Results cannot be calculated for this reporting period.','2013-07-01','2016-06-30'),(1283,293,3,11,'13 - Results cannot be calculated for this reporting period.','2013-07-01','2016-06-30'),(1284,295,3,11,'13 - Results cannot be calculated for this reporting period.','2013-07-01','2016-06-30'),(1285,296,3,11,'13 - Results cannot be calculated for this reporting period.','2013-07-01','2016-06-30'),(1286,297,3,11,'13 - Results cannot be calculated for this reporting period.','2013-07-01','2016-06-30'),(1287,298,3,11,'5 - Results are not available for this reporting period.','2013-07-01','2016-06-30'),(1288,299,3,11,'13 - Results cannot be calculated for this reporting period.','2013-07-01','2016-06-30'),(1289,300,3,11,'13 - Results cannot be calculated for this reporting period.','2013-07-01','2016-06-30'),(1290,308,3,11,'19 - Data are shown only for hospitals that participate in the Inpatient Quality Reporting (IQR) and','2013-07-01','2016-06-30'),(1291,309,3,11,'19 - Data are shown only for hospitals that participate in the Inpatient Quality Reporting (IQR) and','2013-07-01','2016-06-30'),(1292,310,3,11,'13 - Results cannot be calculated for this reporting period.','2013-07-01','2016-06-30'),(1293,313,3,11,'13 - Results cannot be calculated for this reporting period.','2013-07-01','2016-06-30'),(1294,321,3,11,'19 - Data are shown only for hospitals that participate in the Inpatient Quality Reporting (IQR) and','2013-07-01','2016-06-30'),(1295,326,3,11,'13 - Results cannot be calculated for this reporting period.','2013-07-01','2016-06-30'),(1296,327,3,11,'19 - Data are shown only for hospitals that participate in the Inpatient Quality Reporting (IQR) and','2013-07-01','2016-06-30'),(1297,346,3,11,'13 - Results cannot be calculated for this reporting period.','2013-07-01','2016-06-30'),(1298,348,3,11,'13 - Results cannot be calculated for this reporting period.','2013-07-01','2016-06-30'),(1299,349,3,11,'13 - Results cannot be calculated for this reporting period.','2013-07-01','2016-06-30'),(1300,350,3,11,'13 - Results cannot be calculated for this reporting period.','2013-07-01','2016-06-30'),(1301,351,3,11,'13 - Results cannot be calculated for this reporting period.','2013-07-01','2016-06-30'),(1302,352,3,11,'19 - Data are shown only for hospitals that participate in the Inpatient Quality Reporting (IQR) and','2013-07-01','2016-06-30'),(1303,353,3,11,'13 - Results cannot be calculated for this reporting period.','2013-07-01','2016-06-30'),(1304,354,3,11,'13 - Results cannot be calculated for this reporting period.','2013-07-01','2016-06-30'),(1305,356,3,11,'13 - Results cannot be calculated for this reporting period.','2013-07-01','2016-06-30'),(1306,357,3,11,'13 - Results cannot be calculated for this reporting period.','2013-07-01','2016-06-30'),(1307,360,3,11,'13 - Results cannot be calculated for this reporting period.','2013-07-01','2016-06-30'),(1308,361,3,11,'13 - Results cannot be calculated for this reporting period.','2013-07-01','2016-06-30'),(1309,363,3,11,'13 - Results cannot be calculated for this reporting period.','2013-07-01','2016-06-30'),(1310,365,3,11,'13 - Results cannot be calculated for this reporting period.','2013-07-01','2016-06-30'),(1311,366,3,11,'13 - Results cannot be calculated for this reporting period.','2013-07-01','2016-06-30'),(1312,369,3,11,'13 - Results cannot be calculated for this reporting period.','2013-07-01','2016-06-30'),(1313,370,3,11,'13 - Results cannot be calculated for this reporting period.','2013-07-01','2016-06-30'),(1314,371,3,11,'13 - Results cannot be calculated for this reporting period.','2013-07-01','2016-06-30'),(1315,372,3,11,'13 - Results cannot be calculated for this reporting period.','2013-07-01','2016-06-30'),(1316,373,3,11,'13 - Results cannot be calculated for this reporting period.','2013-07-01','2016-06-30'),(1317,374,3,11,'13 - Results cannot be calculated for this reporting period.','2013-07-01','2016-06-30'),(1318,375,3,11,'13 - Results cannot be calculated for this reporting period.','2013-07-01','2016-06-30'),(1319,376,3,11,'13 - Results cannot be calculated for this reporting period.','2013-07-01','2016-06-30'),(1320,378,3,11,'13 - Results cannot be calculated for this reporting period.','2013-07-01','2016-06-30'),(1321,379,3,11,'13 - Results cannot be calculated for this reporting period.','2013-07-01','2016-06-30'),(1322,380,3,11,'13 - Results cannot be calculated for this reporting period.','2013-07-01','2016-06-30'),(1323,381,3,11,'13 - Results cannot be calculated for this reporting period.','2013-07-01','2016-06-30'),(1324,384,3,11,'13 - Results cannot be calculated for this reporting period.','2013-07-01','2016-06-30'),(1325,385,3,11,'13 - Results cannot be calculated for this reporting period.','2013-07-01','2016-06-30'),(1326,386,3,11,'13 - Results cannot be calculated for this reporting period.','2013-07-01','2016-06-30'),(1327,387,3,11,'13 - Results cannot be calculated for this reporting period.','2013-07-01','2016-06-30'),(1328,389,3,11,'13 - Results cannot be calculated for this reporting period.','2013-07-01','2016-06-30'),(1329,397,3,11,'13 - Results cannot be calculated for this reporting period.','2013-07-01','2016-06-30'),(1330,403,3,11,'13 - Results cannot be calculated for this reporting period.','2013-07-01','2016-06-30'),(1331,404,3,11,'13 - Results cannot be calculated for this reporting period.','2013-07-01','2016-06-30'),(1332,405,3,11,'13 - Results cannot be calculated for this reporting period.','2013-07-01','2016-06-30'),(1333,406,3,11,'13 - Results cannot be calculated for this reporting period.','2013-07-01','2016-06-30'),(1334,407,3,11,'13 - Results cannot be calculated for this reporting period.','2013-07-01','2016-06-30'),(1335,409,3,11,'13 - Results cannot be calculated for this reporting period.','2013-07-01','2016-06-30'),(1336,414,3,11,'13 - Results cannot be calculated for this reporting period.','2013-07-01','2016-06-30'),(1337,415,3,11,'13 - Results cannot be calculated for this reporting period.','2013-07-01','2016-06-30'),(1338,416,3,11,'13 - Results cannot be calculated for this reporting period.','2013-07-01','2016-06-30'),(1339,418,3,11,'19 - Data are shown only for hospitals that participate in the Inpatient Quality Reporting (IQR) and','2013-07-01','2016-06-30'),(1340,419,3,11,'13 - Results cannot be calculated for this reporting period.','2013-07-01','2016-06-30'),(1341,420,3,11,'13 - Results cannot be calculated for this reporting period.','2013-07-01','2016-06-30'),(1342,421,3,11,'13 - Results cannot be calculated for this reporting period.','2013-07-01','2016-06-30'),(1343,423,3,11,'13 - Results cannot be calculated for this reporting period.','2013-07-01','2016-06-30'),(1344,424,3,11,'13 - Results cannot be calculated for this reporting period.','2013-07-01','2016-06-30'),(1345,425,3,11,'13 - Results cannot be calculated for this reporting period.','2013-07-01','2016-06-30'),(1346,426,3,11,'13 - Results cannot be calculated for this reporting period.','2013-07-01','2016-06-30'),(1347,428,3,11,'13 - Results cannot be calculated for this reporting period.','2013-07-01','2016-06-30'),(1348,429,3,11,'13 - Results cannot be calculated for this reporting period.','2013-07-01','2016-06-30'),(1349,432,3,11,'13 - Results cannot be calculated for this reporting period.','2013-07-01','2016-06-30'),(1350,436,3,11,'13 - Results cannot be calculated for this reporting period.','2013-07-01','2016-06-30'),(1351,439,3,11,'13 - Results cannot be calculated for this reporting period.','2013-07-01','2016-06-30'),(1352,443,3,11,'19 - Data are shown only for hospitals that participate in the Inpatient Quality Reporting (IQR) and','2013-07-01','2016-06-30'),(1353,447,3,11,'19 - Data are shown only for hospitals that participate in the Inpatient Quality Reporting (IQR) and','2013-07-01','2016-06-30'),(1354,448,3,11,'13 - Results cannot be calculated for this reporting period.','2013-07-01','2016-06-30'),(1355,449,3,11,'5 - Results are not available for this reporting period.','2013-07-01','2016-06-30'),(1356,451,3,11,'13 - Results cannot be calculated for this reporting period.','2013-07-01','2016-06-30'),(1357,456,3,11,'19 - Data are shown only for hospitals that participate in the Inpatient Quality Reporting (IQR) and','2013-07-01','2016-06-30'),(1358,461,3,11,'19 - Data are shown only for hospitals that participate in the Inpatient Quality Reporting (IQR) and','2013-07-01','2016-06-30'),(1359,469,3,11,'13 - Results cannot be calculated for this reporting period.','2013-07-01','2016-06-30'),(1360,470,3,11,'13 - Results cannot be calculated for this reporting period.','2013-07-01','2016-06-30'),(1361,471,3,11,'13 - Results cannot be calculated for this reporting period.','2013-07-01','2016-06-30'),(1362,472,3,11,'19 - Data are shown only for hospitals that participate in the Inpatient Quality Reporting (IQR) and','2013-07-01','2016-06-30'),(1363,473,3,11,'13 - Results cannot be calculated for this reporting period.','2013-07-01','2016-06-30'),(1364,474,3,11,'13 - Results cannot be calculated for this reporting period.','2013-07-01','2016-06-30'),(1365,3,4,11,'13 - Results cannot be calculated for this reporting period.','2013-07-01','2016-06-30'),(1366,9,4,11,'13 - Results cannot be calculated for this reporting period.','2013-07-01','2016-06-30'),(1367,11,4,11,'13 - Results cannot be calculated for this reporting period.','2013-07-01','2016-06-30'),(1368,15,4,11,'13 - Results cannot be calculated for this reporting period.','2013-07-01','2016-06-30'),(1369,19,4,11,'13 - Results cannot be calculated for this reporting period.','2013-07-01','2016-06-30'),(1370,20,4,11,'13 - Results cannot be calculated for this reporting period.','2013-07-01','2016-06-30'),(1371,22,4,11,'13 - Results cannot be calculated for this reporting period.','2013-07-01','2016-06-30'),(1372,23,4,11,'13 - Results cannot be calculated for this reporting period.','2013-07-01','2016-06-30'),(1373,30,4,11,'13 - Results cannot be calculated for this reporting period.','2013-07-01','2016-06-30'),(1374,31,4,11,'13 - Results cannot be calculated for this reporting period.','2013-07-01','2016-06-30'),(1375,33,4,11,'13 - Results cannot be calculated for this reporting period.','2013-07-01','2016-06-30'),(1376,34,4,11,'13 - Results cannot be calculated for this reporting period.','2013-07-01','2016-06-30'),(1377,35,4,11,'13 - Results cannot be calculated for this reporting period.','2013-07-01','2016-06-30'),(1378,45,4,11,'13 - Results cannot be calculated for this reporting period.','2013-07-01','2016-06-30'),(1379,81,4,11,'13 - Results cannot be calculated for this reporting period.','2013-07-01','2016-06-30'),(1380,101,4,11,'13 - Results cannot be calculated for this reporting period.','2013-07-01','2016-06-30'),(1381,102,4,11,'13 - Results cannot be calculated for this reporting period.','2013-07-01','2016-06-30'),(1382,109,4,11,'5 - Results are not available for this reporting period.','2013-07-01','2016-06-30'),(1383,110,4,11,'13 - Results cannot be calculated for this reporting period.','2013-07-01','2016-06-30'),(1384,118,4,11,'13 - Results cannot be calculated for this reporting period.','2013-07-01','2016-06-30'),(1385,125,4,11,'19 - Data are shown only for hospitals that participate in the Inpatient Quality Reporting (IQR) and','2013-07-01','2016-06-30'),(1386,167,4,11,'13 - Results cannot be calculated for this reporting period.','2013-07-01','2016-06-30'),(1387,179,4,11,'13 - Results cannot be calculated for this reporting period.','2013-07-01','2016-06-30'),(1388,185,4,11,'5 - Results are not available for this reporting period.','2013-07-01','2016-06-30'),(1389,187,4,11,'13 - Results cannot be calculated for this reporting period.','2013-07-01','2016-06-30'),(1390,188,4,11,'13 - Results cannot be calculated for this reporting period.','2013-07-01','2016-06-30'),(1391,190,4,11,'13 - Results cannot be calculated for this reporting period.','2013-07-01','2016-06-30'),(1392,193,4,11,'13 - Results cannot be calculated for this reporting period.','2013-07-01','2016-06-30'),(1393,199,4,11,'5 - Results are not available for this reporting period.','2013-07-01','2016-06-30'),(1394,227,4,11,'13 - Results cannot be calculated for this reporting period.','2013-07-01','2016-06-30'),(1395,229,4,11,'19 - Data are shown only for hospitals that participate in the Inpatient Quality Reporting (IQR) and','2013-07-01','2016-06-30'),(1396,230,4,11,'19 - Data are shown only for hospitals that participate in the Inpatient Quality Reporting (IQR) and','2013-07-01','2016-06-30'),(1397,233,4,11,'13 - Results cannot be calculated for this reporting period.','2013-07-01','2016-06-30'),(1398,248,4,11,'13 - Results cannot be calculated for this reporting period.','2013-07-01','2016-06-30'),(1399,250,4,11,'19 - Data are shown only for hospitals that participate in the Inpatient Quality Reporting (IQR) and','2013-07-01','2016-06-30'),(1400,254,4,11,'19 - Data are shown only for hospitals that participate in the Inpatient Quality Reporting (IQR) and','2013-07-01','2016-06-30'),(1401,262,4,11,'13 - Results cannot be calculated for this reporting period.','2013-07-01','2016-06-30'),(1402,281,4,11,'13 - Results cannot be calculated for this reporting period.','2013-07-01','2016-06-30'),(1403,283,4,11,'13 - Results cannot be calculated for this reporting period.','2013-07-01','2016-06-30'),(1404,285,4,11,'5 - Results are not available for this reporting period.','2013-07-01','2016-06-30'),(1405,287,4,11,'13 - Results cannot be calculated for this reporting period.','2013-07-01','2016-06-30'),(1406,289,4,11,'13 - Results cannot be calculated for this reporting period.','2013-07-01','2016-06-30'),(1407,291,4,11,'13 - Results cannot be calculated for this reporting period.','2013-07-01','2016-06-30'),(1408,295,4,11,'13 - Results cannot be calculated for this reporting period.','2013-07-01','2016-06-30'),(1409,296,4,11,'13 - Results cannot be calculated for this reporting period.','2013-07-01','2016-06-30'),(1410,297,4,11,'13 - Results cannot be calculated for this reporting period.','2013-07-01','2016-06-30'),(1411,298,4,11,'5 - Results are not available for this reporting period.','2013-07-01','2016-06-30'),(1412,299,4,11,'13 - Results cannot be calculated for this reporting period.','2013-07-01','2016-06-30'),(1413,300,4,11,'13 - Results cannot be calculated for this reporting period.','2013-07-01','2016-06-30'),(1414,308,4,11,'19 - Data are shown only for hospitals that participate in the Inpatient Quality Reporting (IQR) and','2013-07-01','2016-06-30'),(1415,309,4,11,'19 - Data are shown only for hospitals that participate in the Inpatient Quality Reporting (IQR) and','2013-07-01','2016-06-30'),(1416,310,4,11,'13 - Results cannot be calculated for this reporting period.','2013-07-01','2016-06-30'),(1417,321,4,11,'19 - Data are shown only for hospitals that participate in the Inpatient Quality Reporting (IQR) and','2013-07-01','2016-06-30'),(1418,327,4,11,'19 - Data are shown only for hospitals that participate in the Inpatient Quality Reporting (IQR) and','2013-07-01','2016-06-30'),(1419,332,4,11,'19 - Data are shown only for hospitals that participate in the Inpatient Quality Reporting (IQR) and','2013-07-01','2016-06-30'),(1420,349,4,11,'13 - Results cannot be calculated for this reporting period.','2013-07-01','2016-06-30'),(1421,352,4,11,'19 - Data are shown only for hospitals that participate in the Inpatient Quality Reporting (IQR) and','2013-07-01','2016-06-30'),(1422,354,4,11,'13 - Results cannot be calculated for this reporting period.','2013-07-01','2016-06-30'),(1423,357,4,11,'13 - Results cannot be calculated for this reporting period.','2013-07-01','2016-06-30'),(1424,365,4,11,'13 - Results cannot be calculated for this reporting period.','2013-07-01','2016-06-30'),(1425,369,4,11,'13 - Results cannot be calculated for this reporting period.','2013-07-01','2016-06-30'),(1426,372,4,11,'13 - Results cannot be calculated for this reporting period.','2013-07-01','2016-06-30'),(1427,385,4,11,'13 - Results cannot be calculated for this reporting period.','2013-07-01','2016-06-30'),(1428,389,4,11,'13 - Results cannot be calculated for this reporting period.','2013-07-01','2016-06-30'),(1429,397,4,11,'13 - Results cannot be calculated for this reporting period.','2013-07-01','2016-06-30'),(1430,403,4,11,'13 - Results cannot be calculated for this reporting period.','2013-07-01','2016-06-30'),(1431,404,4,11,'13 - Results cannot be calculated for this reporting period.','2013-07-01','2016-06-30'),(1432,418,4,11,'19 - Data are shown only for hospitals that participate in the Inpatient Quality Reporting (IQR) and','2013-07-01','2016-06-30'),(1433,419,4,11,'13 - Results cannot be calculated for this reporting period.','2013-07-01','2016-06-30'),(1434,420,4,11,'13 - Results cannot be calculated for this reporting period.','2013-07-01','2016-06-30'),(1435,426,4,11,'13 - Results cannot be calculated for this reporting period.','2013-07-01','2016-06-30'),(1436,436,4,11,'13 - Results cannot be calculated for this reporting period.','2013-07-01','2016-06-30'),(1437,439,4,11,'13 - Results cannot be calculated for this reporting period.','2013-07-01','2016-06-30'),(1438,447,4,11,'19 - Data are shown only for hospitals that participate in the Inpatient Quality Reporting (IQR) and','2013-07-01','2016-06-30'),(1439,448,4,11,'13 - Results cannot be calculated for this reporting period.','2013-07-01','2016-06-30'),(1440,449,4,11,'5 - Results are not available for this reporting period.','2013-07-01','2016-06-30'),(1441,451,4,11,'13 - Results cannot be calculated for this reporting period.','2013-07-01','2016-06-30'),(1442,456,4,11,'19 - Data are shown only for hospitals that participate in the Inpatient Quality Reporting (IQR) and','2013-07-01','2016-06-30'),(1443,461,4,11,'19 - Data are shown only for hospitals that participate in the Inpatient Quality Reporting (IQR) and','2013-07-01','2016-06-30'),(1444,469,4,11,'13 - Results cannot be calculated for this reporting period.','2013-07-01','2016-06-30'),(1445,470,4,11,'13 - Results cannot be calculated for this reporting period.','2013-07-01','2016-06-30'),(1446,471,4,11,'13 - Results cannot be calculated for this reporting period.','2013-07-01','2016-06-30'),(1447,472,4,11,'19 - Data are shown only for hospitals that participate in the Inpatient Quality Reporting (IQR) and','2013-07-01','2016-06-30'),(1448,474,4,11,'13 - Results cannot be calculated for this reporting period.','2013-07-01','2016-06-30'),(1449,99,1,12,'NA','2013-04-01','2016-03-31'),(1450,39,1,13,'NA','2013-04-01','2016-03-31'),(1451,67,1,13,'NA','2013-04-01','2016-03-31'),(1452,116,1,13,'NA','2013-04-01','2016-03-31'),(1453,240,1,14,'NA','2013-04-01','2016-03-31'),(1454,307,2,15,'NA','2013-07-01','2016-06-30'),(1455,138,3,15,'NA','2013-07-01','2016-06-30'),(1456,217,3,15,'NA','2013-07-01','2016-06-30'),(1457,347,3,15,'NA','2013-07-01','2016-06-30'),(1458,396,3,15,'NA','2013-07-01','2016-06-30'),(1459,465,3,15,'NA','2013-07-01','2016-06-30'),(1460,13,4,15,'NA','2013-07-01','2016-06-30'),(1461,29,4,15,'NA','2013-07-01','2016-06-30'),(1462,113,4,15,'NA','2013-07-01','2016-06-30'),(1463,139,4,15,'NA','2013-07-01','2016-06-30'),(1464,234,4,15,'NA','2013-07-01','2016-06-30'),(1465,465,4,15,'NA','2013-07-01','2016-06-30'),(1466,465,2,16,'NA','2013-07-01','2016-06-30'),(1467,341,3,16,'NA','2013-07-01','2016-06-30'),(1468,440,3,16,'NA','2013-07-01','2016-06-30'),(1469,104,4,16,'NA','2013-07-01','2016-06-30'),(1470,111,4,16,'NA','2013-07-01','2016-06-30'),(1471,28,3,17,'NA','2013-07-01','2016-06-30'),(1472,311,3,17,'NA','2013-07-01','2016-06-30'),(1473,315,3,17,'NA','2013-07-01','2016-06-30'),(1474,463,3,17,'NA','2013-07-01','2016-06-30'),(1475,464,3,17,'NA','2013-07-01','2016-06-30'),(1476,1,4,17,'NA','2013-07-01','2016-06-30'),(1477,27,4,17,'NA','2013-07-01','2016-06-30'),(1478,28,4,17,'NA','2013-07-01','2016-06-30'),(1479,138,4,17,'NA','2013-07-01','2016-06-30'),(1480,39,NULL,NULL,'Better mortality and average payment','0000-00-00','2013-07-01'),(1481,66,NULL,NULL,'Average mortality and higher payment','0000-00-00','2013-07-01'),(1482,67,NULL,NULL,'Average mortality and higher payment','0000-00-00','2013-07-01'),(1483,69,NULL,NULL,'Average mortality and average payment','0000-00-00','2013-07-01'),(1484,75,NULL,NULL,'Average mortality and higher payment','0000-00-00','2013-07-01'),(1485,77,NULL,NULL,'Average mortality and average payment','0000-00-00','2013-07-01'),(1486,132,NULL,NULL,'Average mortality and average payment','0000-00-00','2013-07-01'),(1487,132,NULL,NULL,'Average complications and average payment','0000-00-00','2013-04-01'),(1488,132,NULL,NULL,'Average mortality and lower payment','0000-00-00','2013-07-01'),(1489,181,NULL,NULL,'Average complications and average payment','0000-00-00','2013-04-01'),(1490,236,NULL,NULL,'Average mortality and average payment','0000-00-00','2013-07-01'),(1491,237,NULL,NULL,'Better mortality and average payment','0000-00-00','2013-07-01'),(1492,240,NULL,NULL,'Better mortality and higher payment','0000-00-00','2013-07-01'),(1493,306,NULL,NULL,'Better mortality and higher payment','0000-00-00','2013-07-01'),(1494,306,NULL,NULL,'Average mortality and higher payment','0000-00-00','2013-07-01'),(1495,315,NULL,NULL,'Average mortality and lower payment','0000-00-00','2013-07-01'),(1496,320,NULL,NULL,'Average complications and lower payment','0000-00-00','2013-04-01'),(1497,322,NULL,NULL,'Average mortality and average payment','0000-00-00','2013-07-01'),(1498,322,NULL,NULL,'Average complications and lower payment','0000-00-00','2013-04-01'),(1499,404,NULL,NULL,'Average complications and lower payment','0000-00-00','2013-04-01'),(1500,440,NULL,NULL,'Worse complications and higher payment','0000-00-00','2013-04-01'),(1501,454,NULL,NULL,'Better mortality and higher payment','0000-00-00','2013-07-01');
/*!40000 ALTER TABLE `hospital_value` ENABLE KEYS */;
UNLOCK TABLES;

--
-- Table structure for table `payment_category`
--

DROP TABLE IF EXISTS `payment_category`;
/*!40101 SET @saved_cs_client     = @@character_set_client */;
 SET character_set_client = utf8mb4 ;
CREATE TABLE `payment_category` (
  `payment_category_id` int(11) NOT NULL AUTO_INCREMENT,
  `payment_category_name` varchar(45) DEFAULT NULL,
  PRIMARY KEY (`payment_category_id`),
  UNIQUE KEY `payment_category_id` (`payment_category_id`)
) ENGINE=InnoDB AUTO_INCREMENT=8 DEFAULT CHARSET=utf8mb4 COLLATE=utf8mb4_0900_ai_ci;
/*!40101 SET character_set_client = @saved_cs_client */;

--
-- Dumping data for table `payment_category`
--

LOCK TABLES `payment_category` WRITE;
/*!40000 ALTER TABLE `payment_category` DISABLE KEYS */;
INSERT INTO `payment_category` VALUES (1,'Greater than the National Average Payment'),(2,'Less than the National Average Payment'),(3,'No Different than the National Average Paymen'),(4,'Not Available'),(5,'Number of Cases Too Small');
/*!40000 ALTER TABLE `payment_category` ENABLE KEYS */;
UNLOCK TABLES;

--
-- Table structure for table `payment_measure`
--

DROP TABLE IF EXISTS `payment_measure`;
/*!40101 SET @saved_cs_client     = @@character_set_client */;
 SET character_set_client = utf8mb4 ;
CREATE TABLE `payment_measure` (
  `payment_measure_id` int(11) NOT NULL AUTO_INCREMENT,
  `payment_measure_identifier` varchar(45) DEFAULT NULL,
  `payment_measure_name` varchar(45) DEFAULT NULL,
  PRIMARY KEY (`payment_measure_id`),
  UNIQUE KEY `payment_measure_id` (`payment_measure_id`)
) ENGINE=InnoDB AUTO_INCREMENT=8 DEFAULT CHARSET=utf8mb4 COLLATE=utf8mb4_0900_ai_ci;
/*!40101 SET character_set_client = @saved_cs_client */;

--
-- Dumping data for table `payment_measure`
--

LOCK TABLES `payment_measure` WRITE;
/*!40000 ALTER TABLE `payment_measure` DISABLE KEYS */;
INSERT INTO `payment_measure` VALUES (1,'PAYM_30_AMI','Payment for heart attack patients\r'),(2,'PAYM_30_HF','Payment for heart failure patients\r'),(3,'PAYM_90_HIP_KNEE','Payment for hip/knee replacement patients\r'),(4,'PAYM_30_PN','Payment for pneumonia patients');
/*!40000 ALTER TABLE `payment_measure` ENABLE KEYS */;
UNLOCK TABLES;

--
-- Table structure for table `social_auth_association`
--

DROP TABLE IF EXISTS `social_auth_association`;
/*!40101 SET @saved_cs_client     = @@character_set_client */;
 SET character_set_client = utf8mb4 ;
CREATE TABLE `social_auth_association` (
  `id` int(11) NOT NULL AUTO_INCREMENT,
  `server_url` varchar(255) NOT NULL,
  `handle` varchar(255) NOT NULL,
  `secret` varchar(255) NOT NULL,
  `issued` int(11) NOT NULL,
  `lifetime` int(11) NOT NULL,
  `assoc_type` varchar(64) NOT NULL,
  PRIMARY KEY (`id`),
  UNIQUE KEY `social_auth_association_server_url_handle_078befa2_uniq` (`server_url`,`handle`)
) ENGINE=InnoDB DEFAULT CHARSET=utf8mb4 COLLATE=utf8mb4_0900_ai_ci;
/*!40101 SET character_set_client = @saved_cs_client */;

--
-- Dumping data for table `social_auth_association`
--

LOCK TABLES `social_auth_association` WRITE;
/*!40000 ALTER TABLE `social_auth_association` DISABLE KEYS */;
/*!40000 ALTER TABLE `social_auth_association` ENABLE KEYS */;
UNLOCK TABLES;

--
-- Table structure for table `social_auth_code`
--

DROP TABLE IF EXISTS `social_auth_code`;
/*!40101 SET @saved_cs_client     = @@character_set_client */;
 SET character_set_client = utf8mb4 ;
CREATE TABLE `social_auth_code` (
  `id` int(11) NOT NULL AUTO_INCREMENT,
  `email` varchar(254) NOT NULL,
  `code` varchar(32) NOT NULL,
  `verified` tinyint(1) NOT NULL,
  `timestamp` datetime(6) NOT NULL,
  PRIMARY KEY (`id`),
  UNIQUE KEY `social_auth_code_email_code_801b2d02_uniq` (`email`,`code`),
  KEY `social_auth_code_code_a2393167` (`code`),
  KEY `social_auth_code_timestamp_176b341f` (`timestamp`)
) ENGINE=InnoDB DEFAULT CHARSET=utf8mb4 COLLATE=utf8mb4_0900_ai_ci;
/*!40101 SET character_set_client = @saved_cs_client */;

--
-- Dumping data for table `social_auth_code`
--

LOCK TABLES `social_auth_code` WRITE;
/*!40000 ALTER TABLE `social_auth_code` DISABLE KEYS */;
/*!40000 ALTER TABLE `social_auth_code` ENABLE KEYS */;
UNLOCK TABLES;

--
-- Table structure for table `social_auth_nonce`
--

DROP TABLE IF EXISTS `social_auth_nonce`;
/*!40101 SET @saved_cs_client     = @@character_set_client */;
 SET character_set_client = utf8mb4 ;
CREATE TABLE `social_auth_nonce` (
  `id` int(11) NOT NULL AUTO_INCREMENT,
  `server_url` varchar(255) NOT NULL,
  `timestamp` int(11) NOT NULL,
  `salt` varchar(65) NOT NULL,
  PRIMARY KEY (`id`),
  UNIQUE KEY `social_auth_nonce_server_url_timestamp_salt_f6284463_uniq` (`server_url`,`timestamp`,`salt`)
) ENGINE=InnoDB DEFAULT CHARSET=utf8mb4 COLLATE=utf8mb4_0900_ai_ci;
/*!40101 SET character_set_client = @saved_cs_client */;

--
-- Dumping data for table `social_auth_nonce`
--

LOCK TABLES `social_auth_nonce` WRITE;
/*!40000 ALTER TABLE `social_auth_nonce` DISABLE KEYS */;
/*!40000 ALTER TABLE `social_auth_nonce` ENABLE KEYS */;
UNLOCK TABLES;

--
-- Table structure for table `social_auth_partial`
--

DROP TABLE IF EXISTS `social_auth_partial`;
/*!40101 SET @saved_cs_client     = @@character_set_client */;
 SET character_set_client = utf8mb4 ;
CREATE TABLE `social_auth_partial` (
  `id` int(11) NOT NULL AUTO_INCREMENT,
  `token` varchar(32) NOT NULL,
  `next_step` smallint(5) unsigned NOT NULL,
  `backend` varchar(32) NOT NULL,
  `data` longtext NOT NULL,
  `timestamp` datetime(6) NOT NULL,
  PRIMARY KEY (`id`),
  KEY `social_auth_partial_token_3017fea3` (`token`),
  KEY `social_auth_partial_timestamp_50f2119f` (`timestamp`)
) ENGINE=InnoDB DEFAULT CHARSET=utf8mb4 COLLATE=utf8mb4_0900_ai_ci;
/*!40101 SET character_set_client = @saved_cs_client */;

--
-- Dumping data for table `social_auth_partial`
--

LOCK TABLES `social_auth_partial` WRITE;
/*!40000 ALTER TABLE `social_auth_partial` DISABLE KEYS */;
/*!40000 ALTER TABLE `social_auth_partial` ENABLE KEYS */;
UNLOCK TABLES;

--
-- Table structure for table `social_auth_usersocialauth`
--

DROP TABLE IF EXISTS `social_auth_usersocialauth`;
/*!40101 SET @saved_cs_client     = @@character_set_client */;
 SET character_set_client = utf8mb4 ;
CREATE TABLE `social_auth_usersocialauth` (
  `id` int(11) NOT NULL AUTO_INCREMENT,
  `provider` varchar(32) NOT NULL,
  `uid` varchar(255) NOT NULL,
  `extra_data` longtext NOT NULL,
  `user_id` int(11) NOT NULL,
  PRIMARY KEY (`id`),
  UNIQUE KEY `social_auth_usersocialauth_provider_uid_e6b5e668_uniq` (`provider`,`uid`),
  KEY `social_auth_usersocialauth_user_id_17d28448_fk_auth_user_id` (`user_id`),
  CONSTRAINT `social_auth_usersocialauth_user_id_17d28448_fk_auth_user_id` FOREIGN KEY (`user_id`) REFERENCES `auth_user` (`id`)
) ENGINE=InnoDB AUTO_INCREMENT=2 DEFAULT CHARSET=utf8mb4 COLLATE=utf8mb4_0900_ai_ci;
/*!40101 SET character_set_client = @saved_cs_client */;

--
-- Dumping data for table `social_auth_usersocialauth`
--

LOCK TABLES `social_auth_usersocialauth` WRITE;
/*!40000 ALTER TABLE `social_auth_usersocialauth` DISABLE KEYS */;
INSERT INTO `social_auth_usersocialauth` VALUES (1,'google-oauth2','juliacastellano75@gmail.com','{\"auth_time\": 1545172292, \"expires\": 3598, \"token_type\": \"Bearer\", \"access_token\": \"ya29.Glx2BioFqXo-AzBqXqfZ-uyoyQDmY7uuzhgAkDiNPN6g0Kin7O2pTmdvA4fFF2EE850GYzHNL16kt5kRAKA4eRzrsDoTtoM4nAc3zmxM50Q3CBoTFllX7IWYt9rHNw\"}',1);
/*!40000 ALTER TABLE `social_auth_usersocialauth` ENABLE KEYS */;
UNLOCK TABLES;

--
-- Table structure for table `socialaccount_socialaccount`
--

DROP TABLE IF EXISTS `socialaccount_socialaccount`;
/*!40101 SET @saved_cs_client     = @@character_set_client */;
 SET character_set_client = utf8mb4 ;
CREATE TABLE `socialaccount_socialaccount` (
  `id` int(11) NOT NULL AUTO_INCREMENT,
  `provider` varchar(30) NOT NULL,
  `uid` varchar(191) NOT NULL,
  `last_login` datetime(6) NOT NULL,
  `date_joined` datetime(6) NOT NULL,
  `extra_data` longtext NOT NULL,
  `user_id` int(11) NOT NULL,
  PRIMARY KEY (`id`),
  UNIQUE KEY `socialaccount_socialaccount_provider_uid_fc810c6e_uniq` (`provider`,`uid`),
  KEY `socialaccount_socialaccount_user_id_8146e70c_fk_auth_user_id` (`user_id`),
  CONSTRAINT `socialaccount_socialaccount_user_id_8146e70c_fk_auth_user_id` FOREIGN KEY (`user_id`) REFERENCES `auth_user` (`id`)
) ENGINE=InnoDB DEFAULT CHARSET=utf8mb4 COLLATE=utf8mb4_0900_ai_ci;
/*!40101 SET character_set_client = @saved_cs_client */;

--
-- Dumping data for table `socialaccount_socialaccount`
--

LOCK TABLES `socialaccount_socialaccount` WRITE;
/*!40000 ALTER TABLE `socialaccount_socialaccount` DISABLE KEYS */;
/*!40000 ALTER TABLE `socialaccount_socialaccount` ENABLE KEYS */;
UNLOCK TABLES;

--
-- Table structure for table `socialaccount_socialapp`
--

DROP TABLE IF EXISTS `socialaccount_socialapp`;
/*!40101 SET @saved_cs_client     = @@character_set_client */;
 SET character_set_client = utf8mb4 ;
CREATE TABLE `socialaccount_socialapp` (
  `id` int(11) NOT NULL AUTO_INCREMENT,
  `provider` varchar(30) NOT NULL,
  `name` varchar(40) NOT NULL,
  `client_id` varchar(191) NOT NULL,
  `secret` varchar(191) NOT NULL,
  `key` varchar(191) NOT NULL,
  PRIMARY KEY (`id`)
) ENGINE=InnoDB DEFAULT CHARSET=utf8mb4 COLLATE=utf8mb4_0900_ai_ci;
/*!40101 SET character_set_client = @saved_cs_client */;

--
-- Dumping data for table `socialaccount_socialapp`
--

LOCK TABLES `socialaccount_socialapp` WRITE;
/*!40000 ALTER TABLE `socialaccount_socialapp` DISABLE KEYS */;
/*!40000 ALTER TABLE `socialaccount_socialapp` ENABLE KEYS */;
UNLOCK TABLES;

--
-- Table structure for table `socialaccount_socialapp_sites`
--

DROP TABLE IF EXISTS `socialaccount_socialapp_sites`;
/*!40101 SET @saved_cs_client     = @@character_set_client */;
 SET character_set_client = utf8mb4 ;
CREATE TABLE `socialaccount_socialapp_sites` (
  `id` int(11) NOT NULL AUTO_INCREMENT,
  `socialapp_id` int(11) NOT NULL,
  `site_id` int(11) NOT NULL,
  PRIMARY KEY (`id`),
  UNIQUE KEY `socialaccount_socialapp_sites_socialapp_id_site_id_71a9a768_uniq` (`socialapp_id`,`site_id`),
  KEY `socialaccount_socialapp_sites_site_id_2579dee5_fk_django_site_id` (`site_id`),
  CONSTRAINT `socialaccount_social_socialapp_id_97fb6e7d_fk_socialacc` FOREIGN KEY (`socialapp_id`) REFERENCES `socialaccount_socialapp` (`id`),
  CONSTRAINT `socialaccount_socialapp_sites_site_id_2579dee5_fk_django_site_id` FOREIGN KEY (`site_id`) REFERENCES `django_site` (`id`)
) ENGINE=InnoDB DEFAULT CHARSET=utf8mb4 COLLATE=utf8mb4_0900_ai_ci;
/*!40101 SET character_set_client = @saved_cs_client */;

--
-- Dumping data for table `socialaccount_socialapp_sites`
--

LOCK TABLES `socialaccount_socialapp_sites` WRITE;
/*!40000 ALTER TABLE `socialaccount_socialapp_sites` DISABLE KEYS */;
/*!40000 ALTER TABLE `socialaccount_socialapp_sites` ENABLE KEYS */;
UNLOCK TABLES;

--
-- Table structure for table `socialaccount_socialtoken`
--

DROP TABLE IF EXISTS `socialaccount_socialtoken`;
/*!40101 SET @saved_cs_client     = @@character_set_client */;
 SET character_set_client = utf8mb4 ;
CREATE TABLE `socialaccount_socialtoken` (
  `id` int(11) NOT NULL AUTO_INCREMENT,
  `token` longtext NOT NULL,
  `token_secret` longtext NOT NULL,
  `expires_at` datetime(6) DEFAULT NULL,
  `account_id` int(11) NOT NULL,
  `app_id` int(11) NOT NULL,
  PRIMARY KEY (`id`),
  UNIQUE KEY `socialaccount_socialtoken_app_id_account_id_fca4e0ac_uniq` (`app_id`,`account_id`),
  KEY `socialaccount_social_account_id_951f210e_fk_socialacc` (`account_id`),
  CONSTRAINT `socialaccount_social_account_id_951f210e_fk_socialacc` FOREIGN KEY (`account_id`) REFERENCES `socialaccount_socialaccount` (`id`),
  CONSTRAINT `socialaccount_social_app_id_636a42d7_fk_socialacc` FOREIGN KEY (`app_id`) REFERENCES `socialaccount_socialapp` (`id`)
) ENGINE=InnoDB DEFAULT CHARSET=utf8mb4 COLLATE=utf8mb4_0900_ai_ci;
/*!40101 SET character_set_client = @saved_cs_client */;

--
-- Dumping data for table `socialaccount_socialtoken`
--

LOCK TABLES `socialaccount_socialtoken` WRITE;
/*!40000 ALTER TABLE `socialaccount_socialtoken` DISABLE KEYS */;
/*!40000 ALTER TABLE `socialaccount_socialtoken` ENABLE KEYS */;
UNLOCK TABLES;

--
-- Table structure for table `state`
--

DROP TABLE IF EXISTS `state`;
/*!40101 SET @saved_cs_client     = @@character_set_client */;
 SET character_set_client = utf8mb4 ;
CREATE TABLE `state` (
  `state_id` int(11) NOT NULL AUTO_INCREMENT,
  `state` varchar(45) DEFAULT NULL,
  PRIMARY KEY (`state_id`),
  UNIQUE KEY `state_id` (`state_id`)
) ENGINE=InnoDB AUTO_INCREMENT=64 DEFAULT CHARSET=utf8mb4 COLLATE=utf8mb4_0900_ai_ci;
/*!40101 SET character_set_client = @saved_cs_client */;

--
-- Dumping data for table `state`
--

LOCK TABLES `state` WRITE;
/*!40000 ALTER TABLE `state` DISABLE KEYS */;
INSERT INTO `state` VALUES (1,'AK'),(2,'AL'),(3,'AR'),(4,'AZ'),(5,'CA'),(6,'CO'),(7,'CT'),(8,'DE'),(9,'FL'),(10,'GA'),(11,'HI'),(12,'IA'),(13,'ID'),(14,'IL'),(15,'IN'),(16,'KS'),(17,'KY'),(18,'LA'),(19,'MA'),(20,'MD'),(21,'ME'),(22,'MI'),(23,'MN'),(24,'MO'),(25,'MS'),(26,'MT'),(27,'NC'),(28,'ND'),(29,'NE'),(30,'NH'),(31,'NJ'),(32,'NM'),(33,'NV'),(34,'NY'),(35,'OH'),(36,'OK'),(37,'OR'),(38,'PA'),(39,'PR');
/*!40000 ALTER TABLE `state` ENABLE KEYS */;
UNLOCK TABLES;

--
-- Table structure for table `value`
--

DROP TABLE IF EXISTS `value`;
/*!40101 SET @saved_cs_client     = @@character_set_client */;
 SET character_set_client = utf8mb4 ;
CREATE TABLE `value` (
  `value_id` int(11) NOT NULL AUTO_INCREMENT,
  `value_of_care_identifier` varchar(45) DEFAULT NULL,
  `value_of_care_name` varchar(45) DEFAULT NULL,
  PRIMARY KEY (`value_id`),
  UNIQUE KEY `value_id` (`value_id`)
) ENGINE=InnoDB AUTO_INCREMENT=8 DEFAULT CHARSET=utf8mb4 COLLATE=utf8mb4_0900_ai_ci;
/*!40101 SET character_set_client = @saved_cs_client */;

--
-- Dumping data for table `value`
--

LOCK TABLES `value` WRITE;
/*!40000 ALTER TABLE `value` DISABLE KEYS */;
INSERT INTO `value` VALUES (1,'COMP_PAYM_90_HIP_KNEE','Value of Care hip/knee replacement measure\r'),(2,'MORT_PAYM_30_AMI','Value of Care Heart Attack measure\r'),(3,'MORT_PAYM_30_HF','Value of Care Heart Failure measure\r'),(4,'MORT_PAYM_30_PN','Value of Care Pneumonia measure');
/*!40000 ALTER TABLE `value` ENABLE KEYS */;
UNLOCK TABLES;

--
-- Table structure for table `value_category`
--

DROP TABLE IF EXISTS `value_category`;
/*!40101 SET @saved_cs_client     = @@character_set_client */;
 SET character_set_client = utf8mb4 ;
CREATE TABLE `value_category` (
  `value_category_id` int(11) NOT NULL AUTO_INCREMENT,
  `value_category_name` varchar(45) DEFAULT NULL,
  PRIMARY KEY (`value_category_id`),
  UNIQUE KEY `value_category_id` (`value_category_id`)
) ENGINE=InnoDB AUTO_INCREMENT=32 DEFAULT CHARSET=utf8mb4 COLLATE=utf8mb4_0900_ai_ci;
/*!40101 SET character_set_client = @saved_cs_client */;

--
-- Dumping data for table `value_category`
--

LOCK TABLES `value_category` WRITE;
/*!40000 ALTER TABLE `value_category` DISABLE KEYS */;
INSERT INTO `value_category` VALUES (1,'Average complications and average payment'),(2,'Average complications and higher payment'),(3,'Average complications and lower payment'),(4,'Average mortality and average payment'),(5,'Average mortality and higher payment'),(6,'Average mortality and lower payment'),(7,'Better complications and lower payment'),(8,'Better mortality and average payment'),(9,'Better mortality and higher payment'),(10,'Better mortality and lower payment'),(11,'Not Available'),(12,'Worse complications and average payment'),(13,'Worse complications and higher payment'),(14,'Worse complications and lower payment'),(15,'Worse mortality and average payment'),(16,'Worse mortality and higher payment'),(17,'Worse mortality and lower payment');
/*!40000 ALTER TABLE `value_category` ENABLE KEYS */;
UNLOCK TABLES;

--
-- Table structure for table `zip_code`
--

DROP TABLE IF EXISTS `zip_code`;
/*!40101 SET @saved_cs_client     = @@character_set_client */;
 SET character_set_client = utf8mb4 ;
CREATE TABLE `zip_code` (
  `zip_code_id` int(11) NOT NULL AUTO_INCREMENT,
  `zip_code` varchar(45) DEFAULT NULL,
  PRIMARY KEY (`zip_code_id`),
  UNIQUE KEY `zip_code_id` (`zip_code_id`)
) ENGINE=InnoDB AUTO_INCREMENT=512 DEFAULT CHARSET=utf8mb4 COLLATE=utf8mb4_0900_ai_ci;
/*!40101 SET character_set_client = @saved_cs_client */;

--
-- Dumping data for table `zip_code`
--

LOCK TABLES `zip_code` WRITE;
/*!40000 ALTER TABLE `zip_code` DISABLE KEYS */;
INSERT INTO `zip_code` VALUES (1,'603'),(2,'613'),(3,'631'),(4,'676'),(5,'681'),(6,'682'),(7,'683'),(8,'698'),(9,'705'),(10,'714'),(11,'717'),(12,'725'),(13,'733'),(14,'737'),(15,'780'),(16,'785'),(17,'791'),(18,'792'),(19,'907'),(20,'909'),(21,'910'),(22,'915'),(23,'918'),(24,'923'),(25,'927'),(26,'935'),(27,'936'),(28,'956'),(29,'959'),(30,'960'),(31,'961'),(32,'984'),(33,'1803'),(34,'1842'),(35,'2114'),(36,'2557'),(37,'3060'),(38,'4401'),(39,'4441'),(40,'4769'),(41,'4915'),(42,'6010'),(43,'6904'),(44,'7042'),(45,'7101'),(46,'7102'),(47,'7109'),(48,'7701'),(49,'7733'),(50,'7740'),(51,'7834'),(52,'8079'),(53,'8096'),(54,'8103'),(55,'8210'),(56,'8360'),(57,'8534'),(58,'8536'),(59,'8690'),(60,'8818'),(61,'8901'),(62,'10029'),(63,'10467'),(64,'10601'),(65,'10701'),(66,'11040'),(67,'11355'),(68,'11542'),(69,'11572'),(70,'11794'),(71,'12572'),(72,'12601'),(73,'12723'),(74,'12742'),(75,'13326'),(76,'13815'),(77,'13820'),(78,'14141'),(79,'14214'),(80,'14217'),(81,'14302'),(82,'14424'),(83,'14456'),(84,'14760'),(85,'15065'),(86,'15650'),(87,'16001'),(88,'16201'),(89,'16214'),(90,'16365'),(91,'17042'),(92,'17837'),(93,'18104'),(94,'18360'),(95,'18840'),(96,'19013'),(97,'19023'),(98,'19047'),(99,'19096'),(100,'19104'),(101,'19122'),(102,'19464'),(103,'19805'),(104,'21229'),(105,'27157'),(106,'27536'),(107,'27565'),(108,'27710'),(109,'27874'),(110,'28106'),(111,'28646'),(112,'28675'),(113,'28687'),(114,'28719'),(115,'30120'),(116,'30342'),(117,'30474'),(118,'30535'),(119,'31024'),(120,'31310'),(121,'31792'),(122,'32578'),(123,'32605'),(124,'33134'),(125,'33175'),(126,'33837'),(127,'33990'),(128,'35801'),(129,'35957'),(130,'35968'),(131,'36278'),(132,'36744'),(133,'36904'),(134,'38606'),(135,'38614'),(136,'38635'),(137,'38646'),(138,'38652'),(139,'38654'),(140,'38655'),(141,'38668'),(142,'38704'),(143,'38732'),(144,'38751'),(145,'38771'),(146,'38801'),(147,'38821'),(148,'38851'),(149,'38852'),(150,'38863'),(151,'38901'),(152,'38921'),(153,'38930'),(154,'38967'),(155,'39042'),(156,'39046'),(157,'39051'),(158,'39069'),(159,'39074'),(160,'39083'),(161,'39095'),(162,'39111'),(163,'39114'),(164,'39117'),(165,'39120'),(166,'39150'),(167,'39153'),(168,'39159'),(169,'39183'),(170,'39193'),(171,'39194'),(172,'39202'),(173,'39204'),(174,'39216'),(175,'39232'),(176,'39301'),(177,'39341'),(178,'39350'),(179,'39355'),(180,'39365'),(181,'39367'),(182,'39402'),(183,'39404'),(184,'39422'),(185,'39428'),(186,'39440'),(187,'39452'),(188,'39466'),(189,'39474'),(190,'39476'),(191,'39502'),(192,'39503'),(193,'39521'),(194,'39530'),(195,'39577'),(196,'39581'),(197,'39601'),(198,'39631'),(199,'39649'),(200,'39652'),(201,'39654'),(202,'39701'),(203,'39730'),(204,'39744'),(205,'39759'),(206,'39773'),(207,'40504'),(208,'40701'),(209,'41031'),(210,'43623'),(211,'44077'),(212,'44084'),(213,'45005'),(214,'45229'),(215,'45404'),(216,'45405'),(217,'45409'),(218,'45417'),(219,'46227'),(220,'47250'),(221,'47303'),(222,'48085'),(223,'48201'),(224,'48382'),(225,'48439'),(226,'48503'),(227,'49431'),(228,'49677'),(229,'49720'),(230,'49854'),(231,'52501'),(232,'52544'),(233,'55009'),(234,'55051'),(235,'55106'),(236,'55336'),(237,'55355'),(238,'55404'),(239,'55414'),(240,'55720'),(241,'55767'),(242,'56013'),(243,'56058'),(244,'56073'),(245,'56087'),(246,'56164'),(247,'56178'),(248,'56208'),(249,'56215'),(250,'56220'),(251,'56241'),(252,'56256'),(253,'56258'),(254,'56267'),(255,'56277'),(256,'56283'),(257,'56334'),(258,'56345'),(259,'56359'),(260,'56362'),(261,'56378'),(262,'56441'),(263,'56470'),(264,'56482'),(265,'56520'),(266,'56531'),(267,'56542'),(268,'56557'),(269,'56573'),(270,'56633'),(271,'56636'),(272,'56671'),(273,'56701'),(274,'56751'),(275,'58220'),(276,'58267'),(277,'58316'),(278,'58324'),(279,'58421'),(280,'58538'),(281,'58746'),(282,'59022'),(283,'59036'),(284,'59349'),(285,'59442'),(286,'59601'),(287,'60007'),(288,'60115'),(289,'60406'),(290,'60426'),(291,'60435'),(292,'60608'),(293,'60611'),(294,'60649'),(295,'61036'),(296,'62002'),(297,'62088'),(298,'62286'),(299,'62301'),(300,'62471'),(301,'62946'),(302,'62982'),(303,'63090'),(304,'63110'),(305,'63131'),(306,'63141'),(307,'63501'),(308,'63555'),(309,'63556'),(310,'63663'),(311,'63703'),(312,'63775'),(313,'63901'),(314,'64012'),(315,'64024'),(316,'64085'),(317,'64468'),(318,'64683'),(319,'64735'),(320,'64759'),(321,'65041'),(322,'65212'),(323,'65340'),(324,'65401'),(325,'65548'),(326,'65560'),(327,'65708'),(328,'66002'),(329,'66534'),(330,'66749'),(331,'66757'),(332,'66861'),(333,'67029'),(334,'67361'),(335,'67839'),(336,'67870'),(337,'67878'),(338,'67950'),(339,'68047'),(340,'68122'),(341,'68198'),(342,'68310'),(343,'68333'),(344,'68352'),(345,'68355'),(346,'68361'),(347,'68410'),(348,'68420'),(349,'68446'),(350,'68467'),(351,'68620'),(352,'68640'),(353,'68651'),(354,'68729'),(355,'68746'),(356,'68756'),(357,'68765'),(358,'68769'),(359,'68825'),(360,'68848'),(361,'68850'),(362,'68873'),(363,'68920'),(364,'68970'),(365,'68978'),(366,'69001'),(367,'69021'),(368,'69033'),(369,'69130'),(370,'69201'),(371,'69301'),(372,'70810'),(373,'71055'),(374,'71220'),(375,'71334'),(376,'71342'),(377,'71653'),(378,'71701'),(379,'71832'),(380,'72032'),(381,'72042'),(382,'72110'),(383,'72205'),(384,'72956'),(385,'73018'),(386,'73052'),(387,'73114'),(388,'73554'),(389,'73573'),(390,'73663'),(391,'73750'),(392,'74030'),(393,'74076'),(394,'74437'),(395,'74501'),(396,'74745'),(397,'80863'),(398,'81641'),(399,'83340'),(400,'83686'),(401,'85147'),(402,'85542'),(403,'85634'),(404,'86042'),(405,'86045'),(406,'86503'),(407,'86504'),(408,'86505'),(409,'87049'),(410,'87114'),(411,'87313'),(412,'87327'),(413,'87420'),(414,'87740'),(415,'87801'),(416,'88011'),(417,'88031'),(418,'88340'),(419,'88401'),(420,'88435'),(421,'89011'),(422,'89052'),(423,'89106'),(424,'89119'),(425,'89144'),(426,'89410'),(427,'89419'),(428,'89447'),(429,'90027'),(430,'90033'),(431,'90242'),(432,'92220'),(433,'92585'),(434,'92663'),(435,'92691'),(436,'93940'),(437,'94545'),(438,'94546'),(439,'95422'),(440,'95431'),(441,'95490'),(442,'95501'),(443,'95661'),(444,'96001'),(445,'96743'),(446,'97801'),(447,'99559'),(448,'99574'),(449,'99576'),(450,'99686'),(451,'99752'),(452,'99762'),(453,'99833');
/*!40000 ALTER TABLE `zip_code` ENABLE KEYS */;
UNLOCK TABLES;
/*!40103 SET TIME_ZONE=@OLD_TIME_ZONE */;

/*!40101 SET SQL_MODE=@OLD_SQL_MODE */;
/*!40014 SET FOREIGN_KEY_CHECKS=@OLD_FOREIGN_KEY_CHECKS */;
/*!40014 SET UNIQUE_CHECKS=@OLD_UNIQUE_CHECKS */;
/*!40101 SET CHARACTER_SET_CLIENT=@OLD_CHARACTER_SET_CLIENT */;
/*!40101 SET CHARACTER_SET_RESULTS=@OLD_CHARACTER_SET_RESULTS */;
/*!40101 SET COLLATION_CONNECTION=@OLD_COLLATION_CONNECTION */;
/*!40111 SET SQL_NOTES=@OLD_SQL_NOTES */;

-- Dump completed on 2018-12-18 16:40:06
